{"type": "Topology", "objects": {"data": {"geometries": [{"properties": {"name": "Qassim", "fdi_stock": 3.7, "fdi_label": "3.7B SAR"}, "type": "Polygon", "arcs": [[-527, -521, -1, -261]], "id": "feature_00"}, {"properties": {"name": "Riyadh", "fdi_stock": 238.9, "fdi_label": "238.9B SAR"}, "type": "Polygon", "arcs": [[-262, 0, -520, -636, -631, -626, -276]], "id": "feature_01"}, {"properties": {"name": "Tabuk", "fdi_stock": 14.7, "fdi_label": "14.7B SAR"}, "type": "MultiPolygon", "arcs": [[[1]], [[-523, -529, -264, 2]], [[3]], [[4]], [[5]], [[6]], [[7]], [[8]], [[9]], [[10]], [[11]], [[12]], [[13]], [[14]], [[15]], [[16]], [[17]], [[18]], [[19]], [[20]], [[21]], [[22]], [[23]], [[24]], [[25]], [[26]], [[27]], [[28]], [[29]], [[30]], [[31]], [[32]], [[33]], [[34]], [[35]], [[36]], [[37]], [[38]], [[39]], [[40]], [[41]], [[42]], [[43]], [[44]], [[45]], [[46]], [[47]], [[48]], [[49]], [[50]], [[51]], [[52]], [[53]], [[54]], [[55]], [[56]], [[57]], [[58]], [[59]], [[60]], [[61]], [[62]], [[63]], [[64]], [[65]], [[66]], [[67]], [[68]], [[69]], [[70]], [[71]], [[72]], [[73]], [[74]], [[75]], [[76]], [[77]], [[78]], [[79]], [[80]], [[81]], [[82]], [[83]], [[84]], [[85]], [[86]], [[87]], [[88]], [[89]], [[90]], [[91]], [[92]], [[93]], [[94]], [[95]], [[96]], [[97]], [[98]], [[99]], [[100]], [[101]], [[102]], [[103]], [[104]], [[105]], [[106]], [[107]], [[108]], [[109]], [[110]], [[111]], [[112]], [[113]], [[114]], [[115]], [[116]], [[117]], [[118]], [[119]], [[120]], [[121]], [[122]], [[123]], [[124]], [[125]], [[126]], [[127]], [[128]], [[129]], [[130]], [[131]], [[132]], [[133]], [[134]], [[135]], [[136]], [[137]], [[138]], [[139]], [[140]], [[141]], [[142]], [[143]], [[144]], [[145]], [[146]], [[147]], [[148]], [[149]], [[150]], [[151]], [[152]], [[153]], [[154]], [[155]], [[156]], [[157]], [[158]], [[159]], [[160]], [[161]], [[162]], [[163]], [[164]], [[165]], [[166]], [[167]], [[168]], [[169]], [[170]], [[171]], [[172]], [[173]], [[174]], [[175]], [[176]], [[177]], [[178]], [[179]], [[180]], [[181]], [[182]], [[183]], [[184]], [[185]], [[186]], [[187]], [[188]], [[189]], [[190]], [[191]], [[192]], [[193]], [[194]], [[195]], [[196]], [[197]], [[198]], [[199]], [[200]], [[201]], [[202]], [[203]], [[204]], [[205]], [[206]], [[207]], [[208]], [[209]], [[210]], [[211]], [[212]], [[213]], [[214]], [[215]], [[216]], [[217]], [[218]], [[219]], [[220]], [[221]], [[222]], [[223]], [[224]], [[225]], [[226]], [[227]], [[228]], [[229]], [[230]], [[231]], [[232]], [[233]], [[234]], [[235]], [[236]], [[237]], [[238]], [[239]], [[240]], [[241]], [[242]], [[243]], [[244]], [[245]], [[246]], [[247]], [[248]], [[249]], [[250]], [[251]], [[252]], [[253]], [[254]], [[255]], [[256]], [[257]], [[258]], [[259]]], "id": "feature_02"}, {"properties": {"name": "Madinah", "fdi_stock": 31.3, "fdi_label": "31.3B SAR"}, "type": "MultiPolygon", "arcs": [[[-528, 260, 261, -275, 262, 263]], [[264]], [[265]], [[266]], [[267]], [[268]], [[269]], [[270]], [[271]], [[272]]], "id": "feature_03"}, {"properties": {"name": "Makkah", "fdi_stock": 111.8, "fdi_label": "111.8B SAR"}, "type": "MultiPolygon", "arcs": [[[273]], [[274, 275, -625, -530, -629, -537, 276, -419, 277, -309, 278, -359, 279]], [[280]], [[281]], [[282]], [[283]], [[284]], [[285]], [[286]], [[287]], [[288]], [[289]], [[290]], [[291]], [[292]], [[293]], [[294]], [[295]], [[296]], [[297]], [[298]], [[299]], [[300]], [[301]], [[302]], [[303]], [[304]], [[305]], [[306]], [[307]], [[308, 309]], [[310]], [[311]], [[312]], [[313]], [[314]], [[315]], [[316]], [[317]], [[318]], [[319]], [[320]], [[321]], [[322]], [[323]], [[324]], [[325]], [[326]], [[327]], [[328]], [[329]], [[330]], [[331]], [[332]], [[333]], [[334]], [[335]], [[336]], [[337]], [[338]], [[339]], [[340]], [[341]], [[342]], [[343]], [[344]], [[345]], [[346]], [[347]], [[348]], [[349]], [[350]], [[351]], [[352]], [[353]], [[354]], [[355]], [[356]], [[357]], [[358, 359]], [[360]], [[361]], [[362]], [[363]], [[364]], [[365]], [[366]], [[367]], [[368]], [[369]], [[370]], [[371]], [[372]], [[373]], [[374]], [[375]], [[376]], [[377]], [[378]], [[379]], [[380]], [[381]], [[382]], [[383]], [[384]], [[385]], [[386]], [[387]], [[388]], [[389]], [[390]], [[391]], [[392]], [[393]], [[394]], [[395]], [[396]], [[397]], [[398]], [[399]], [[400]], [[401]], [[402]], [[403]], [[404]], [[405]], [[406]], [[407]], [[408]], [[409]], [[410]], [[411]], [[412]], [[413]], [[414]], [[415]], [[416]], [[417]], [[418, 419]], [[420]], [[421]], [[422]], [[423]], [[424]], [[425]], [[426]], [[427]], [[428]], [[429]], [[430]], [[431]], [[432]], [[433]], [[434]], [[435]], [[436]], [[437]], [[438]], [[439]], [[440]], [[441]], [[442]], [[443]], [[444]], [[445]], [[446]], [[447]], [[448]], [[449]], [[450]], [[451]], [[452]], [[453]], [[454]], [[455]], [[456]], [[457]], [[458]], [[459]], [[460]], [[461]], [[462]], [[463]], [[464]], [[465]], [[466]], [[467]], [[468]], [[469]], [[470]], [[471]], [[472]], [[473]], [[474]], [[475]], [[476]], [[477]], [[478]], [[479]], [[480]], [[481]], [[482]], [[483]], [[484]], [[485]], [[486]], [[487]], [[488]], [[489]], [[490]], [[491]], [[492]], [[493]], [[494]], [[495]], [[496]], [[497]], [[498]], [[499]], [[500]], [[501]], [[502]], [[503]], [[504]], [[505]], [[506]], [[507]], [[508]], [[509]], [[510]], [[511]], [[512]], [[513]], [[514]], [[515]], [[516]], [[517]]], "id": "feature_04"}, {"properties": {"name": "Northern Region", "fdi_stock": 0, "fdi_label": "No data"}, "type": "Polygon", "arcs": [[518, -633, 519, 520, -526, -522]], "id": "feature_05"}, {"properties": {"name": "Jawf", "fdi_stock": 1.1, "fdi_label": "1.1B SAR"}, "type": "Polygon", "arcs": [[521, -525, 522, 523]], "id": "feature_06"}, {"properties": {"name": "Hail", "fdi_stock": 1.4, "fdi_label": "1.4B SAR"}, "type": "Polygon", "arcs": [[524, 525, 526, 527, 528]], "id": "feature_07"}, {"properties": {"name": "Bahah", "fdi_stock": 0.6, "fdi_label": "0.6B SAR"}, "type": "Polygon", "arcs": [[-624, 529]], "id": "feature_08"}, {"properties": {"name": "Jizan", "fdi_stock": 48.9, "fdi_label": "48.9B SAR"}, "type": "MultiPolygon", "arcs": [[[530]], [[531]], [[532]], [[533]], [[534]], [[535]], [[536, -628, 537]], [[538]], [[539]], [[540]], [[541]], [[542]], [[543]], [[544]], [[545]], [[546]], [[547]], [[548]], [[549]], [[550]], [[551]], [[552]], [[553]], [[554]], [[555]], [[556]], [[557]], [[558]], [[559]], [[560]], [[561]], [[562]], [[563]], [[564]], [[565]], [[566]], [[567]], [[568]], [[569]], [[570]], [[571]], [[572]], [[573]], [[574]], [[575]], [[576]], [[577]], [[578]], [[579]], [[580]], [[581]], [[582]], [[583]], [[584]], [[585]], [[586]], [[587]], [[588]], [[589]], [[590]], [[591]], [[592]], [[593]], [[594]], [[595]], [[596]], [[597]], [[598]], [[599]], [[600]], [[601]], [[602]], [[603]], [[604]], [[605]], [[606]], [[607]], [[608]], [[609]], [[610]], [[611]], [[612]], [[613]], [[614]], [[615]], [[616]], [[617]], [[618]], [[619]], [[620]], [[621]], [[622]]], "id": "feature_09"}, {"properties": {"name": "Asir", "fdi_stock": 4.9, "fdi_label": "4.9B SAR"}, "type": "Polygon", "arcs": [[623, 624, 625, -630, 626, 627, 628]], "id": "feature_10"}, {"properties": {"name": "Najran", "fdi_stock": 0.6, "fdi_label": "0.6B SAR"}, "type": "Polygon", "arcs": [[629, 630, -635, 631]], "id": "feature_11"}, {"properties": {"name": "Eastern Region", "fdi_stock": 300.6, "fdi_label": "300.6B SAR"}, "type": "MultiPolygon", "arcs": [[[632, 633, 634, 635]], [[636]], [[637]], [[638]], [[639]], [[640]], [[641]], [[642]], [[643]], [[644]], [[645]], [[646]], [[647]], [[648]], [[649]], [[650]], [[651]], [[652]], [[653]], [[654]], [[655]], [[656]], [[657]], [[658]], [[659]], [[660]], [[661]], [[662]], [[663]], [[664]], [[665]], [[666]], [[667]], [[668]], [[669]], [[670]], [[671]], [[672]], [[673]], [[674]], [[675]], [[676]], [[677]], [[678]], [[679]], [[680]], [[681]], [[682]], [[683]], [[684]], [[685]], [[686]], [[687]], [[688]], [[689]], [[690]]], "id": "feature_12"}], "type": "GeometryCollection"}}, "bbox": [34.4944055, 16.3795278, 55.6666851, 32.1543377], "transform": {"scale": [0.00021172491324913253, 0.00015774967649676493], "translate": [34.4944055, 16.3795278]}, "arcs": [[[36062, 52792], [151, 34], [206, -5], [227, -50], [241, 30], [457, -6], [151, -50], [64, -161], [44, -138], [27, -82], [19, -50], [48, -129], [30, -119], [38, -144], [32, -115], [40, -112], [93, -229], [37, -91], [70, -138], [75, -107], [188, 3], [89, -3], [83, -4], [349, -12], [88, -2], [91, 2], [163, 7], [80, 46], [57, 43], [44, 70], [-8, 82], [1, 106], [7, 76], [60, 74], [100, 72], [61, 26], [149, 59], [154, -12], [143, -8], [147, -34], [149, -76], [92, -66], [91, 1], [68, 68], [67, 70], [120, 116], [59, 203], [54, 124], [132, 348], [71, 133], [69, 138], [30, 154], [-5, 75], [-62, 71], [-157, -38], [-126, -40], [-77, -33], [-68, 8], [-50, 79], [3, 89], [64, 60], [73, 22], [105, 33], [63, 50], [-3, 41], [-70, 49], [-46, 44], [-78, 108], [-9, 89], [41, 46], [129, 47], [82, 16], [96, 64], [41, 53], [47, 59], [43, 100], [9, 21], [4, 92], [-33, 43], [-32, 42], [-58, 10], [-60, 11], [-86, -26], [-119, -113], [-85, -112], [-75, 16], [-22, 111], [11, 160], [114, 284], [82, 156], [28, 7], [102, 24], [149, 0], [197, -36], [99, 22], [58, 84], [115, 115], [158, 156], [120, 118], [59, 68], [76, 140], [75, 137], [53, 101], [-1, 48], [112, 137], [70, 107], [127, 52], [112, 9], [114, -63], [42, -71], [12, -11], [78, -74], [5, -5], [90, -73], [142, -18], [118, 17], [113, 20], [157, 82], [126, 96], [70, 129], [14, 146], [-14, 124], [-30, 144], [1, 100], [45, 65], [99, 55], [116, 19], [73, 18], [43, 11], [145, 36], [166, 19], [222, 11], [176, -10], [78, 3], [202, 371], [73, 110], [67, 105], [8, 18], [47, 101], [87, 51], [58, 18], [152, 43], [270, 40], [109, 39], [75, 27], [150, 37], [248, 107], [50, 25], [39, 19], [168, 78], [105, 50], [109, 63], [84, 158], [63, 101], [53, 126], [80, 51], [94, -4], [59, -27], [95, -46], [95, -49], [106, -83], [42, -29], [40, -28], [152, -100], [78, -50], [182, -123], [179, -111], [107, -15], [88, 186], [63, 151], [46, 164], [44, 224], [48, 164], [53, 167], [23, 177], [-77, 89], [-45, 52], [-34, 30], [-24, 21], [-23, 21], [-111, 99], [-106, 59], [-109, 77], [-112, 76], [-21, 25], [-49, 60], [-76, 144], [-58, 138], [-40, 116], [-52, 106], [-61, 173], [-59, 166], [-48, 164], [-15, 142], [-50, 149], [-56, 130], [-65, 125], [-69, 172], [-21, 116], [-14, 143], [-3, 37], [-5, 60], [-8, 113], [-5, 56], [-7, 66], [-8, 90], [-58, 334], [-40, 129], [-35, 136], [-54, 245], [-16, 146], [-67, 331], [-25, 133], [-23, 184], [-37, 342], [-31, 266], [-11, 86], [-3, 29], [-40, 194], [-31, 221], [-4, 266], [4, 219], [-16, 199], [29, 409], [55, 439], [15, 241], [7, 273], [20, 162], [60, 129], [163, 120], [88, 31], [93, 32], [152, 38], [136, 0], [180, 86], [184, 5], [216, 80], [111, 2], [98, -62], [39, -23], [131, -109], [34, -27], [178, -136], [188, -117], [81, -146], [31, -37], [45, -53], [63, -13], [19, 38], [13, 25], [-7, 38], [-13, 67], [-100, 469], [0, 57], [-1, 115], [5, 173], [18, 354], [47, 523], [-52, 311], [-25, 160], [-149, 298], [-42, 131], [-14, 27], [-16, 32], [-14, 29], [-14, 27], [-34, 108], [-80, 148], [-116, 184], [-99, 190], [-43, 118], [-52, 76], [-19, 27], [-8, 13], [-26, 28], [-4, 3]], [[0, 73669], [0, 1], [2, 0], [1, 1], [1, -1], [2, 0], [3, -1], [4, -1], [5, -2], [4, -1], [4, 0], [3, -1], [8, 0], [2, 1], [2, 0], [2, 1], [1, 0], [2, 2], [0, 6], [-2, 2], [0, 8], [1, 1], [1, 2], [1, 1], [1, 2], [0, 1], [2, 2], [0, 4], [1, 1], [-1, 1], [0, 5], [1, 0], [0, 5], [1, 1], [1, 0], [0, 2], [-1, 0], [0, 1], [1, 0], [0, 4], [1, 1], [1, 0], [2, 2], [0, 1], [1, 1], [0, 1], [1, 0], [0, 1], [1, 0], [0, 1], [2, 0], [1, 1], [1, 0], [0, 1], [1, 0], [0, 1], [1, 0], [0, 1], [7, 0], [3, 1], [7, 0], [2, 1], [2, 0], [0, 1], [2, 2], [0, 2], [1, 0], [0, 1], [2, 0], [0, 1], [3, 0], [0, 1], [1, 0], [0, 1], [2, 0], [2, 2], [1, 2], [0, 2], [1, 1], [0, 2], [-1, 0], [0, 1], [-2, 0], [0, 2], [1, 0], [0, 1], [1, 1], [12, 0], [3, -1], [3, 0], [1, -1], [2, 0], [1, -1], [12, 0], [2, -1], [2, 0], [1, -1], [1, 0], [4, -2], [6, 0], [2, -1], [5, 0], [5, -1], [6, 0], [2, 1], [1, 0], [2, -1], [6, 0], [2, -1], [2, 1], [2, 0], [2, -1], [5, 0], [3, -1], [4, -1], [2, 0], [5, -1], [2, 0], [1, 1], [1, 0], [0, 1], [1, 0], [1, -1], [0, -2], [2, 0], [0, -2], [1, -1], [0, -2], [1, -1], [1, 0], [1, -1], [3, 0], [2, -1], [4, 0], [1, -1], [0, -1], [1, 0], [1, -1], [0, 0], [0, -1], [1, -1], [0, -1], [1, 0], [0, -1], [1, 0], [0, -1], [-1, 0], [0, 0], [-2, 0], [0, -3], [-1, -1], [-1, 0], [0, -4], [1, -1], [0, -2], [1, 0], [0, -2], [1, 0], [0, -7], [1, 0], [2, -1], [1, -1], [1, 0], [0, -1], [-1, -1], [0, -1], [2, -2], [0, -1], [2, -2], [1, 0], [1, -1], [2, 0], [1, -1], [3, 0], [0, -1], [2, 0], [0, -1], [1, 0], [0, -1], [1, 0], [0, -1], [1, 0], [0, -1], [1, 0], [0, -1], [0, 0], [0, -1], [1, 0], [1, -1], [1, 0], [1, -1], [2, 0], [0, -1], [1, 0], [0, -1], [1, 0], [1, -1], [1, 0], [2, -2], [1, 0], [0, -1], [1, 0], [0, -1], [1, 0], [0, -1], [1, -1], [0, -4], [1, -1], [1, 0], [0, -9], [1, 0], [0, -2], [1, 0], [0, -2], [-1, -1], [0, -1], [-1, 0], [0, -1], [1, -1], [0, -1], [-1, -1], [0, -6], [-1, 0], [0, -4], [-1, 0], [0, -1], [-1, -1], [0, -2], [-1, 0], [-1, -1], [0, -6], [1, 0], [0, -1], [1, -1], [0, -2], [1, -1], [0, -3], [-3, 0], [-1, -1], [-1, 0], [-1, -1], [-1, 0], [-3, -3], [0, -1], [-1, -1], [0, -1], [-1, 0], [0, -1], [-3, -3], [-1, 0], [0, -1], [-2, -2], [-1, 0], [0, 1], [-1, 1], [-1, 2], [-4, 4], [-2, 1], [-1, 1], [-1, 0], [-2, 2], [-1, 0], [-1, 1], [-2, 1], [-3, 1], [-4, 2], [-2, 0], [-1, 1], [-2, 0], [-1, 1], [-2, 0], [-1, 1], [-2, 0], [-1, 1], [-5, 0], [-1, -1], [-1, 0], [-2, -2], [-2, -1], [-1, 0], [0, -1], [-2, -1], [-1, 0], [0, -1], [-1, 0], [-1, -1], [-2, 0], [-5, -5], [0, -1], [-1, 0], [-1, -1], [-1, 0], [-3, -3], [-1, 0], [0, -1], [-2, 0], [0, -1], [-1, -1], [-1, 0], [-1, -1], [0, -1], [-3, 0], [-1, 1], [-5, 0], [-2, -1], [-4, 0], [0, -1], [-3, 0], [0, -1], [-2, 0], [-2, -2], [0, -1], [-2, -2], [0, -1], [-1, 0], [-1, -1], [0, -2], [-1, 0], [0, -2], [-1, -1], [-4, 0], [0, -1], [-2, -1], [-2, 0], [-2, -2], [-1, 0], [-1, -1], [-2, -1], [-1, -1], [-2, 0], [0, -1], [-2, 0], [0, -1], [-1, -1], [-1, 0], [0, -1], [-1, 0], [0, -1], [-3, 0], [-1, -1], [-2, 0], [0, -1], [-2, 0], [0, -1], [-2, -2], [-1, 0], [-1, -1], [-1, 0], [-2, -2], [-1, 0], [-1, -1], [0, -1], [-1, 0], [-1, -1], [0, -2], [-1, -1], [-1, 0], [-1, -1], [-1, 0], [0, 1], [-2, 0], [-1, -1], [-5, 0], [0, -1], [-1, 0], [-1, -1], [-1, 0], [0, -1], [-1, -1], [0, 2], [-1, 1], [0, 1], [-1, 1], [0, 1], [-1, 1], [-1, 2], [-4, 4], [-1, 0], [-2, 2], [-1, 0], [0, 1], [-2, 0], [0, 1], [-1, 0], [-1, -1], [0, 1], [-2, 0], [0, 6], [-1, 2], [0, 2], [-1, 1], [-1, 2], [-1, 1], [-2, 3], [-3, 2], [-3, 3], [-2, 1], [-2, 2], [-2, 0], [-1, 1], [-1, 0], [0, -1], [-1, 0], [-1, -1], [-2, 0], [-1, 1], [-1, 0], [0, 3], [-1, 3], [0, 7], [-2, 2], [-2, 1], [-6, 0], [-1, -1], [-1, 0], [0, -2], [-3, -3], [0, -2], [1, -1], [0, -4], [-1, -1], [0, -1], [1, 0], [-1, -1], [0, -4], [1, 0], [0, -4], [-1, -1], [0, -2], [-1, 0], [0, -1], [-1, 0], [0, -7], [1, 0], [0, -5], [-1, 0], [0, -1], [1, 0], [0, -3], [-1, 0], [0, -2], [1, 0], [0, -6], [-1, -1], [0, -1], [1, -1], [0, -1], [-1, 0], [0, -3], [1, -1], [1, 0], [0, -3], [2, -1], [1, -1], [1, 0], [0, -1], [2, 0], [0, -1], [-1, 0], [0, -4], [1, -1], [0, -1], [1, -1], [1, 0], [0, -1], [1, -1], [0, -1], [4, 0], [0, -1], [1, 0], [0, -1], [3, 0], [1, -1], [1, 0], [2, -1], [2, 0], [1, -2], [1, 0], [1, -1], [0, -1], [2, -2], [1, 0], [0, -1], [1, 0], [0, -1], [1, -2], [0, -1], [1, 0], [0, -1], [1, 0], [0, -1], [1, 0], [0, -1], [1, -1], [0, -1], [2, 0], [2, -2], [0, -1], [2, -2], [1, 0], [2, -2], [1, 0], [1, -1], [0, -1], [2, 0], [2, -2], [0, -1], [1, -2], [0, -2], [1, -2], [0, -2], [4, -4], [0, -2], [1, -1], [0, -2], [1, -1], [0, -1], [1, -2], [1, -1], [0, -1], [1, 0], [1, -2], [1, -3], [1, -1], [0, -1], [1, 0], [0, -2], [1, 0], [1, -1], [0, -1], [2, -1], [4, -4], [0, -1], [3, -3], [0, -1], [1, 0], [2, -1], [3, -1], [5, -2], [7, -3], [6, -2], [4, -1], [8, -4], [5, -2], [3, -1], [4, -1], [5, -2], [6, -3], [6, -2], [8, -2], [6, -2], [5, -1], [7, -1], [4, -1], [3, 0], [9, -1], [16, 0], [5, -1], [5, 0], [3, -1], [2, -1], [2, 0], [4, -1], [6, 0], [2, 2], [2, 0], [0, 2], [1, 1], [3, 0], [0, 2], [1, 1], [2, 0], [0, 1], [3, 0], [1, 1], [9, 0], [1, 1], [1, 0], [1, 1], [0, 1], [4, 0], [3, 1], [1, 1], [1, 0], [1, 1], [1, 0], [1, 1], [1, 0], [0, 1], [1, 0], [0, 1], [1, 0], [0, 4], [1, 1], [0, 1], [1, 1], [2, 0], [2, 1], [1, 0], [0, 1], [1, 0], [0, 11], [8, 0], [1, 1], [0, 1], [4, 0], [2, -1], [3, 0], [0, -1], [4, 0], [0, 1], [1, 0], [0, 1], [6, 0], [0, 2], [2, 0], [0, 1], [2, 0], [0, 1], [1, 0], [0, -2], [1, 0], [1, 1], [0, 2], [1, -1], [1, 0], [0, 1], [2, 0], [0, 2], [1, -1], [0, 1], [1, 0], [1, 1], [4, 0], [0, -1], [1, 0], [2, -2], [1, 0], [0, 0], [1, 0], [0, 1], [1, 0], [0, 0], [1, 0], [0, -1], [1, -1], [1, 0], [0, -1], [1, 0], [0, 1], [1, -1], [0, -2], [1, 0], [0, -1], [1, -1], [-1, 0], [0, -1], [1, -1], [0, -2], [1, 0], [2, -1], [2, 0], [2, -1], [3, -1], [2, 0], [5, -2], [3, 0], [2, -1], [3, 0], [6, -1], [3, -1], [2, 0], [3, -1], [1, 0], [2, -1], [2, 0], [4, -1], [9, 0], [1, 1], [0, 1], [1, 0], [0, 4], [1, 0], [0, 1], [1, 0], [0, 2], [1, 1], [1, 0], [0, 1], [1, 0], [0, -1], [1, -1], [1, 0], [0, -1], [3, 0], [0, -1], [3, 0], [0, 2], [1, 0], [0, 1], [1, 0], [1, 1], [0, 1], [1, 0], [0, 1], [1, 1], [0, -1], [-1, -1], [0, -1], [1, 0], [0, 1], [1, 0], [0, -3], [-1, -1], [1, 0], [0, -2], [1, -1], [0, -1], [1, -1], [0, -1], [3, 0], [0, -1], [-1, 0], [0, -1], [-1, 1], [0, -1], [-1, 0], [0, -1], [-1, 0], [0, -1], [-1, 0], [0, 1], [-1, -1], [0, -4], [1, -1], [1, 0], [0, -1], [-1, -1], [0, -1], [1, -1], [0, 1], [1, 0], [0, -1], [-1, 0], [0, -1], [1, 0], [-1, -1], [2, 0], [0, -1], [-1, -1], [0, -4], [-3, 0], [0, 1], [-1, 0], [0, 1], [-4, 4], [-2, 0], [-1, -1], [-2, -1], [-1, -1], [0, -1], [-1, -2], [0, -7], [-1, 0], [0, -7], [1, 0], [0, -10], [-1, -1], [0, -3], [-1, 0], [0, -1], [-1, 0], [0, 1], [-3, 0], [0, -1], [-1, 0], [-1, -1], [-1, 0], [0, -1], [-1, -1], [0, -6], [-1, -1], [0, -3], [1, -1], [0, -2], [1, -1], [1, -2], [3, -2], [1, -1], [1, 0], [0, -1], [1, 0], [0, -1], [1, 0], [1, -1], [0, -1], [1, -3], [1, -1], [0, -1], [-2, 0], [-1, -1], [0, -7], [1, -2], [-1, 0], [0, -1], [-1, 1], [0, -1], [-1, -1], [0, -3], [4, -4], [3, -2], [7, -7], [0, -5], [1, -1], [0, -3], [-1, -1], [0, -4], [1, -2], [1, -1], [1, -2], [3, -3], [3, -2], [6, -3], [3, -2], [2, -2], [4, -1], [3, -2], [2, -1], [2, 0], [3, -1], [1, -1], [10, -5], [3, -2], [3, -1], [1, -1], [3, -2], [3, -1], [2, -1], [2, 0], [1, -1], [2, -1], [4, 0], [0, -1], [1, 0], [0, -2], [1, 0], [0, -3], [1, 0], [1, -1], [-1, -1], [2, -2], [-1, 0], [0, -1], [1, -1], [0, -1], [1, -1], [1, 0], [0, -1], [1, -1], [1, 0], [0, -2], [3, 0], [0, -1], [2, 0], [2, -2], [1, 0], [2, -2], [0, -1], [1, 0], [0, -1], [2, -1], [1, -1], [0, -1], [1, 0], [1, -1], [1, 0], [0, -1], [1, 0], [0, -1], [3, 0], [2, -4], [3, -3], [2, 0], [2, -1], [6, -1], [5, 0], [1, -1], [1, 0], [2, -1], [1, 0], [1, -1], [0, -2], [2, -2], [6, -3], [4, 0], [0, -1], [1, 0], [0, -1], [1, -1], [2, 0], [0, -1], [1, 0], [-1, -1], [0, -2], [1, -1], [4, -2], [3, -3], [-1, 0], [0, -2], [-1, 0], [0, -2], [1, 0], [1, -2], [0, -1], [1, -1], [0, -2], [2, -2], [3, -5], [2, -3], [2, -2], [1, -4], [0, -9], [-1, -2], [0, -2], [1, -1], [0, -3], [1, -1], [0, -2], [-1, -3], [0, -1], [-3, -6], [0, -1], [1, -2], [0, -3], [-2, -2], [-1, 0], [-1, -1], [0, -1], [-1, -1], [0, -1], [-2, -2], [-2, -3], [-1, -2], [0, -2], [-1, -1], [0, 1], [-3, 0], [-1, -1], [-2, 0], [-1, -1], [-5, 0], [-3, -3], [-1, 0], [-1, -1], [-8, 0], [-3, -1], [-9, 0], [-1, 1], [-1, -1], [-2, 0], [-2, -1], [-5, 0], [-2, 1], [-2, 0], [-2, 1], [-2, -1], [-4, 0], [-2, -1], [-4, -1], [-3, -2], [-2, 0], [-3, -1], [-2, -1], [-1, 0], [-1, -1], [-3, -1], [-1, -1], [-3, -1], [-2, -2], [-3, -9], [-1, -2], [-2, -2], [-6, -3], [-4, 0], [-3, -1], [-2, 0], [-3, -1], [-2, -1], [-4, 0], [-2, -2], [0, -2], [-1, 0], [-2, -1], [-5, 0], [-2, -1], [-1, 1], [-2, 1], [-1, 1], [-1, 2], [-4, 3], [-2, 1], [-3, 1], [-3, 2], [-2, 0], [-2, 2], [-1, 0], [-1, 2], [-2, 1], [-1, 2], [-1, 0], [-3, 3], [-5, 0], [-2, -1], [0, -1], [-2, 0], [0, -1], [-1, 0], [0, -1], [-1, -1], [-2, 0], [-1, -1], [-1, 0], [0, -1], [-1, 0], [-1, -1], [-3, 0], [0, -1], [-1, 0], [0, -1], [-3, 0], [0, 1], [-4, 0], [-2, 1], [-7, 0], [0, -1], [-1, 0], [-1, -1], [-1, 0], [0, -1], [-3, 0], [-2, -2], [0, -1], [-1, -1], [-7, 0], [0, -1], [-3, 0], [-2, -2], [-1, 0], [0, 1], [-1, 0], [0, -1], [-1, 0], [-1, -1], [-3, 0], [-1, -1], [-4, 0], [-1, -1], [-1, 0], [0, -1], [-7, 0], [-2, -2], [-2, 0], [-2, -1], [-4, 0], [-1, 1], [-4, 0], [-1, 1], [-3, 0], [-1, -1], [-6, 0], [-2, -1], [-4, 0], [-1, 1], [0, -1], [-2, 0], [0, -1], [-2, 0], [-1, -1], [0, 1], [-1, -1], [-4, 0], [0, 1], [-3, 0], [-2, 2], [-4, 0], [0, -1], [-4, 0], [-1, -1], [-4, 0], [-1, -1], [-1, 1], [-1, 0], [0, -1], [-1, 0], [0, -1], [-8, 0], [-1, 1], [-1, 0], [-2, 1], [-1, 1], [0, 1], [-2, 0], [-2, 2], [-1, 2], [-2, 2], [-1, 2], [-5, 5], [-1, 2], [-2, 2], [-1, 2], [-2, 2], [-1, 0], [-1, 2], [-1, 1], [-4, 3], [-2, 1], [-2, 3], [-3, 4], [-4, 3], [-1, 2], [-4, 3], [-1, 2], [-9, 9], [-3, 2], [-1, 1], [-2, 0], [-1, 2], [-2, 0], [-1, 1], [-1, 0], [-1, 1], [-2, 0], [-1, 1], [-1, 0], [-1, 1], [0, 1], [-2, 2], [-1, 2], [0, 1], [-1, 1], [-2, 1], [-10, 4], [-3, 2], [-8, 6], [-1, 0], [-4, 4], [-1, 3], [0, 1], [-1, 1], [0, 4], [-2, 4], [-1, 3], [0, 1], [-1, 0], [0, 3], [-1, 0], [0, 1], [-1, 1], [0, 3], [-1, 2], [-1, 4], [-1, 3], [0, 6], [-1, 1], [0, 7], [-1, 3], [-1, 1], [0, 2], [-1, 2], [-1, 0], [0, 3], [-1, 2], [-1, 1], [-1, 2], [-1, 0], [0, 2], [-1, 1], [0, 1], [-1, 1], [0, 2], [-1, 1], [0, 2], [-1, 0], [-2, 2], [-2, 1], [-1, 1], [-2, 1], [-2, 0], [-1, 1], [-5, 0], [-1, -1], [-1, 0], [0, -1], [-1, -1], [0, -1], [-3, 0], [-1, -1], [-2, 0], [0, -1], [-1, 0], [0, -1], [-9, 0], [0, 1], [-2, 0], [-1, 1], [-2, 0], [-3, 1], [-3, 0], [-1, 1], [-5, 0], [-2, -1], [-1, 0], [-1, 1], [-2, 0], [-1, 1], [-2, 4], [-1, 0], [-1, 1], [0, 1], [-1, 0], [-2, 1], [-1, 0], [-2, 1], [-2, 0], [-1, 1], [-3, 1], [-2, 1], [-2, 0], [-1, 1], [-1, 0], [-2, 2], [-2, 1], [-2, 2], [-1, 2], [-1, 1], [-1, 0], [-1, 2], [-3, 3], [-1, 2], [-4, 2], [-2, 2], [-3, 2], [-1, 0], [-3, 3], [-1, 2], [0, 1], [-2, 1], [-1, 1], [-2, 1], [-1, 2], [-1, 1], [-1, 2], [0, 3], [3, 9], [0, 7], [-1, 2], [0, 2], [-1, 2], [0, 3], [1, 3], [2, 3], [1, 2], [0, 2], [1, 0], [0, 3], [1, 1], [0, 3], [1, 2], [1, 1], [2, 4], [2, 3], [0, 3], [2, 6], [0, 2], [-1, 2], [0, 4], [1, 3], [0, 5], [-1, 1], [-1, 2], [-1, 1], [-2, 1], [-2, 2], [0, 12], [-1, 3], [-1, 4], [-1, 2], [0, 1], [-1, 1], [-1, 2], [0, 3], [-1, 2], [0, 3], [-3, 3], [-1, 2], [-1, 1], [-1, 2], [-1, 0], [-1, 1], [-1, 2], [-1, 0], [0, 1], [-1, 4], [0, 4], [-1, 0], [0, 2], [1, 1], [0, 6], [1, 7], [-1, 3], [1, 4], [0, 5], [-1, 3], [0, 7], [-1, 4], [0, 1], [1, 3], [-1, 2], [0, 13], [-1, 1], [0, 9], [-1, 0], [0, 3], [-1, 0], [0, 1], [-1, 0], [0, 2], [1, 0], [0, 8], [-1, 0], [0, 3], [-1, 0], [0, 3], [-2, 2], [0, 6], [-1, 1], [0, 18], [-1, 5], [0, 7], [-1, 2], [0, 3], [1, 1], [0, 2], [1, 1], [0, 1], [1, 2], [0, 6], [-1, 0], [1, 1], [-1, 0], [0, 8], [-1, 1], [0, 4], [-1, 0], [0, 2], [-1, 1], [0, 1], [-1, 0], [0, 1], [0, 0], [0, 1], [-1, 1], [1, 0], [-1, 1], [0, 1], [-1, 1], [0, 3], [-2, 0], [0, 2], [-1, -1], [0, 2], [1, 0], [0, 1], [1, 0], [0, 6], [-1, 0], [0, 1], [-1, 1], [0, 2], [-1, 1], [0, 1], [-1, 0], [0, 1], [-1, 0], [0, 2], [0, 0], [0, 1], [-1, 0], [0, 0], [-1, 0], [0, 1], [1, 0], [0, 1], [-2, 0], [0, 1], [-2, 0], [0, 3], [-1, 1], [1, 0], [0, 1], [1, 1], [1, 0], [0, 5], [-1, 1], [0, 1], [-1, 0], [0, -1], [-2, 0]], [[13656, 51698], [-2, 0], [-7, 7], [-1, 5], [-3, 5], [-1, 9], [0, 9], [-2, 3], [3, 0], [-4, 5], [0, 8], [-1, 1], [-4, 0], [-5, 2], [-1, 6], [-6, 2], [0, 8], [-6, 1], [-8, 6], [-3, 3], [-4, 2], [-4, 3], [-3, -1], [1, 7], [-2, 6], [1, 5], [-4, 2], [-1, 3], [-4, 8], [0, 2], [-4, 1], [-1, 10], [-3, 3], [-3, 30], [-4, 5], [-1, 3], [-4, 5], [-2, 6], [0, 25], [1, 1], [-4, 0], [-1, 10], [-1, 5], [0, 18], [-2, 5], [-1, 1], [-3, 15], [-3, 6], [-6, 3], [-2, 3], [-4, 2], [-1, 7], [-2, 3], [-5, 2], [-1, 3], [-6, 6], [-2, 5], [-1, 4], [-4, 1], [-1, 3], [-1, 2], [0, 3], [-4, 5], [-3, 18], [-1, 3], [-2, 8], [0, 7], [-7, 27], [-3, 1], [-5, 6], [0, 3], [-2, 3], [-2, 0], [-1, 10], [-2, 3], [0, 7], [-2, 13], [0, 8], [-3, 21], [-4, 5], [-2, 5], [-4, 1], [-4, 5], [-3, 0], [-1, 4], [-2, 3], [-6, 1], [-1, 4], [-2, 0], [-5, -1], [-3, 10], [-4, 2], [-1, 6], [-3, 8], [0, 9], [-3, 8], [-2, 5], [0, 1], [2, 5], [2, 21], [5, 3], [3, 0], [5, 5], [3, 1], [0, 3], [5, 0], [0, 2], [-5, 0], [0, 3], [3, 0], [-1, 10], [1, 1], [0, 20], [-3, 3], [-2, 5], [-2, 0], [0, 3], [-6, 3], [-4, 4], [0, 3], [-3, 0], [-2, 13], [-15, 5], [0, -4], [-11, -2], [1, -17], [3, -5], [1, -5], [1, -15], [3, -1], [5, -6], [3, -1], [0, -1], [-7, -1], [-1, -8], [-25, -8], [1, -5], [2, -3], [-4, -2], [-2, -10], [-13, 2], [-7, 4], [-8, -1], [-10, 3], [-4, 3], [-2, 10], [3, 0], [3, 19], [-2, 28], [-6, 19], [-1, 2], [-3, 1], [-2, 2], [0, 4], [-3, 0], [-4, 9], [-2, 10], [0, 3], [-3, 5], [-7, 20], [-1, 8], [-2, 5], [-3, 0], [1, 1], [-3, 18], [0, 5], [-4, 8], [-2, 0], [-1, 3], [-1, 2], [0, 3], [-4, 5], [-5, 2], [-3, 9], [-5, 2], [-1, 5], [-3, 5], [-5, 17], [-1, 2], [-2, 5], [-4, 6], [0, 4], [-1, 1], [-2, 0], [0, 5], [-3, 0], [-3, 13], [-5, 0], [-1, 3], [-7, 8], [0, 8], [-2, 4], [-4, 0], [-1, 5], [-5, 1], [-2, 7], [3, 0], [-2, 13], [-6, -1], [-1, 1], [3, 9], [0, 7], [-2, 6], [-8, 1], [-2, -1], [0, -3], [-4, -2], [0, -3], [-2, -3], [-6, -2], [1, -7], [-2, 0], [-1, 7], [-12, 1], [0, 4], [-4, 0], [-8, 8], [-6, 5], [-13, 6], [0, 3], [-7, 1], [-2, 3], [-6, 1], [0, 5], [-5, 2], [-3, 2], [1, 4], [-2, 0], [-6, 6], [0, 5], [-4, 6], [-2, 7], [-3, 1], [-3, 3], [-6, -1], [0, 5], [-3, 0], [-1, 5], [-6, -1], [-2, 2], [-1, 3], [-5, 3], [-1, 1], [-6, 3], [0, 3], [-2, 0], [0, 3], [-6, 2], [-1, 6], [-5, 0], [0, 4], [-6, 0], [-1, 2], [-8, 3], [-1, 2], [-7, 3], [-4, 3], [-4, 5], [-5, 3], [-15, 5], [-2, 1], [-6, 2], [-16, 0], [-12, 1], [-1, -2], [-3, 0], [-1, 1], [1, 5], [-4, 2], [0, 4], [-3, 0], [-1, 4], [-4, 4], [0, 5], [-3, 1], [-1, 2], [-4, 1], [-8, 0], [-6, 2], [-1, 1], [-3, 1], [0, 3], [-20, 2], [-8, 0], [0, 3], [-13, 5], [0, 3], [-3, 1], [-5, 5], [0, 3], [-3, 1], [-5, 5], [-2, 1], [1, 16], [-1, 5], [16, 3], [1, 1], [0, 3], [7, 2], [1, 8], [2, 3], [3, 7], [0, 32], [-2, 5], [-1, 11], [3, 1], [1, 9], [-2, 5], [-1, 2], [-1, 3], [-3, 0], [0, 3], [-5, -1], [-3, 1], [-3, 10], [-1, 1], [-2, 9], [-2, 3], [-3, 5], [-2, 6], [-4, 0], [0, 3], [-2, 5], [0, 5], [-2, 3], [-1, 20], [-4, 18], [-1, 16], [-2, 5], [0, 5], [-3, 11], [-1, 2], [-1, 3], [-3, 0], [-1, 5], [-2, 3], [-2, 5], [-4, 6], [0, 5], [-1, 2], [-4, 16], [-3, 5], [0, 3], [-3, 4], [-2, 8], [-5, 1], [-1, 3], [-3, 5], [-2, 4], [-6, 14], [-1, 25], [3, 1], [1, 7], [12, -1], [5, -2], [-1, -3], [11, -1], [1, -2], [12, -3], [6, -3], [8, -10], [4, 0], [0, -5], [10, -5], [1, -3], [2, -2], [2, -8], [2, 2], [0, -8], [3, 0], [0, -4], [9, 1], [6, 5], [4, 2], [3, 4], [1, 3], [2, 1], [2, 3], [1, 5], [3, 3], [0, 18], [2, 15], [2, 1], [-1, 7], [-9, 1], [0, 5], [-3, 1], [-1, 1], [-8, 4], [-1, 4], [-2, 3], [-10, 1], [1, 7], [-1, 2], [-1, 3], [-7, 0], [0, 3], [-17, -1], [-1, 1], [2, 4], [4, 2], [0, -3], [2, 0], [0, 8], [8, 1], [1, 2], [11, 7], [2, 7], [3, 0], [-2, 10], [3, 0], [0, 8], [2, 0], [2, 8], [0, 16], [2, 2], [0, 10], [3, 0], [-1, 10], [3, 7], [3, 1], [3, 24], [-1, 2], [-4, 0], [2, 5], [-3, 0], [0, 3], [-3, 1], [-1, 2], [-7, -1], [-1, 2], [-15, 1], [-10, 1], [1, 3], [-3, -1], [-2, -2], [-1, 3], [-8, 4], [-2, 3], [-6, 1], [0, 3], [-2, 0], [0, 4], [-3, -2], [-3, 10], [-5, 0], [0, 13], [-1, 8], [-1, 1], [-1, 5], [-4, 2], [0, 3], [-11, -1], [-13, -3], [-1, -1], [0, -3], [-10, -1], [-1, -2], [-8, -2], [-20, 0], [-8, -4], [-2, -3], [-10, 2], [-2, 3], [-8, 0], [-4, -4], [-4, -1], [-3, -4], [-5, -2], [-1, -7], [-2, -3], [-12, 1], [-6, -5], [-6, -3], [0, -3], [-4, 0], [0, 3], [-6, 1], [-2, 1], [1, 3], [-3, 5], [-1, 5], [-2, 0], [3, 13], [-2, 11], [-3, 1], [-2, 2], [0, 5], [-5, 15], [-6, 0], [-3, -2], [-1, -5], [-1, -2], [-1, -3], [-2, -1], [-4, -4], [0, -2], [1, 0], [-2, -6], [1, -11], [5, 1], [0, -5], [-2, 0], [1, -2], [3, 1], [0, -4], [2, -1], [1, -3], [1, -4], [4, -4], [1, 0], [2, 3], [1, 2], [8, 0], [0, -4], [3, 0], [-1, -1], [0, -5], [1, -3], [0, -12], [-1, -3], [-5, -12], [-5, -9], [-16, 5], [-2, 2], [-1, 4], [-2, 3], [-3, 0], [-1, 6], [-3, 0], [-4, 38], [-2, 11], [-2, 2], [-2, 10], [-2, 1], [-4, 8], [-3, 8], [-4, 5], [0, 5], [-2, 5], [0, 5], [-3, 3], [-2, 6], [-1, 2], [-1, 3], [-4, 0], [-1, 5], [-4, 1], [-8, 5], [-1, 4], [-4, 6], [-3, 0], [-1, 5], [-1, 2], [-2, 8], [-3, 0], [-1, 3], [-5, 6], [-4, 12], [-4, 1], [0, 8], [-2, 4], [0, 3], [-4, 5], [-1, 13], [3, 1], [4, 6], [5, 2], [2, 2], [4, 14], [1, 1], [2, 20], [2, 8], [6, 6], [7, 3], [6, 8], [1, 3], [1, 10], [3, 2], [24, 1], [3, 1], [21, 2], [18, -3], [30, -11], [4, -3], [3, -3], [10, -3], [1, -2], [6, -4], [1, -3], [4, -1], [2, -4], [6, -4], [16, -2], [0, -3], [78, -3], [2, 2], [4, 1], [0, -4], [6, 1], [4, -4], [-1, -6], [-3, 0], [1, -2], [0, -10], [-3, 3], [-17, 0], [-1, -3], [-2, -3], [-5, -3], [-3, -3], [-7, 0], [-1, -1], [0, -4], [-4, 0], [-1, -2], [-6, 0], [-5, -5], [-2, 0], [-3, -3], [-1, -6], [-3, -1], [-3, -3], [-1, -4], [-3, -1], [-1, -1], [0, -3], [-8, 2], [-1, 2], [-7, 3], [-20, -4], [-8, -3], [-2, -3], [0, -8], [3, -8], [1, -2], [3, -8], [3, -3], [3, -6], [12, -4], [1, -1], [1, -3], [2, -1], [2, -3], [3, -9], [0, -4], [4, -4], [2, -7], [10, -1], [9, 4], [4, 5], [12, 2], [2, 1], [9, 11], [4, 7], [0, 3], [-1, 4], [-6, 6], [1, 2], [2, 2], [3, -2], [4, 0], [4, 1], [11, 2], [6, 3], [6, 1], [6, -1], [3, -2], [4, -2], [1, -1], [14, -1], [0, -3], [1, -1], [3, -1], [1, -4], [-4, -3], [0, 4], [-7, 2], [0, -5], [-1, 0], [0, -2], [1, 0], [2, -10], [7, 2], [2, 8], [4, 3], [2, 2], [0, 5], [-3, 5], [0, 3], [-3, 0], [0, -3], [-1, 0], [0, 5], [-6, 2], [1, 3], [1, 4], [2, 7], [0, 8], [-1, 2], [1, 2], [0, 9], [2, 1], [4, 7], [3, 1], [2, 6], [1, 1], [2, 1], [2, 6], [2, 3], [4, 2], [2, 4], [1, 13], [2, 0], [1, 8], [4, 11], [4, 7], [3, 3], [3, 7], [6, 4], [5, 6], [2, 6], [2, 0], [1, 9], [3, 4], [6, 5], [5, 5], [5, 2], [0, 4], [5, 2], [3, 3], [4, 2], [3, 4], [2, 4], [4, 2], [7, 5], [2, 3], [4, 3], [0, 3], [3, 0], [0, 3], [3, 0], [0, 4], [2, 2], [7, 4], [1, 1], [3, 0], [4, 5], [4, 1], [0, 3], [2, 3], [4, 3], [4, 2], [2, 2], [1, 4], [3, 0], [1, 18], [2, 0], [4, 8], [0, 8], [6, 2], [0, 3], [2, 2], [4, 2], [1, 2], [6, 1], [0, 3], [2, 1], [3, 3], [4, 1], [1, 3], [4, 6], [3, 1], [1, 6], [3, 0], [1, 9], [3, 0], [0, 13], [-2, 5], [-2, -1], [-2, 1], [3, 9], [0, 12], [-1, 3], [-5, 6], [-3, 5], [-1, 4], [-7, 1], [-1, 5], [-7, 2], [-3, 17], [0, 9], [-2, 1], [0, 3], [-3, 0], [-1, 4], [-5, 6], [-1, 5], [-4, 5], [-5, 8], [-5, 21], [-4, 8], [-3, 3], [-5, 15], [-6, 1], [-1, 4], [-3, 3], [-1, 24], [1, 2], [2, 24], [-2, 10], [-1, 10], [3, 0], [0, 5], [1, 2], [2, 6], [4, 0], [2, 8], [2, 0], [1, 5], [3, 5], [1, 8], [1, 2], [1, 12], [-1, 3], [1, 6], [2, 25], [3, 0], [0, 3], [2, 2], [0, 3], [3, 1], [3, 9], [1, 2], [1, 6], [3, 0], [0, 8], [2, 2], [1, 16], [-1, 20], [2, 0], [4, 10], [1, 1], [1, 4], [5, 2], [5, 1], [1, 3], [3, 4], [0, 3], [3, 0], [0, 3], [2, 0], [1, 4], [5, 4], [2, 0], [3, 3], [9, 4], [1, 4], [1, 0], [4, 1], [2, 10], [3, 1], [3, 4], [1, 3], [2, 0], [2, 7], [2, 2], [2, 5], [1, 4], [3, 0], [1, 9], [2, 0], [2, 6], [2, 2], [0, 3], [3, 1], [4, 7], [3, 0], [1, 9], [3, 0], [3, 8], [2, 3], [1, 5], [3, 1], [0, 1], [2, 8], [3, 0], [2, 7], [3, 1], [2, 8], [1, 2], [3, 8], [1, 2], [2, 8], [1, 2], [2, 18], [-2, 49], [-1, 5], [0, 4], [-1, 4], [0, 6], [-3, 13], [0, 7], [-2, 5], [0, 4], [2, 4], [4, 5], [0, 8], [3, 0], [3, 10], [2, 21], [2, 3], [1, 20], [-3, 11], [-3, 7], [-1, 3], [-4, 8], [-2, -2], [-2, 2], [-1, 3], [-3, 0], [-3, 2], [-1, 4], [0, 9], [-3, 3], [-6, 10], [-3, 0], [-2, 4], [-7, 0], [-4, 4], [-7, 1], [1, 2], [0, 3], [-2, 2], [-2, 4], [-4, -3], [0, 4], [1, 1], [-1, 2], [-1, 3], [-1, 2], [-2, 5], [-3, 4], [-2, 2], [-4, 8], [-1, 4], [-2, 1], [-1, -2], [-1, 1], [2, 2], [-1, 1], [-2, 6], [3, 3], [1, 3], [2, 2], [0, 10], [-1, 2], [-2, 0], [-2, 13], [-5, -1], [-2, 16], [-2, 8], [-3, 3], [-4, 11], [2, 3], [1, -1], [2, 2], [0, 3], [-1, 2], [0, 1], [-4, 0], [0, -2], [-1, 0], [0, 2], [-3, 1], [-2, -1], [-1, 2], [-1, 1], [-2, 1], [-3, 3], [-2, 4], [-3, 11], [-1, 5], [-1, 4], [-6, 4], [-3, 3], [-5, 7], [-3, 7], [-5, 7], [0, 2], [-6, 9], [-3, 6], [-1, 4], [-3, 5], [-3, 10], [-2, 9], [-1, 2], [-1, 4], [-2, -1], [0, 2], [1, 16], [0, 2], [-2, 0], [0, 2], [-1, 1], [0, 2], [-1, 1], [1, 0], [0, 2], [1, 1], [-2, 6], [-1, 11], [-1, 7], [-1, 4], [-8, 25], [-1, 3], [-1, 2], [-1, 4], [-1, 6], [-2, 4], [0, 1], [-1, 6], [-1, 3], [-1, 1], [-1, 0], [0, 1], [-1, 2], [0, 2], [-1, 1], [-1, 7], [0, 5], [-2, 4], [-1, 3], [-3, 3], [-3, 9], [-1, 5], [0, 14], [2, 28], [-4, 2], [-1, 2], [0, 1], [1, 2], [0, 1], [3, 3], [2, 3], [1, 0], [2, 3], [1, 1], [2, 3], [2, 2], [2, 4], [4, 5], [1, 2], [3, 3], [4, 5], [14, 14], [3, 4], [2, 3], [2, 2], [6, 4], [4, 3], [4, 4], [4, 5], [3, 4], [2, 2], [1, 3], [8, 12], [-3, 4], [3, 1], [2, -4], [4, 8], [-2, 1], [-2, 2], [2, 0], [2, 4], [-1, -5], [1, 0], [3, 3], [2, 3], [-1, 2], [2, 9], [1, 1], [1, 2], [2, 8], [1, 2], [3, 8], [1, 10], [1, 2], [2, 8], [5, 40], [-2, 12], [-4, 19], [-3, 14], [0, 5], [-1, 13], [-2, 0], [0, 6], [-6, 2], [0, 5], [3, 0], [0, 13], [-3, 0], [0, 1], [3, 0], [0, 4], [-3, -1], [-2, 17], [-1, 1], [-2, 12], [-1, 1], [-4, 15], [-5, 8], [0, 8], [5, 6], [8, 0], [1, 2], [6, 2], [0, 7], [-1, 3], [-2, 15], [0, 1], [-3, 0], [-1, 20], [-2, 3], [-3, 0], [0, 3], [-3, 4], [0, 6], [-2, 7], [-3, 0], [-2, 22], [-1, 4], [-2, 32], [-8, 24], [-2, 7], [-2, 6], [-3, 5], [-2, 4], [-3, 0], [-1, 2], [-3, 4], [-2, 3], [-1, 4], [-2, 3], [-1, 1], [-6, 21], [1, 18], [-1, 4], [-1, 16], [-2, 2], [-1, 6], [-4, 5], [-4, 6], [-2, 7], [-3, 0], [0, 3], [-3, 0], [0, 8], [-2, 1], [-3, 2], [-1, 5], [-3, 5], [-2, 3], [-1, 5], [-4, -1], [-5, 5], [-10, 0], [-1, -1], [-1, -5], [-2, 0], [0, 3], [-2, 2], [-1, 8], [-2, 2], [-1, 8], [2, 39], [2, 3], [1, 9], [-2, 4], [-6, 8], [-1, 5], [-3, 0], [0, 4], [-2, 0], [-10, 8], [-3, 1], [0, 3], [-2, 0], [-5, 13], [-2, 3], [-10, 3], [-5, 5], [3, 25], [-3, 11], [-11, 1], [-4, -2], [-4, 0], [-5, -2], [0, -4], [-3, 0], [-1, -2], [-7, 0], [-7, -2], [-4, 2], [-6, 8], [-3, 1], [-12, -1], [0, -3], [-1, 0], [1, 8], [-5, 1], [-3, -1], [-4, 10], [-4, 6], [-3, 0], [0, 3], [-3, 1], [-4, 5], [-4, 0], [-4, 2], [-4, 12], [-3, 0], [1, 4], [-4, 13], [-2, 2], [-2, 10], [-2, 1], [-2, 7], [-2, 1], [-8, 7], [-4, 19], [-1, 2], [-3, 10], [0, 8], [-4, 10], [-5, 2], [-5, 6], [-3, 8], [-1, 1], [-1, 4], [-2, 0], [0, 4], [-3, 1], [-1, 2], [-3, 1], [-2, 6], [-2, 3], [-3, 0], [-1, 5], [-3, 1], [-5, 6], [-3, 1], [0, 3], [-3, 0], [0, 5], [-4, 1], [-4, 3], [-8, 3], [-1, 2], [-18, 0], [-1, -1], [0, -3], [-1, 0], [-2, 4], [-13, 1], [-7, 7], [0, 3], [-2, 1], [-5, 5], [-2, 3], [-4, 3], [-3, 1], [-5, 13], [-4, 21], [0, 4], [-1, 3], [-4, 18], [-3, 0], [-2, 9], [-7, 12], [-2, 3], [-2, 5], [-3, 1], [-4, 4], [-1, 3], [-1, 1], [-4, 10], [-4, 2], [-1, 5], [-3, 0], [0, 3], [-4, 6], [-7, 2], [0, 3], [-2, 1], [-3, 2], [1, 4], [-3, 4], [-1, 8], [-3, 5], [0, 4], [-2, 0], [-2, 8], [0, 3], [-4, 6], [-8, 4], [-3, 3], [-2, 10], [-7, 1], [1, 2], [-1, 5], [-3, 0], [-3, 8], [-2, 0], [-3, 4], [-3, 0], [-3, 10], [-1, 2], [0, 3], [-4, 5], [-1, 3], [-3, 0], [-1, 6], [-3, 1], [-4, 3], [-4, 1], [-1, 3], [-2, 5], [-1, 5], [-1, 8], [-3, 5], [-3, 0], [-3, 8], [-2, 1], [-5, 3], [-4, 5], [-2, 1], [0, 3], [-3, 0], [-1, 7], [-1, 1], [-1, 8], [-3, 3], [-4, 2], [0, 5], [-2, 1], [-6, 4], [1, 1], [-1, 7], [-4, -2], [1, 12], [-6, 11], [0, 3], [-6, 2], [1, 3], [-1, 2], [-17, 3], [-2, 2], [-2, 1], [0, 3], [-3, 1], [-3, 2], [-1, 7], [-14, 5], [-4, 4], [0, 3], [-2, 0], [-1, 5], [-3, 5], [-1, 8], [-2, 2], [0, 6], [-8, 1], [0, -6], [-2, 0], [0, 7], [1, 0], [1, 8], [-4, -1], [-2, -2], [-2, 0], [-1, 4], [-2, 2], [-4, 8], [-2, 8], [-4, 5], [-3, 8], [-2, 1], [-3, 2], [-1, 7], [-1, 1], [-4, 12], [0, 11], [-4, 7], [0, 6], [-2, 2], [-1, 16], [-2, 5], [-1, 2], [-1, 3], [3, 0], [1, 6], [3, 0], [0, 9], [3, 5], [1, 3], [2, 0], [-2, 8], [-6, -2], [0, 5], [3, 0], [0, 5], [-1, 2], [-2, 6], [-4, -1], [-1, 3], [-3, 5], [3, 0], [-2, 5], [-1, 4], [2, 0], [0, 4], [3, 0], [0, -7], [7, -1], [-1, 1], [-1, 15], [-3, 3], [-1, 3], [-2, 1], [-6, 4], [0, 3], [-3, 0], [-1, 1], [-3, 1], [0, 3], [-4, 0], [0, 3], [-8, 3], [-9, 6], [-3, 3], [-5, 3], [-1, 5], [-4, 4], [-1, 4], [-2, 0], [-1, 3], [-4, 5], [-2, 5], [-3, 0], [-3, 3], [0, 3], [-5, 2], [-3, 3], [0, 5], [-6, 6], [-1, 7], [-2, 0], [-3, 3], [0, 3], [-3, 0], [1, 2], [-1, 3], [-2, 0], [-1, 8], [-2, 3], [0, 26], [-1, 3], [3, 43], [3, 6], [4, 7], [0, 23], [-2, 3], [0, 3], [1, 2], [0, 5], [-1, 2], [1, 9], [1, 1], [3, 1], [0, 10], [3, 8], [-2, 16], [-1, 2], [-2, 0], [-2, 6], [-2, 0], [0, 5], [-4, 0], [-3, 12], [-5, 9], [-3, 3], [-5, 13], [-2, 0], [0, 2], [2, 0], [0, 5], [-2, 0], [0, 5], [2, 0], [0, 10], [-2, 0], [0, 3], [2, 0], [0, 3], [-4, 2], [-1, 5], [-2, 6], [-3, 20], [-4, 0], [0, 3], [-2, 1], [-2, 7], [-4, 0], [0, -7], [4, -6], [-1, -3], [-5, 1], [0, 3], [-8, -1], [-7, -2], [-1, 5], [-5, 6], [-2, 5], [-2, 3], [2, 20], [2, 1], [1, 5], [0, 10], [-2, 7], [-2, 0], [-1, -15], [-1, 0], [-1, 24], [1, 2], [3, 15], [-1, 14], [0, 2], [-3, 0], [0, -5], [-3, 2], [0, 6], [2, 3], [2, 1], [1, 3], [1, 1], [2, 7], [1, 2], [1, 3], [2, 0], [2, 7], [1, 3], [2, 16], [-2, 3], [2, 0], [1, 13], [-2, 9], [-10, 4], [1, 4], [-4, 6], [-2, 0], [1, 7], [3, 0], [2, 3], [-2, 10], [3, 8], [1, 2], [1, 3], [4, 0], [-1, 1], [0, 5], [-1, 2], [-1, 16], [2, 2], [0, 8], [3, 0], [-2, 21], [-4, 1], [-5, 4], [-1, 3], [-2, 4], [-2, 6], [-3, 3], [-3, 13], [7, 2], [-3, 5], [-3, 0], [0, 3], [-3, 0], [0, 3], [-2, 1], [-3, 3], [-7, 5], [-4, 2], [-1, 1], [-10, 4], [0, 3], [-2, 0], [0, 5], [-3, 0], [-2, 16], [-2, 0], [-2, 5], [-2, 1], [-2, 2], [-5, 0], [0, 4], [-9, 0], [-7, -2], [-3, 4], [-4, 1], [-4, 0], [-3, -1], [-8, -3], [-1, 5], [-3, 1], [-2, 2], [0, 3], [-10, 0], [1, 2], [0, 11], [-1, 2], [-1, -1], [-3, 0], [-3, 2], [-4, 15], [0, 1], [1, 2], [0, 15], [-2, 1], [0, 5], [-12, 1], [-3, 2], [0, 4], [-4, 0], [-4, 5], [-3, 0], [-1, -2], [-4, 0], [0, -4], [-4, -1], [-8, 1], [0, 24], [-1, 2], [-1, 3], [-1, 0], [0, -3], [-4, 2], [-2, 24], [-3, 0], [-1, 13], [-3, 1], [-3, 2], [1, 3], [-6, 9], [-3, -1], [-1, 7], [-3, 1], [-4, 5], [-5, -1], [-6, 5], [-4, 3], [0, 3], [-6, -1], [-3, 3], [-6, 1], [0, 3], [-4, 2], [-2, 6], [-1, 2], [-5, 18], [-15, 0], [-12, 4], [0, 3], [-2, 0], [-1, 4], [-2, -1], [0, 4], [-6, 0], [-1, 2], [-7, 2], [-1, -1], [0, 3], [-8, 1], [0, 4], [-7, -2], [-1, 3], [-3, 5], [-3, 0], [0, 3], [-5, 2], [-1, 8], [-6, 1], [-1, 1], [-3, 1], [0, 3], [-17, 1], [-3, 1], [-5, 6], [-1, 5], [-2, 3], [0, 15], [-1, 1], [0, 13], [3, 0], [2, 2], [7, 21], [-2, 0], [-2, 7], [-3, 0], [-2, 13], [-5, 6], [-1, 10], [3, 1], [2, 6], [0, 1], [6, 1], [2, 4], [-1, 9], [-2, 4], [0, 8], [4, 10], [6, 0], [0, 4], [2, 0], [0, 6], [-3, 0], [0, 5], [-6, 7], [0, 3], [-6, 1], [-1, 1], [-7, 2], [-1, 1], [-7, -1], [2, 7], [3, 4], [7, 2], [3, 6], [0, 3], [-2, 3], [-3, 1], [-4, 4], [6, 7], [6, 6], [0, 10], [-7, 0], [-2, 6], [0, 2], [1, 1], [5, 1], [2, 2], [2, 1], [1, 3], [1, 2], [2, 11], [-4, 5], [-4, 0], [0, 3], [-3, 1], [-2, 3], [-3, 1], [2, 5], [3, 2], [4, 5], [1, 6], [1, 2], [2, 6], [-3, 0], [2, 4], [1, 3], [-3, 1], [-2, 2], [0, 2], [-1, 5], [-2, 0], [-4, 4], [-2, 7], [-8, 0], [-2, -1], [-2, 0], [-4, 5], [-4, 2], [-1, 6], [-3, 5], [4, 1], [1, -1], [0, 4], [3, 0], [0, 5], [3, 0], [-1, 6], [-4, 5], [-2, 18], [-4, -4], [-3, -1], [1, -5], [-8, -1], [-5, -3], [-5, -7], [-8, -2], [-2, -1], [-8, -5], [0, 4], [4, 0], [0, 10], [6, -2], [-1, 7], [-8, -1], [0, -3], [-1, 1], [-15, -4], [-2, -2], [-1, -3], [-1, -2], [-3, -8], [0, -5], [2, -2], [0, -3], [8, -1], [4, 4], [1, 4], [2, 1], [-1, -4], [-1, -2], [-1, -3], [-2, 0], [-2, -9], [0, -5], [1, -6], [0, -2], [-2, 0], [-2, 10], [-11, 1], [0, 4], [-3, 6], [-5, 1], [-6, 5], [-5, 5], [-2, 26], [-1, 2], [-3, 0], [-2, 6], [0, 9], [-1, 3], [0, 3], [3, 12], [2, 0], [1, 1], [1, 5], [2, 0], [1, 5], [-1, 2], [0, 3], [2, 2], [4, 1], [-1, 4], [-2, -1], [-7, 4], [-1, 3], [-1, 2], [-1, 9], [-2, 0], [0, 5], [-1, 3], [0, 5], [2, 5], [2, 4], [7, 1], [0, -3], [-5, -2], [0, -3], [1, -1], [3, -1], [1, -9], [3, 1], [0, -5], [3, 1], [1, -10], [3, 2], [4, 1], [-2, -3], [0, -2], [1, -1], [0, -7], [4, -6], [4, -3], [5, 0], [0, 1], [-3, 0], [-1, 15], [-6, 1], [-4, 26], [-4, 2], [-1, 6], [-3, 0], [-1, 4], [-1, 1], [-1, 5], [-3, 3], [-2, 0], [-1, 12], [-1, 1], [-2, 0], [-5, 12], [-9, 3], [-3, 3], [0, 3], [-2, 0], [0, 5], [-7, 3], [-1, 3], [-2, 4], [-4, -1], [0, 4], [-4, 0], [-4, 4], [0, 4], [-6, 0], [-1, 1], [2, 13], [0, 23], [-2, 2], [-2, 6], [-2, -1], [-2, 1], [-1, 13], [-2, 5], [-1, 10], [3, 0], [0, 16], [1, 1], [2, 1], [0, 6], [3, 1], [1, 2], [6, 2], [-1, 7], [3, -2], [1, 7], [-1, 3], [3, 1], [0, 1], [2, 6], [4, 1], [2, 3], [3, 6], [-2, 12], [-4, 1], [0, 4], [-10, 1], [-2, 10], [0, 5], [-1, 5], [0, 8], [-9, 3], [0, -5], [-6, 1], [-1, 1], [-5, 0], [-2, 1], [0, 3], [-8, -2], [1, 5], [-2, 7], [-3, 0], [-1, 5], [-2, 3], [-1, 0], [0, -3], [-1, 0], [-3, 12], [-3, 1], [-2, 3], [-3, 1], [-1, 3], [-1, 2], [-1, 3], [-5, 2], [0, 5], [-6, 2], [-1, 2], [-6, 2], [0, -3], [-5, 0], [-1, 6], [-3, -1], [-1, 4], [-1, 2], [-1, 5], [-2, 1], [-4, 12], [-1, 1], [-3, 15], [0, 7], [-3, 4], [0, 9], [-1, 1], [-1, 3], [2, 7], [-2, 0], [0, 16], [-7, 15], [-3, 10], [0, 21], [-1, 3], [0, 6], [-6, 7], [-2, 5], [-5, 0], [-3, 3], [-1, 8], [-4, 5], [-2, 5], [-4, 0], [-4, 3], [0, 3], [-5, 2], [-8, 8], [-1, 3], [-3, 3], [-5, 11], [-5, 1], [-4, 5], [-4, 3], [-7, 1], [-1, 8], [-10, 0], [-6, -1], [-3, -3], [2, -6], [-1, -4], [-5, 2], [0, 3], [-9, -1], [-3, -1], [-7, 1], [-11, 2], [-1, -1], [0, 3], [-11, 5], [1, 8], [-3, 3], [-2, 6], [-4, 0], [-1, 9], [-7, 1], [0, 3], [-12, 3], [0, 4], [-12, 3], [-10, -1], [-2, -3], [-3, -10], [-3, 0], [-1, -18], [-3, 0], [-1, -10], [-1, 0], [-1, 25], [-1, 1], [0, 4], [-2, 1], [-5, 15], [-4, 1], [0, 5], [-3, 4], [-1, 0], [0, -4], [-3, 0], [-1, 12], [-4, 0], [-2, 16], [-1, 1], [-3, 1], [-1, 2], [-3, 1], [0, 3], [-8, 4], [-4, 0], [-1, -4], [-1, -1], [-2, 14], [-3, 0], [-8, 6], [-1, 5], [-4, 0], [-8, 5], [-4, 1], [0, 3], [-7, -3], [0, -5], [-4, 1], [-1, -1], [0, -3], [-6, -1], [-1, -16], [-2, 0], [-2, -11], [-2, 1], [0, -3], [-2, 0], [-2, 8], [-1, 2], [-1, 16], [-8, 1], [-1, 12], [3, 14], [3, 1], [0, 4], [3, 0], [0, 5], [1, 2], [0, 5], [2, 2], [1, 5], [0, 16], [-2, 5], [-3, 0], [1, 3], [-1, 2], [-3, -1], [-2, 9], [-5, 6], [0, 3], [-4, 7], [0, 3], [-2, 2], [-2, 6], [-3, 0], [-1, 5], [-3, 0], [0, 3], [-2, 0], [-4, 8], [-3, 10], [-1, 1], [-1, 5], [-3, 3], [-2, 1], [-2, 2], [-2, 1], [-1, 3], [-3, 5], [-3, 0], [0, 3], [-11, -1], [-3, -2], [-2, 0], [-2, -1], [1, -3], [-2, 0], [1, 7], [1, 1], [0, 8], [1, 2], [0, 7], [-1, 1], [-4, 8], [-2, 5], [-2, 3], [-4, 0], [-1, 5], [-2, 3], [-5, 1], [-8, 6], [-7, 1], [-1, 5], [-2, 3], [-4, 0], [0, 5], [-2, 2], [0, 3], [-3, 0], [-4, 13], [-1, 1], [-1, 4], [-2, 0], [0, 4], [-7, 4], [-1, 3], [-1, 1], [-2, 5], [0, 5], [2, 2], [2, 8], [0, 3], [-1, 4], [-2, 16], [-3, 10], [-6, 1], [0, 3], [-2, 1], [-7, 8], [-14, 1], [1, 3], [3, 3], [0, 2], [-3, 3], [-1, 3], [-7, -1], [0, -4], [-5, 4], [-3, 1], [0, 3], [-4, 5], [-2, 0], [0, 3], [-9, 2], [0, 11], [-2, 1], [-2, 2], [-2, -1], [-9, 7], [-5, 1], [0, 3], [-5, -2], [-4, 20], [-4, 4], [-1, 12], [-5, 2], [-2, 2], [-2, 3], [-3, 1], [0, 3], [-3, 0], [-1, 3], [-2, 3], [-2, 0], [0, 4], [-4, 1], [0, 7], [1, 0], [3, 1], [3, 10], [-1, 8], [-3, 0], [1, 7], [1, 1], [2, 1], [1, 11], [-2, 5], [-1, 1], [-1, 4], [-6, 0], [0, 3], [-7, 0], [-2, 2], [-8, 3], [-6, -1], [0, 3], [-14, 2], [0, -5], [-2, 0], [1, -5], [-4, 1], [-1, 1], [-3, 1], [2, 13], [-1, 10], [-23, 6], [-1, 8], [-10, 4], [-7, 0], [-8, -3], [0, -1], [18, 2], [0, -20], [-7, -3], [-1, -5], [-3, 0], [1, -7], [0, -1], [-4, -1], [-2, -2], [-2, -1], [1, -6], [-7, 0], [4, -5], [3, -10], [1, -2], [-1, -9], [8, -4], [1, -3], [2, -1], [4, -5], [3, -15], [1, -1], [1, -9], [1, 0], [3, -1], [0, -3], [2, 0], [1, -5], [2, -1], [4, -5], [3, 1], [0, -29], [4, -43], [2, -1], [0, -8], [3, 0], [1, -17], [4, -11], [2, -8], [2, -5], [0, -5], [4, -4], [7, 0], [3, -2], [0, -3], [-2, -7], [-7, -1], [-1, -1], [-4, -2], [-4, -5], [-4, -1], [0, -3], [-3, 0], [-1, -5], [-4, -2], [0, -3], [-4, 1], [-1, 10], [-3, 0], [0, -5], [-4, 2], [-3, 14], [-1, 0], [1, -14], [-2, 0], [-3, -10], [-4, -1], [-3, -3], [0, -3], [-2, -3], [3, 1], [5, 6], [5, 2], [4, -1], [0, -3], [-6, 1], [-3, -3], [0, -3], [-4, -1], [-4, -4], [-1, 4], [-6, 1], [0, -8], [3, 1], [-1, -6], [-2, -4], [-4, 2], [0, 3], [-2, 1], [-3, 2], [-1, 22], [-4, 6], [0, 3], [-3, 3], [-1, 4], [-12, 1], [0, 3], [-15, 2], [-1, 2], [-5, 2], [-3, 2], [-1, 6], [-4, 7], [-5, 6], [-9, 1], [-3, 2], [0, 4], [-2, -2], [2, -8], [0, -8], [1, -2], [0, -5], [2, -5], [-4, 2], [0, 9], [-1, 1], [-3, 19], [-1, 2], [-1, 6], [-4, 1], [-2, 2], [-1, 4], [-2, 1], [0, 3], [-2, 5], [-1, 5], [-3, 1], [-9, 8], [-3, 1], [-6, 22], [-1, 20], [-3, 0], [1, 6], [-1, 2], [-4, 0], [0, 3], [-4, 0], [1, -3], [-5, 1], [1, 9], [-3, 0], [0, 3], [-5, 0], [0, 3], [-5, 1], [-3, 3], [-8, 3], [-14, 1], [-1, -1], [-4, -2], [-9, 1], [-11, -1], [-5, -7], [-4, -1], [2, 5], [-8, -2], [0, 3], [-4, -1], [-3, 1], [0, 4], [-2, 3], [-7, -1], [-5, -5], [-6, -1], [2, -8], [6, 7], [3, 2], [1, 0], [1, -1], [1, -3], [-3, 1], [-5, -5], [0, -6], [-9, 1], [-1, 4], [-4, 0], [-1, 2], [-8, 2], [-1, 5], [-4, 0], [0, 3], [-3, 0], [0, 2], [2, 0], [0, 2], [-2, -1], [-1, 4], [-7, 11], [-3, 3], [0, 7], [-1, 1], [0, 4], [-2, 8], [3, 0], [-1, 6], [-2, 2], [0, 3], [-3, 1], [-3, 2], [-3, 10], [-4, 2], [0, 3], [-3, 5], [-4, 4], [-2, 7], [-3, 1], [-3, 2], [1, 3], [-4, 7], [-1, 3], [-1, 0], [0, -3], [-2, 0], [0, 3], [-8, 4], [-8, 6], [-5, 4], [0, 3], [-3, 0], [0, 4], [-5, -1], [0, -4], [6, -5], [2, -7], [3, 0], [0, -3], [-3, 1], [-1, 2], [-7, 1], [-6, 6], [-2, 1], [-1, 5], [-1, 2], [0, 3], [-4, 5], [4, -1], [7, -5], [2, 0], [1, 3], [-7, 1], [0, 4], [-4, 1], [0, 3], [-3, 1], [-3, 2], [-2, 12], [-3, 3], [0, 5], [-4, 1], [-1, 5], [-3, 7], [0, 3], [-1, 2], [-5, 1], [0, 3], [-3, 0], [1, 7], [-2, 2], [-1, 9], [1, 2], [-1, 26], [2, 13], [4, 8], [-1, 12], [-11, 4], [0, 4], [-6, 1], [-1, 7], [3, 1], [-1, 8], [2, 1], [1, 1], [0, 2], [-1, 1], [0, 2], [2, 7], [-1, 8], [-2, 0], [0, 5], [-14, 3], [0, 3], [-12, -1], [-4, -4], [-3, 0], [-4, -2], [0, -3], [-2, -4], [-3, -1], [-4, -5], [-4, 0], [-1, -1], [1, -1], [0, -15], [-2, -10], [-4, 4], [0, 3], [-7, -5], [0, -5], [-2, 0], [-1, -5], [2, -10], [3, -1], [3, -4], [-7, 0], [0, 4], [-4, 0], [-4, 3], [-1, 3], [-2, 3], [-4, 2], [0, 3], [-3, 1], [-1, 1], [-2, 1], [0, 3], [-5, 3], [-3, 2], [0, 3], [-8, 3], [1, 2], [0, 5], [-3, 6], [0, 4], [1, 6], [-3, 5], [0, 15], [-3, 6], [0, 3], [-2, 4], [-1, 0], [0, -4], [-3, 0], [0, 4], [-2, -1], [0, 5], [1, 1], [4, 1], [-2, 3], [-1, 4], [-3, -1], [1, 2], [0, 7], [3, 3], [0, 8], [3, 1], [5, 7], [8, 2], [0, 2], [-5, 1], [-1, 9], [-2, 3], [0, 5], [-4, 6], [-2, 8], [-4, 2], [-2, 8], [-3, 3], [-3, 5], [0, 3], [-1, 2], [-1, 3], [-2, 0], [-1, 3], [-4, 7], [-1, 5], [-5, 6], [-2, 3], [-2, 5], [-1, 2], [-4, 6], [-5, 13], [-1, 2], [0, 4], [-6, 17], [-2, 4], [-4, 7], [-7, 0], [1, 3], [2, 3], [-5, -1], [-6, 4], [0, 5], [-4, 5], [-2, 3], [-1, 2], [-6, 16], [2, 7], [-1, 22], [1, 4], [-3, 9], [-1, 10], [-1, 2], [-3, 11], [-2, 0], [-4, 13], [-4, 5], [-6, 16], [-3, 1], [-5, 5], [-12, 6], [-3, 0], [-2, -1], [0, 3], [-8, -2], [0, 4], [-5, -1], [-3, 1], [-8, 1], [0, 5], [-7, -2], [0, 3], [-1, 0], [-15, 1], [-10, 4], [-5, 0], [-2, 4], [-6, -1], [2, 5], [-7, -2], [0, 3], [-11, -1], [-9, 1], [-3, 2], [-5, 6], [0, 4], [-3, 0], [2, 15], [2, 8], [2, 2], [0, 8], [3, 0], [2, 7], [2, 3], [1, 3], [3, 0], [0, 4], [1, 1], [5, 4], [0, 3], [2, 5], [1, 6], [1, 1], [3, 1], [0, 8], [2, 2], [4, 16], [3, 0], [2, 7], [0, 1], [4, 1], [1, 3], [1, 1], [2, -1], [1, 3], [4, 4], [0, 5], [6, 1], [2, 7], [3, 2], [2, 5], [3, 4], [3, 1], [2, 6], [1, 2], [1, 11], [4, 0], [1, 9], [3, 0], [0, 3], [2, 0], [0, 3], [3, 1], [2, 3], [1, 6], [3, 3], [4, 3], [4, 4], [3, 6], [3, 1], [0, 3], [2, 1], [4, 5], [6, 2], [2, 2], [0, 3], [12, 1], [3, 2], [4, 5], [4, 1], [3, 10], [3, 3], [2, 7], [2, 0], [1, 3], [3, 4], [4, 3], [4, 8], [2, 5], [1, 3], [2, 0], [2, 8], [3, 4], [3, 5], [3, 9], [3, 1], [0, 5], [3, 4], [2, 9], [2, 1], [2, 7], [2, 0], [1, 6], [4, 12], [1, 2], [3, 8], [1, 2], [5, 16], [1, 2], [2, 5], [1, 1], [6, 22], [5, 22], [2, 2], [0, 12], [3, 0], [0, 8], [2, 0], [1, 8], [1, 2], [4, 26], [1, 3], [6, 52], [2, 2], [3, 26], [2, 0], [2, 18], [4, 17], [1, 1], [1, 10], [4, -1], [2, 4], [1, 7], [1, 2], [6, 42], [-1, 21], [-3, 7], [0, 3], [-2, 2], [-3, 9], [-5, 2], [-2, 5], [-3, -2], [1, -3], [-2, 0], [-1, 3], [0, 13], [2, 2], [1, 6], [1, 2], [2, 6], [5, 1], [2, 5], [5, 4], [5, 6], [0, 3], [4, 1], [2, 4], [4, 4], [2, 1], [1, 3], [2, 3], [2, 0], [1, 9], [5, 2], [0, 1], [1, 3], [3, 1], [1, 2], [3, 1], [1, 9], [3, 1], [1, 9], [4, 54], [-4, 43], [-2, 6], [-4, 0], [2, 3], [-3, 0], [0, 5], [-3, 0], [-1, 5], [-3, 0], [0, 6], [4, 0], [-2, 12], [-2, 0], [-1, 3], [-4, 5], [-3, 6], [0, 4], [-1, 1], [-2, 7], [1, 1], [-4, 2], [-1, 18], [2, 10], [0, 21], [-3, 0], [2, 11], [2, 3], [2, 5], [2, 4], [1, 10], [2, 0], [1, 6], [1, 2], [1, 11], [3, 0], [-1, 28], [-4, 1], [-1, 4], [-1, 1], [-1, 4], [-4, -1], [-1, 9], [2, 0], [1, 1], [0, 2], [-1, 2], [-2, 8], [-9, 2], [-20, -1], [-1, 1], [-1, -5], [2, -3], [-2, 1], [-3, 2], [-2, 8], [-3, 28], [-5, 2], [-1, 2], [-3, 1], [-1, 3], [-3, 5], [-2, 3], [-2, 0], [0, 3], [-3, 0], [0, 3], [-8, 0], [0, 4], [-4, 0], [-4, 3], [0, 3], [-3, 1], [-1, 1], [-3, 1], [-1, 20], [1, 1], [-7, -2], [0, 4], [-7, -1], [-8, 4], [0, 3], [-4, 1], [-1, 4], [-3, 6], [-12, 3], [-1, 3], [-4, 7], [-10, 3], [0, 3], [-11, -1], [-3, -2], [-4, 0], [-4, 2], [-3, 3], [-8, 1], [-4, 4], [-3, 0], [0, 4], [-4, 0], [-4, 5], [-6, 0], [-7, 3], [-3, 3], [-4, 2], [-15, 0], [-9, 4], [-2, 2], [-6, 2], [0, 3], [-6, 3], [-1, 1], [-7, 3], [-1, 2], [-7, 3], [-12, 0], [-3, -2], [-8, 2], [-7, 3], [-4, 0], [-2, -4], [-9, 2], [-17, -2], [-8, 3], [-8, -1], [0, -3], [-6, -1], [-1, 1], [0, 3], [4, 0], [0, 3], [-3, 0], [1, 10], [-1, 1], [-1, 4], [-7, 2], [-1, 2], [-22, 0], [0, 3], [-19, 0], [0, -3], [-4, -5], [-4, 1], [0, -3], [-2, -1], [-2, -2], [-2, 0], [-6, -6], [1, -4], [-2, -5], [0, -2], [1, -2], [0, -3], [-1, -2], [-1, 1], [-11, 0], [-1, -2], [-4, 0], [-4, -1], [-4, 0], [1, 8], [5, 1], [2, 3], [0, 3], [-1, 3], [0, 4], [1, 1], [1, 15], [0, 2], [-11, 0], [-10, -2], [1, -4], [-13, -3], [0, -12], [1, -1], [0, -4], [-2, -3], [-4, 1], [-1, -2], [-5, 0], [-4, 3], [-3, 0], [-1, -1], [0, -3], [-7, -2], [0, -5], [-11, 6], [-3, 2], [1, 17], [-2, 11], [-6, -2], [0, -3], [-1, 0], [0, 3], [-3, 0], [0, -3], [-2, 0], [0, -5], [5, 0], [0, 3], [3, 0], [-3, -11], [-4, -1], [-1, -2], [-5, -2], [1, -3], [-21, -1], [-5, 3], [-6, -1], [-3, 0], [-2, 2], [-4, 2], [-10, 2], [-10, 5], [-1, 2], [-6, 0], [-2, 2], [-8, 1], [-3, 1], [-8, 4], [-5, 2], [-4, 1], [-2, 1], [-1, 0], [-4, 3], [-5, 3], [-3, 2], [1, 3], [0, 3], [2, 1], [1, 1], [1, 2], [1, 1], [1, 0], [0, 1], [2, 2], [1, -1], [2, 0], [1, 1], [1, -1], [0, -1], [2, 2], [2, 4], [1, 3], [0, 4], [1, 0], [2, 1], [2, -2], [3, 0], [1, 1], [1, 2], [1, 4], [2, 6], [0, 9], [-2, 5], [-2, 3], [-5, 5], [-2, 0], [-2, -2], [-1, 0], [-1, -1], [-1, -2], [-1, -1], [-1, 0], [0, 1], [-1, 0], [-1, -1], [0, -1], [-1, 0], [1, -2], [-2, 0], [0, -1], [-2, 0], [0, -1], [-1, 0], [0, -1], [-2, 0], [-1, -1], [-1, 0], [-1, -1], [1, 0], [0, -1], [-1, 0], [0, 1], [-2, -1], [1, 0], [-1, -1], [1, -2], [0, 1], [2, 0], [0, -1], [-3, -3], [-7, -3], [-12, -2], [-6, -3], [-1, -3], [-2, 1], [-3, 0], [-2, 3], [-2, 2], [-3, 4], [-4, 5], [-2, 3], [-6, 6], [-7, 4], [-4, 7], [-2, 0], [-1, 2], [-2, 9], [-4, 7], [-3, 3], [-4, 7], [-4, 2], [-12, 12], [-2, 1], [-4, 3], [-3, 1], [-7, 3], [0, 3], [-2, 2], [-2, 3], [0, 1], [-2, 2], [-3, 2], [-3, 1], [-6, -1], [-14, 5], [-3, 3], [-3, 0], [-4, 4], [0, 4], [-2, 3], [-5, 1], [0, 4], [-8, 3], [-1, 2], [-12, 6], [-2, 2], [-2, 1], [0, 3], [-3, 1], [-1, 1], [-7, 3], [-6, 5], [-7, 8], [-4, 0], [-6, 4], [-2, 10], [-3, 0], [-2, 4], [-11, -1], [-4, 3], [-1, 6], [-5, 7], [-2, 6], [-3, 7], [-6, 2], [-1, 1], [-3, 1], [0, 3], [-4, 0], [0, 4], [-3, 0], [0, 9], [-2, 5], [-2, 3], [-4, 2], [1, 18], [-3, 1], [-4, 4], [-8, 2], [-7, 3], [-2, 2], [-4, 10], [-4, 7], [-3, 9], [0, 3], [-3, 7], [-3, 0], [-1, 3], [-3, 7], [-8, 3], [-22, 0], [-1, -1], [0, -3], [-2, 1], [-4, 0], [1, 8], [-4, 15], [-2, 0], [0, 3], [-1, 2], [-1, 3], [-3, 0], [0, 3], [-2, 0], [-2, 7], [-2, 42], [-2, 0], [-2, 7], [-3, -1], [0, 4], [-2, 1], [-3, 10], [-2, 3], [-4, 12], [-2, 1], [-1, 5], [-2, 2], [-1, 3], [0, 3], [-4, 5], [-2, 8], [-3, 0], [-1, 5], [-1, 1], [-2, 9], [-2, 4], [-1, 22], [3, 8], [4, 47], [-3, 34], [0, 17], [-1, 4], [0, 28], [-1, 2], [-1, 3], [-2, 0], [0, 3], [-3, 0], [1, 14], [-1, 2], [0, 8], [-1, 2], [-1, 0], [-1, 10], [-1, 2], [-2, 1], [-2, 5], [-1, 3], [-3, 10], [-3, 3], [-3, 10], [-1, 1], [-3, 7], [-2, 5], [-3, 0], [-4, 5], [-3, 2], [-3, 0], [-1, 3], [-3, 7], [-1, 6], [1, 9], [-1, 4], [-2, 4], [-2, 11], [-3, 5], [0, 5], [-1, 2], [0, 6], [-1, 7], [-2, 3], [-2, 6], [-8, 26], [-2, 2], [-1, 6], [-3, 4], [-3, 14], [-4, 7], [-3, 8], [0, 5], [-1, 4], [0, 5], [-2, 4], [-1, 13], [-2, 1], [0, 3], [-3, 0], [-1, 15], [-1, 2], [-3, 11], [-3, 3], [-7, 15], [-3, 3], [-3, 5], [-3, 8], [-1, 3], [2, 4], [7, 2], [3, 0], [3, 3], [3, 2], [0, 2], [-2, 2], [2, 1], [1, 1], [2, 4], [0, 4], [-1, 9], [-4, 4], [-2, 0], [-3, 3], [-3, 0], [-2, -2], [-1, 0], [0, -1], [1, 0], [0, -2], [1, 1], [0, 0], [0, -1], [-1, 0], [-1, -1], [0, -1], [-2, 0], [0, -1], [0, 0], [0, -2], [-1, 0], [-2, -3], [0, -1], [-1, 0], [1, -2], [-2, -1], [1, -1], [-1, 0], [0, -1], [-1, 0], [0, -1], [-2, 1], [-3, 1], [-4, 0], [-1, -1], [-1, 0], [0, 1], [-1, 1], [-1, 2], [-1, 5], [-3, 9], [-1, 0], [-1, 2], [-1, 4], [-1, 2], [-4, 16], [-2, 4], [-2, 1], [0, 1], [-2, 1], [-2, 0], [1, 1], [0, 3], [-1, 4], [0, 1], [-1, 1], [0, 1], [-1, -1], [-1, 0], [0, 1], [-2, 5], [-1, 4], [-1, 6], [0, 2], [-3, -1], [0, 1], [2, 1], [0, 4], [-1, 1], [-2, 8], [-1, 3], [-2, 8], [-1, 2], [0, 3], [-2, 2], [-1, 5], [-2, 6], [-1, 1], [-4, 8], [0, 2], [-2, 3], [-1, 4], [-3, 3], [-1, 4], [-4, 2], [-1, 3], [-1, 1], [1, 1], [-1, 1], [-1, 2], [-3, 1], [-1, 0], [0, 2], [1, -1], [1, 0], [2, 2], [-1, 2], [0, 1], [-1, 0], [2, 1], [-1, 1], [-1, -1], [0, 1], [0, 0], [0, 1], [1, 0], [0, 1], [-1, -1], [-2, 5], [-3, -1], [-1, 0], [0, -2], [1, -5], [0, 0], [0, 1], [-3, 6], [0, 1], [1, 1], [0, 1], [-1, 1], [-1, 4], [-1, 2], [-1, 3], [-1, 0], [-3, 6], [-2, -2], [-1, 0], [-1, 1], [-1, 0], [0, 3], [2, 2], [0, 1], [-1, 1], [0, 2], [-3, 5], [-3, 7], [-2, 2], [-2, 5], [-2, 1], [-1, -1], [-1, 0], [-2, 2], [1, 1], [0, 1], [1, 1], [0, 1], [-1, 2], [-3, 3], [-1, 0], [-1, -1], [-2, 1], [0, 1], [2, 2], [-1, 3], [-2, 5], [-2, 4], [-2, 1], [-1, 0], [-1, -1], [-1, 1], [0, 1], [1, 1], [0, 1], [-3, 3], [-2, 0], [-2, -1], [-1, 0], [0, 3], [-1, 3], [-1, 2], [-2, 0], [-3, 1], [-2, 1], [-2, 4], [-1, 1], [1, 1], [-1, 2], [-1, 0], [-1, 1], [-1, 3], [-3, 6], [-1, -1], [-1, 1], [-4, 5], [-5, 7], [-3, 3], [-1, 0], [0, 2], [-2, 2], [-1, 0], [0, 3], [-1, 2], [-2, 0], [-1, 1], [-2, 5], [-1, 1], [-3, 8], [0, 1], [1, 4], [1, 6], [-1, 1], [-1, 5], [-1, 2], [-1, 3], [-1, 2], [-6, 3], [-2, 0], [-2, -1], [-1, -2], [0, -1], [2, -2], [0, -1], [-1, 0], [0, 1], [1, 0], [-2, 1], [-1, 0], [0, -2], [1, -1], [0, -1], [1, -1], [-1, 0], [-1, 2], [-4, 4], [-3, 2], [0, 1], [-2, 4], [0, 1], [-2, 0], [-1, 2], [-1, 3], [-2, 4], [0, 2], [-1, 0], [-1, 1], [-3, 6], [-2, 6], [-2, 1], [-2, 3], [-1, 1], [-7, 14], [-2, 3], [-2, 2], [-1, 3], [-1, 1], [-1, 3], [-1, 4], [-1, 0], [-1, 2], [-1, 6], [-1, 1], [-1, 2], [-1, 6], [-1, 0], [-1, 1], [-1, 9], [-2, 1], [-1, 6], [-2, 2], [-2, 4], [0, 2], [-2, 8], [-1, 2], [-6, 26], [-1, 2], [-3, 14], [-5, 15], [-1, 13], [-2, 1], [-3, 15], [-2, 3], [-3, 10], [-3, 3], [-1, 7], [-2, -1], [-1, 4], [-2, 1], [-2, 10], [-3, 3], [-6, 16], [-1, 2], [0, 3], [-7, 15], [-6, 6], [-1, 5], [-4, 8], [-9, 24], [-4, 8], [-3, 4], [-2, 4], [-4, 6], [-4, 5], [-2, 2], [-2, 4], [-4, 5], [-1, 3], [-5, 10], [-2, 3], [-2, 0], [0, 4], [-6, 6], [-6, 8], [-2, 2], [-2, 1], [-2, 3], [-3, 10], [-2, 2], [-4, 10], [-4, 6], [-3, 7], [-2, 5], [-1, 3], [-6, 11], [-1, 7], [-1, 3], [-3, 6], [-2, 5], [-2, 11], [-8, 26], [-1, 5], [-1, 3], [-5, 18], [-3, 15], [-5, 14], [-3, 9], [0, 8], [4, 8], [0, 1], [3, 0], [1, -1], [0, 3], [3, -1], [0, 3], [1, -1], [18, 1], [0, 2], [-19, 2], [-3, -1], [-8, 8], [-6, -1], [-4, 1], [-4, 3], [0, 3], [-5, 5], [-8, 11], [-6, 7], [-3, 3], [-4, 7], [-3, 4], [-2, 3], [-3, 5], [-1, 2], [-8, 24], [-11, 29], [-8, 28], [-2, 3], [-3, 2], [-2, 4], [-3, 11], [1, 15], [0, 2], [-3, 3], [-1, 2], [-3, 1], [-4, 4], [-1, 4], [-1, 5], [-3, 5], [0, 13], [-2, 23], [2, 8], [0, 3], [2, 6], [2, 4], [4, 33], [-1, 1], [1, 4], [-5, 11], [-4, 26], [-1, 2], [-1, 1], [1, 1], [0, 3], [-2, 8], [-1, 1], [0, 3], [-2, 4], [-2, 2], [-3, 9], [-2, 10], [-1, 3], [0, 1], [-1, 2], [1, 0], [0, 8], [1, 2], [0, 2], [-1, 4], [-1, 1], [-1, 2], [-2, 2], [-1, 0], [-1, 1], [-1, -1], [0, -1], [-2, 2], [-2, 5], [-2, 4], [-1, 4], [-2, 3], [-1, 2], [-2, 6], [-3, 6], [-1, 4], [-3, 5], [-1, 2], [-5, 11], [-3, 8], [-4, 8], [-2, 5], [-6, 16], [-1, 6], [-2, 6], [-4, 4], [-3, 12], [-2, 6], [-3, 0], [0, 3], [-8, 0], [-8, 23], [-1, 1], [0, 4], [-3, 3], [-3, 8], [-2, 3], [-3, 8], [-3, 3], [-4, 12], [-2, 1], [-4, 13], [0, 5], [-1, 3], [-2, 4], [1, 3], [-3, 0], [-2, 16], [-2, 2], [0, 8], [-4, 6], [-1, 8], [-2, 4], [-1, 17], [-3, 12], [-4, 1], [1, 2], [-3, 21], [-9, 39], [-4, 13], [-4, 5], [-4, 1], [1, 2], [-3, 11], [-1, 2], [0, 3], [-3, 10], [-3, 5], [-2, 8], [-12, 26], [-4, 6], [-4, 5], [-3, 8], [-3, 3], [-4, 8], [-2, 0], [-1, 3], [-3, 5], [-4, 2], [-1, 4], [-4, 2], [0, 3], [-2, 2], [-11, 34], [-3, 3], [-3, 8], [-4, 5], [0, 5], [-1, 5], [-3, 3], [-4, 11], [-1, 25], [-1, 1], [-3, 11], [-3, 15], [0, 8], [-13, 15], [0, 3], [-3, 8], [0, 3], [-4, 8], [-3, 12], [-1, 1], [-3, 10], [-1, 1], [-1, 5], [-10, 6], [-2, 3], [-3, 1], [-1, 5], [-3, -1], [0, 4], [-7, 1], [0, 3], [-3, 0], [-7, 3], [0, 4], [-4, 1], [0, 3], [-2, 2], [-2, 24], [-1, 4], [0, 5], [-4, 21], [-3, 0], [0, 3], [-4, 5], [-1, 3], [-4, 1], [0, 4], [-3, 6], [-1, -1], [-5, 0], [-1, 2], [-4, 0], [0, 5], [-3, 1], [-4, 4], [-3, 8], [-4, 2], [-1, 5], [-2, 3], [-3, 5], [-3, 6], [-1, 3], [-2, 1], [-4, 4], [-4, 15], [-2, 1], [-3, 10], [-3, 1], [-5, 5], [-1, 3], [-5, 7], [-4, 1], [1, 5], [-6, 3], [0, 2], [1, 8], [-3, 10], [-8, 0], [-2, 1], [-3, 5], [-2, 2], [-2, 6], [-4, 5], [-5, 5], [-1, 3], [-3, 3], [-1, 5], [-1, 3], [0, 3], [4, 3], [7, 0], [4, 2], [11, 1], [3, 4], [1, 5], [0, 4], [-1, 3], [-1, 4], [-1, 3], [-2, 1], [-3, 2], [-5, 2], [-4, -1], [-1, -5], [-2, -2], [-4, -1], [-2, -2], [-6, -1], [-4, 0], [-2, 3], [-2, 9], [-2, 10], [0, 5], [-4, 6], [-3, 4], [0, 3], [-4, 6], [-2, 5], [-3, 5], [0, 6], [-4, 15], [-5, 10], [-4, 11], [-5, 6], [-2, 4], [-4, 4], [-3, 10], [2, 8], [4, 1], [2, -2], [4, -6], [3, -1], [3, 1], [5, -1], [4, -3], [5, -3], [3, -2], [3, -5], [3, -1], [2, 1], [2, 2], [5, 4], [2, 3], [1, 4], [0, 2], [-5, 6], [-3, 3], [-8, 6], [0, 3], [-1, 2], [-2, 3], [-4, 2], [-2, 8], [0, 2], [-2, 6], [-2, 3], [-3, 2], [-2, 1], [-3, 0], [-4, -3], [-2, -3], [-2, -9], [-4, -5], [-1, -6], [-5, -7], [-2, 0], [-3, 1], [-4, 6], [-7, 7], [-2, 5], [-2, 2], [-2, 3], [-3, 3], [-2, 6], [-1, 7], [-1, 10], [-4, 5], [4, 6], [1, 0], [2, 6], [2, 1], [3, 0], [1, 1], [2, 3], [1, 4], [0, 4], [-1, 2], [-2, 1], [-2, -1], [-2, -2], [-9, -6], [0, -2], [-4, -4], [-2, 1], [-1, 2], [0, 4], [1, 1], [0, 10], [-1, 1], [0, 2], [-6, 18], [-1, 1], [0, 4], [-1, 0], [-1, 6], [0, 2], [-1, 2], [-4, 7], [0, 2], [-1, 8], [-1, 1], [0, 2], [1, 2], [2, 1], [3, -6], [4, -3], [4, 1], [3, 0], [2, -3], [2, -2], [2, 1], [0, -1], [-1, -4], [0, -1], [2, 0], [1, 2], [3, 5], [1, 4], [-1, 2], [-2, -1], [0, -1], [-1, 0], [-1, 1], [-2, 3], [-3, 3], [-2, 0], [-2, 1], [-2, 0], [-4, 4], [-2, 4], [3, 2], [3, 0], [2, 10], [0, 6], [-2, 5], [-2, 4], [-3, 3], [-6, 4], [-4, 1], [-2, 0], [0, -1], [-1, -1], [1, 0], [0, -2], [-1, -1], [0, -1], [-1, 1], [0, 3], [1, 0], [0, 1], [-1, 0], [0, 2], [-1, 0], [-2, 1], [-1, 0], [-1, 1], [-1, 0], [-1, 1], [-6, 2], [-4, 0], [-2, -1], [-5, -5], [0, -1], [-1, 0], [0, -3], [0, 0], [0, -1], [-1, 1], [-1, -3], [1, 0], [-1, -1], [0, -4], [1, -3], [3, -3], [0, -2], [-3, 2], [-4, 2], [-5, 5], [-2, 1], [-1, 2], [-3, 1], [-2, 2], [-4, 8], [-5, 6], [-4, 11], [0, 5], [2, 3], [1, 2], [0, 5], [-3, 5], [-1, 4], [-1, 2], [-2, 1], [-1, 1], [-1, 2], [-7, 5], [-8, 3], [-5, 4], [0, 10], [-3, 6], [-4, 5], [-5, 1], [-7, 7], [-2, 4], [-5, 3], [-3, 2], [-2, 2], [-7, 2], [-8, 1], [-6, 3], [-8, 0], [-9, 2], [-5, 4], [-3, 4], [-3, 5], [-4, 2], [-3, 2], [-10, 3], [-9, 1], [-10, 8], [-3, 3], [-4, 5], [-3, 0], [-4, 3], [-5, 3], [-9, 4], [-7, 13], [0, 4], [-3, 8], [-5, 9], [-3, 3], [-3, 8], [-3, 5], [0, 4], [-5, 6], [-2, 0], [0, 6], [-1, 2], [-1, 3], [-5, 2], [-1, 5], [-3, 4], [0, 4], [-3, 3], [-2, 5], [-4, 1], [-1, 3], [-3, 5], [-3, 1], [-3, 2], [-1, 10], [-7, -1], [-1, 1], [0, 2], [-2, 37], [-3, 6], [0, 15], [-3, 7], [0, 11], [-1, 6], [-2, 2], [-3, 24], [-4, 7], [-2, 5], [-1, 1], [-1, 13], [-2, 6], [-4, 5], [-2, 4], [-2, 3], [-3, 6], [-4, 5], [-3, 3], [-3, 5], [-3, 7], [-8, 7], [-6, 3], [-3, 2], [-1, 8], [-3, 5], [-4, 3], [-5, 5], [-5, 4], [-1, 1], [-4, 3], [-12, 0], [-4, 1], [-3, -1], [-3, -2], [1, -3], [-3, 0], [-1, 3], [3, 4], [-2, 7], [-3, 8], [-4, 5], [-3, 2], [-6, 2], [-3, 0], [-2, -1], [-2, -3], [-9, -2], [-2, -2], [-1, -3], [-2, -2], [-6, -1], [0, -1], [-6, 0], [-3, -3], [-4, -2], [-2, 1], [-2, -1], [-2, 0], [-1, 1], [2, 4], [4, 9], [4, 2], [5, 3], [4, 1], [1, 2], [1, 3], [0, 3], [-2, 1], [-4, -1], [-2, -2], [-4, 2], [-6, -1], [-2, -1], [0, -5], [-2, -2], [-4, -8], [0, -7], [-2, -1], [-3, 1], [-3, 2], [-2, 1], [-3, 3], [-1, 3], [-1, 1], [-3, 1], [-3, 2], [-12, 12], [-3, 0], [-3, 3], [-4, 0], [-4, 2], [-3, 2], [-1, 1], [-1, 2], [-4, 4], [-6, 4], [-2, 8], [-4, 5], [-6, 11], [-1, 3], [-3, 1], [-2, 2], [-1, 3], [-2, 4], [-2, 3], [-1, 1], [-9, 5], [-3, 3], [-4, 7], [-3, 4], [-2, 0], [-2, 2], [-2, 8], [1, 7], [-1, 6], [-4, 6], [-3, 0], [0, -3], [-4, 3], [-4, 12], [0, 6], [2, 2], [2, 8], [-5, 0], [0, 13], [-3, 6], [-4, 2], [0, -3], [-4, 1], [2, 3], [0, 5], [-1, 4], [0, 8], [-2, 3], [0, 2], [1, 1], [0, 5], [-1, 5], [-1, 2], [-1, 1], [2, 3], [1, 15], [-2, 7], [2, 0], [0, 5], [-3, 3], [0, 3], [2, 10], [2, 2], [0, 4], [2, 5], [2, 13], [1, 2], [-1, 7], [0, 6], [-4, 11], [-3, 5], [-2, 2], [-4, 3], [-1, 2], [-2, 3], [-4, 2], [-1, 2], [-3, 0], [-11, 11], [-8, 5], [-2, 3], [-5, 3], [-3, 2], [-5, 4], [-3, 2], [-4, 5], [-4, 7], [0, 14], [1, 4], [0, 3], [-5, 16], [-2, 2], [0, 3], [-4, 8], [0, 5], [-2, 1], [-1, 5], [-1, 2], [-3, 8], [-2, 5], [-4, 1], [-3, 3], [-3, 2], [-1, 10], [-1, 1], [-4, 12], [-4, 4], [-8, 12], [-7, 6], [-2, 5], [-1, 11], [-2, 7], [0, 2], [6, -1], [0, -5], [8, 1], [2, 3], [1, 5], [0, 8], [-4, 6], [-5, 3], [-1, -1], [1, -8], [1, -3], [1, 0], [0, -2], [-2, 0], [0, 1], [-2, 0], [-1, 7], [-6, 1], [-1, 4], [-2, 5], [-2, 8], [0, 1], [1, 3], [2, 2], [2, 3], [0, 5], [-2, 5], [0, 4], [-1, 2], [-4, 4], [-2, 0], [-1, -1], [-2, -1], [-2, -2], [-1, 1], [0, 1], [1, 4], [0, 11], [2, 24], [-2, 5], [0, 8], [-3, 15], [1, 15], [3, 4], [0, 7], [1, 1], [9, 3], [-2, 6], [-13, -2], [0, -3], [-3, 0], [-2, -12], [-4, 3], [-10, 3], [-3, 3], [-4, 2], [0, 5], [-3, 1], [-5, 5], [-1, 10], [-1, 3], [-2, 18], [-1, 3], [-3, 18], [-3, 3], [-2, 0], [-2, 8], [-3, 5], [-4, 5], [-2, 0], [-1, 8], [-4, 6], [-2, 5], [-1, 2], [-3, 5], [0, 6], [-3, 5], [0, 5], [-3, 8], [0, 5], [-1, 3], [-2, 10], [-1, 1], [1, 22], [1, 3], [4, 18], [0, 28], [-3, 0], [-2, 9], [-7, 8], [-3, 8], [0, 13], [1, 2], [0, 3], [-1, 2], [3, 0], [0, 8], [5, 18], [3, 0], [4, 18], [0, 20], [-3, 10], [-3, 16], [0, 8], [-7, 14], [-8, 3], [-1, 4], [-4, 6], [0, 3], [1, 2], [-1, 15], [-5, 9], [-9, 11], [-2, 5], [-3, 0], [-1, 3], [-2, 4], [-3, 0], [-2, 3], [-1, 6], [-2, 3], [-4, 2], [0, 5], [-3, 8], [-10, 0], [1, 3], [-6, -2], [0, 3], [-2, -1], [-7, 0], [-1, -1], [-3, 0], [-1, 1], [-9, 1], [0, 3], [-10, 2], [-3, 3], [-5, 3], [-1, 3], [-2, 3], [-7, 3], [0, 5], [-4, 1], [-2, 7], [-4, 6], [-2, 5], [-1, 2], [-1, 3], [-4, 2], [-1, 6], [-1, 2], [-3, 8], [0, 9], [4, 7], [1, 5], [0, 5], [5, 5], [0, 3], [-2, 7], [-3, 0], [-6, 16], [-4, 0], [1, 3], [-6, 8], [-4, 1], [-1, 4], [-5, 6], [-1, -1], [-3, 0], [-3, 2], [-1, 13], [-1, 2], [0, 2], [1, 1], [0, 2], [-3, 6], [-6, 3], [-1, 1], [-6, 0], [-8, -2], [-1, 1], [0, 3], [-3, 0], [0, -3], [-4, 1], [-1, 7], [4, 1], [1, 1], [3, 1], [0, -3], [1, 0], [0, 3], [4, 1], [-1, 3], [-2, 3], [-2, 5], [-6, 8], [-12, 3], [-3, 2], [-6, 2], [-7, -1], [-6, -2], [-9, 0], [-4, 2], [-4, 0], [-5, 5], [-3, 2], [-2, 1], [-8, 0], [-3, 4], [-7, 4], [-1, 2], [-10, 10], [-3, 6], [-2, 3], [-6, 8], [-1, 2], [-2, 1], [-1, 2], [-2, 2], [-3, 5], [-3, 3], [-2, 3], [-2, 5], [-9, 15], [-2, 3], [-1, 2], [-3, 5], [-3, 4], [-3, 6], [-4, 10], [-4, 5], [-6, 6], [-4, 3], [-7, 5], [-3, 3], [-1, 6], [2, 2], [1, 3], [-2, 3], [0, 1], [9, 2], [4, -2], [4, 5], [1, 15], [-2, 5], [-2, 1], [-1, 5], [-5, 2], [-5, 5], [-6, 1], [-4, -1], [-2, -2], [-1, -3], [2, -3], [4, -4], [0, -3], [-2, -4], [-1, -10], [-1, 0], [-1, 4], [-1, 6], [-4, 7], [-3, 3], [-3, 9], [-3, 6], [-3, 1], [-2, 3], [0, 2], [-2, 2], [-4, 3], [-2, 3], [-1, 2], [-1, 3], [-2, 3], [-4, 4], [-3, 8], [-2, 2], [-7, 8], [-5, 4], [-6, 6], [-4, 10], [-3, 5], [-2, 1], [-1, 2], [-2, 2], [-3, 1], [-16, 6], [-18, 9], [-7, 2], [-2, 1], [-3, 1], [-8, 2], [-8, 6], [-4, 2], [-8, 3], [-5, 3], [-7, 3], [-7, 1], [-3, 2], [-2, 1], [-3, 0], [-2, 2], [-2, 1], [-5, 1], [-4, 2], [-5, 2], [-5, 3], [-5, 4], [-3, 2], [-7, 5], [-4, 2], [-1, 3], [-2, 2], [-5, 7], [-4, 1], [-2, 2], [-2, 9], [-3, 3], [2, 10], [0, 8], [-6, 8], [-6, 5], [-2, 1], [-3, 0], [-5, 3], [-3, 4], [-2, 2], [-3, 5], [-4, 8], [-3, 3], [-2, 3], [-1, 2], [-2, 3], [-3, 0], [-2, 3], [-7, 15], [-4, 4], [-3, 2], [-5, 1], [-5, -3], [-6, 0], [0, 1], [-2, 5], [-6, 0], [-2, 9], [-1, 18], [-3, 6], [1, 3], [-1, 4], [-3, 1], [-2, 4], [-3, 11], [-4, 5], [-1, 1], [-1, 0], [-4, 6], [-3, 2], [0, 5], [-2, 3], [-1, 1], [-2, 5], [0, 7], [-1, 7], [-10, 8], [0, 4], [-6, 4], [-2, 2], [-2, 3], [-2, 4], [-1, 3], [-2, 2], [0, 1], [-3, 3], [-1, 2], [-3, 2], [-4, 4], [0, 2], [-1, 3], [0, 4], [-3, 7], [-3, -1], [-4, 4], [4, 0], [0, 4], [-3, 2], [-2, 4], [-5, 2], [-3, 1], [-4, 3], [-2, 2], [-2, 1], [-1, 1], [-8, 6], [-7, 4], [-6, 6], [-4, 2], [-2, 2], [-7, 6], [-3, 1], [-2, 4], [-2, 2], [-1, 2], [-3, 2], [-1, 4], [-4, 5], [-2, 6], [-6, 7], [-2, 5], [-3, 5], [-3, 6], [-3, 4], [-2, 5], [-3, 9], [-2, 4], [-2, 3], [-2, 5], [-3, 3], [-3, 9], [-4, 7], [-5, 11], [-7, 18], [-6, 11], [-2, 5], [-4, 5], [-2, 4], [-6, 8], [-1, 5], [-5, 7], [-2, 2], [-1, 3], [-4, 5], [-2, 0], [-3, 3], [-2, 4], [-6, 5], [-3, 4], [-3, 3], [-1, 2], [-6, 8], [-2, 1], [-2, 4], [-3, 3], [-1, 2], [-5, 5], [-4, 0], [-3, 2], [-4, 5], [-3, 3], [-2, 3], [-2, 4], [-12, 12], [-4, 5], [-6, 5], [-1, 2], [-3, 2], [-2, 2], [-2, 3], [-1, 2], [0, 1], [-4, 5], [-1, 3], [-1, 1], [-1, 6], [-1, 1], [-1, 2], [-4, 4], [-1, 2], [-1, 1], [-1, 2], [-3, 1], [-1, 2], [-1, 3], [-1, 1], [-1, 2], [-2, 1], [-1, 1], [-3, 1], [-1, 2], [-3, 3], [-6, 9], [-2, 2], [-1, 0], [-6, 6], [-1, 3], [-5, 5], [-6, 12], [-2, 3], [-2, 6], [-3, 6], [-2, 5], [-3, 7], [-1, 2], [-3, 4], [-1, 0], [-1, 2], [0, 2], [-1, 3], [-2, 5], [-2, 3], [-3, 3], [-5, 4], [-4, 3], [-6, 3], [-16, 5], [-13, 4], [-6, 4], [-2, 2], [0, 6], [2, 4], [1, 3], [2, 3], [0, 3], [-1, 4], [-1, 1], [1, 4], [5, 5], [2, 3], [0, 2], [1, 5], [1, 4], [-1, 3], [1, 3], [-2, 3], [2, 3], [3, 7], [1, 5], [-1, 2], [-1, 1], [0, 7], [-2, 3], [0, 4], [-3, 3], [-18, 24], [-2, 6], [1, 2], [-2, 2], [-4, 2], [-2, 2], [2, 1], [0, 1], [-1, 1], [-3, 0], [-3, 2], [-13, 23], [-6, 0], [-4, 4], [-2, 5], [-2, 1], [-4, 3], [-3, 2], [1, 22], [1, 5], [1, 6], [2, 4], [2, 7], [1, 7], [-1, 6], [0, 4], [-2, 5], [-1, 6], [0, 6], [1, 35], [0, 1], [-3, 0], [1, 2], [-1, 3], [-5, 2], [2, 8], [1, 1], [4, 1], [3, 11], [0, 5], [-4, 7], [0, 3], [-1, 2], [2, 2], [1, 3], [0, 8], [-1, 9], [2, 8], [3, 5], [4, 2], [1, 2], [2, 1], [3, 4], [2, 6], [3, 4], [2, 9], [2, 7], [1, 2], [1, 3], [4, 9], [2, 3], [0, 1], [5, 5], [1, 3], [1, 1], [2, 1], [1, 4], [9, 3], [9, -2], [5, 2], [9, 5], [9, 4], [7, 8], [4, 2], [4, 3], [4, 6], [2, 5], [2, 2], [4, 8], [2, 2], [2, 3], [3, 6], [3, 7], [2, 5], [3, 5], [2, 5], [2, 3], [2, 6], [1, 6], [2, 3], [0, 7], [1, 1], [-1, 4], [-2, 1], [-1, 3], [-8, 8], [-6, 4], [-7, 5], [-6, 3], [-2, 2], [-3, 4], [-4, 6], [-4, 4], [-3, 2], [-1, 2], [-1, 5], [0, 16], [1, 7], [0, 7], [-2, 6], [5, 12], [1, 7], [-2, 6], [5, 3], [-1, 3], [0, 3], [-1, 6], [-2, 7], [0, 5], [1, 6], [-2, 8], [-1, 3], [-2, 12], [-4, 5], [-5, 7], [-6, 8], [-4, 6], [-3, 6], [-3, 5], [-4, 7], [-4, 6], [-3, 6], [-2, 0], [-4, 7], [-1, 0], [-2, 2], [-1, 0], [-1, 1], [-2, 5], [-2, 2], [-2, 3], [-2, 5], [-5, 15], [-2, 5], [-3, 6], [-7, 11], [-4, 8], [-4, 0], [-3, 2], [-5, 10], [-1, 4], [-1, 2], [-4, 9], [-2, 2], [-2, 4], [-4, 6], [-5, 9], [-4, 6], [-4, 7], [-2, 4], [-5, 6], [-2, 4], [-2, 1], [-1, 2], [-4, 5], [-3, -1], [-2, 4], [-3, 8], [-3, 5], [-1, 4], [-1, 5], [-3, 5], [-2, 3], [-3, 5], [0, 4], [-2, 2], [-5, 6], [-3, 3], [-2, 5], [-6, 8], [0, 4], [-3, 7], [-3, 2], [-2, 6], [-4, 5], [-2, 4], [-3, 5], [-5, 9], [-2, 2], [-3, 2], [-1, 3], [-2, 2], [-1, 3], [-1, 2], [-2, 2], [-5, 15], [0, 2], [-3, 3], [-1, 3], [-2, 1], [-2, 2], [-2, 4], [-3, 2], [-2, 3], [-4, 4], [-3, 5], [-1, 2], [-3, -1], [-4, 7], [-5, 10], [-3, 4], [-1, 4], [-3, 15], [-3, 8], [-1, 5], [-3, 8], [-1, 3], [-6, 24], [-2, 10], [-2, 2], [-5, 18], [-3, 18], [-1, 2], [-2, 3], [0, 3], [-1, 2], [-2, 3], [-1, 1], [0, 2], [-1, 12], [-1, 7], [-1, 5], [-3, 9], [-2, 8], [-1, 2], [-2, 3], [-1, 4], [-6, 21], [-2, 4], [-1, 0], [-1, -1], [-2, 0], [-1, 2], [0, 2], [-2, 0], [-1, 7], [-1, 3], [-3, 3], [-4, 0], [-5, -2], [-1, -1], [-1, -2], [1, -1], [1, 0], [1, -3], [-2, 0], [0, -3], [-2, 0], [0, 3], [-1, 6], [-3, 0], [-1, -4], [1, -5], [-2, 0], [-1, 4], [1, 6], [-1, 2], [-3, 3], [-3, 4], [-5, 4], [-7, 5], [-2, 2], [-2, 0], [-3, -17], [0, -2], [-1, 1], [0, 2], [1, 0], [0, 6], [1, 0], [1, 10], [-4, 5], [-5, 5], [-2, 1], [-1, 2], [-2, 2], [-3, 4], [-12, 12], [-2, 0], [-4, 1], [-9, 7], [-1, -1], [0, -1], [-4, 1], [-8, 3], [-7, 3], [-3, 2], [-2, 1], [0, 1], [-2, 0], [-1, -1], [0, 1], [-1, 1], [-1, 0], [-1, -1], [1, -1], [0, -4], [0, 0], [0, -1], [-1, 0], [-1, 1], [0, -1], [-1, 0], [-1, -1], [0, 4], [-1, -1], [0, 1], [-1, 0], [0, 2], [2, 0], [0, 1], [1, 0], [0, 1], [1, -1], [0, 3], [-2, 0], [0, 2], [-1, 0], [-1, 1], [0, -1], [0, 0], [0, -5], [-1, -1], [0, -2], [1, -1], [0, -1], [-2, 0], [0, 3], [-1, -1], [-1, 0], [0, 1], [-1, 0], [0, 2], [2, 0], [2, 2], [0, 2], [-1, -1], [0, 4], [-1, -1], [-1, 0], [0, -1], [-1, 0], [0, 1], [-1, 0], [0, -1], [0, 0], [0, -4], [1, 0], [0, -1], [-1, 0], [0, -1], [-1, 0], [-1, 1], [0, 1], [-1, 0], [0, -1], [-1, 0], [-1, 1], [0, 1], [1, 0], [0, 1], [1, 0], [1, 1], [0, 2], [1, 0], [0, 1], [2, 0], [0, 1], [1, -1], [0, 1], [-1, 1], [-2, 0], [0, 0], [-1, 0], [0, 1], [-2, 0], [0, -1], [1, -1], [0, -2], [-1, -1], [1, 0], [-1, -1], [-2, 0], [-1, -1], [-1, 0], [0, 3], [-1, 1], [0, 1], [1, 0], [0, 1], [1, 0], [1, 1], [1, -1], [0, 3], [-2, 0], [0, 2], [-1, 0], [0, 1], [-1, 0], [0, -6], [-1, -1], [0, -2], [1, -1], [-1, -1], [-1, 0], [0, 1], [-1, 0], [0, 2], [-2, 0], [0, 3], [1, 0], [0, -1], [1, 0], [0, 1], [1, 1], [1, 0], [0, 2], [-1, 0], [0, 4], [-1, -1], [-1, 0], [-1, -1], [0, 1], [-1, 0], [-1, -1], [0, -1], [1, 0], [0, -1], [-1, -1], [0, -1], [1, 0], [0, -2], [-2, 0], [0, 2], [-1, 0], [0, -1], [-2, 0], [0, 1], [-1, 0], [0, 1], [2, 0], [1, 1], [0, 1], [1, 1], [0, 1], [-1, 0], [0, -1], [-1, -1], [0, -1], [-2, 0], [-5, 2], [-2, 2], [0, 1], [-1, 0], [-3, 3], [-1, 2], [-1, 0], [0, 3], [1, 1], [1, 0], [1, 1], [0, 1], [-1, 0], [0, -1], [-2, 0], [0, -1], [-1, 0], [0, -3], [-2, 0], [0, 3], [-2, 0], [0, 2], [1, 1], [0, -1], [3, 0], [0, -1], [1, 1], [0, 5], [-1, 0], [-1, 1], [-1, 0], [0, 1], [-2, 0], [0, -6], [-2, 0], [0, 1], [-1, 0], [0, -1], [-1, 1], [-1, 0], [0, 1], [2, 0], [2, 2], [0, 2], [1, 1], [0, 1], [-2, 0], [0, 0], [-1, 0], [0, -4], [1, 0], [-1, -1], [-1, 1], [0, -1], [-1, 0], [-1, -1], [0, 3], [-1, 0], [0, 2], [1, 0], [1, 1], [1, 0], [0, 1], [-2, 0], [1, 1], [-1, 1], [-1, 0], [0, -4], [-1, 0], [0, -2], [1, 0], [0, -1], [-2, 0], [0, 1], [-1, 0], [0, 1], [-1, 0], [0, 1], [2, 0], [0, 1], [1, 1], [0, 1], [-1, 0], [0, 2], [-1, 0], [0, -1], [-1, 0], [0, 1], [-1, 0], [0, -4], [1, 0], [0, -1], [-2, 0], [0, 1], [-1, -1], [-1, 0], [0, 1], [-1, 1], [2, 0], [0, 1], [1, 1], [0, 1], [1, 0], [0, 1], [1, 0], [-1, 1], [-1, 0], [0, 0], [-1, 0], [0, 1], [-1, 0], [0, -2], [1, 0], [-1, -1], [1, -1], [-1, -1], [-1, 1], [0, -1], [-1, 0], [0, 0], [-1, 0], [0, 4], [1, 0], [0, 1], [1, 0], [0, 1], [-1, 0], [0, 1], [-2, 0], [0, -6], [-1, 0], [0, 1], [-1, 0], [0, 0], [-1, 0], [0, 2], [1, 0], [0, 1], [1, 0], [0, 2], [-1, 0], [0, 1], [1, 0], [0, 1], [1, 0], [4, -2], [0, 1], [1, -1], [5, -3], [0, 1], [1, -1], [4, -3], [2, 0], [0, -1], [8, -4], [1, 1], [-4, 3], [-8, 4], [-3, 2], [-8, 4], [0, -1], [-5, 2], [-1, 1], [-2, 1], [-3, 1], [-4, 2], [-6, 2], [-2, 1], [-3, 2], [-2, 4], [-1, 0], [-1, 2], [-1, 1], [0, 1], [1, 0], [1, 1], [1, 0], [0, 1], [-1, 0], [1, 1], [0, 1], [1, 2], [2, 1], [2, 2], [1, 2], [2, 1], [2, 6], [0, 3], [1, 3], [1, 2], [1, 1], [2, 3], [0, 6], [1, 2], [0, 5], [-1, 0], [-1, 1], [-1, 2], [-1, 0], [-1, -2], [0, -3], [-2, -3], [0, -1], [-3, -5], [-1, -3], [1, -1], [1, -2], [0, -3], [-2, 0], [-1, -1], [-2, -1], [-2, -4], [-1, 0], [1, 2], [-1, 1], [-2, -1], [-2, -3], [-1, -2], [-5, -4], [-2, -1], [-3, 0], [-2, -4], [-1, 1], [-1, -1], [-15, 7], [-12, 6], [-11, 5], [-7, 4], [0, -1], [-3, 2], [0, 1], [-9, 8], [-6, 6], [-3, 7], [0, 3], [-20, 12], [-3, 2], [-5, 6], [-8, 5], [-10, 5], [-9, 6], [-2, 1], [-1, -1], [0, 1], [-4, 4], [-2, 1], [-1, 2], [-3, 1], [-1, 2], [-2, 1], [-5, 1], [-2, 3], [-1, 4], [-2, 2], [0, 1], [-1, 2], [0, 3], [1, 2], [-1, 0], [4, 4], [4, 3], [7, 6], [4, 4], [2, 4], [-2, 2], [-2, 4], [-1, 1], [-3, 0], [-3, -2], [-4, -6], [-3, -3], [-4, -3], [-3, -4], [-3, -2], [-3, 0], [-3, 2], [-3, 5], [-2, 4], [-4, 6], [-1, 2], [-4, 4], [-1, 3], [-5, 5], [-2, 3], [-8, 10], [-2, 4], [-6, 7], [-1, 2], [-4, 5], [-1, 2], [0, 1], [-2, 0], [0, 1], [-1, 0], [-3, 6], [-1, 4], [-5, 7], [-3, 3], [-2, 0], [0, -1], [-1, 0], [0, 1], [-1, 1], [-3, 1], [-2, 3], [-1, 0], [-1, 2], [-3, 3], [-2, 4], [-1, 1], [-2, 8], [-1, 5], [-2, 3], [0, 1], [-1, 1], [-1, 0], [-1, 1], [-7, 6], [-4, 5], [-3, 8], [-5, 8], [-3, 5], [-3, 3], [-5, 8], [-7, 9], [-1, 5], [-3, 7], [-3, 2], [0, 3], [-3, 4], [-2, 4], [-1, 3], [-4, 5], [-4, 8], [-5, 7], [-3, 6], [-3, 2], [-6, 10], [-3, 3], [-2, 3], [-1, 4], [-1, 12], [-3, 3], [-5, 4], [-4, 3], [-3, 3], [-1, 5], [-4, 1], [-5, 6], [-1, 3], [-2, 3], [-3, 1], [-1, 2], [-3, 1], [-2, 8], [-4, 2], [-1, 3], [-1, 2], [-3, 8], [-2, 3], [-3, 0], [-1, 8], [-3, 0], [-1, 7], [-2, 8], [0, 18], [3, 3], [0, 4], [-3, 3], [-2, 3], [-3, 1], [-4, 5], [-3, 2], [-4, 7], [-3, 1], [-4, 3], [-10, 10], [-1, 3], [-1, 2], [-1, 5], [-5, -1], [-4, -3], [-11, 1], [0, 3], [-4, 0], [-1, 3], [-2, 4], [-3, 0], [0, 3], [-2, 1], [-2, 2], [-2, 0], [0, 4], [-3, 1], [-4, 3], [-3, 3], [-2, 1], [-2, 8], [-3, 4], [-3, 8], [-1, 11], [-2, 4], [-5, 42], [-3, 7], [0, 5], [-2, 8], [-1, 16], [-2, 2], [-3, 18], [2, 5], [3, 21], [5, 0], [0, 13], [-3, 14], [-2, 5], [0, 4], [-8, 26], [-1, 2], [-2, 5], [-3, 6], [-3, 1], [-2, 3], [0, 3], [-3, 0], [-1, 3], [-5, 7], [-1, 3], [-7, 8], [-2, 5], [-5, 0], [0, -3], [-3, 3], [-7, 2], [-2, 2], [-2, 5], [-5, 3], [-3, 2], [1, 2], [0, 6], [-5, 12], [-3, 3], [-1, 5], [-5, 7], [-2, 1], [-3, 2], [0, 3], [-4, 2], [-3, 18], [7, 1], [1, 0], [0, 9], [-3, 6], [-6, 1], [-8, -1], [-8, 3], [-7, 5], [-4, 4], [0, 4], [-6, 8], [-3, 0], [0, 5], [-8, 3], [-1, 4], [-1, 1], [-1, 4], [-2, 0], [-4, 5], [-1, 3], [-1, 2], [0, 3], [-1, 2], [-4, 0], [-3, 3], [-2, 7], [-2, 4], [-4, 5], [-4, 7], [-2, 1], [-3, 2], [-1, 4], [1, 3], [-3, 1], [-6, 7], [-1, 4], [-4, 6], [-5, 2], [0, 5], [-7, 8], [-1, 5], [-7, 8], [-4, 10], [-2, 4], [0, 3], [-4, 8], [0, 3], [-3, 7], [-2, 3], [0, 4], [-4, 13], [-3, 3], [-3, 5], [-3, 16], [-4, 7], [-3, 11], [-1, 2], [-8, 25], [0, 3], [-2, 8], [0, 5], [-2, 2], [-1, 5], [-1, 11], [-1, 12], [0, 4], [-2, 5], [1, 9], [-2, 4], [0, 7], [-1, 2], [-2, 6], [-3, 0], [1, 4], [3, 3], [0, 13], [-1, 5], [0, 5], [-1, 5], [0, 4], [-3, 5], [-1, 5], [-1, 4], [0, 3], [-3, 8], [-1, 8], [-2, 1], [-6, 9], [-2, 10], [0, 4], [1, 4], [3, 7], [2, 4], [1, 1], [1, -1], [5, -3], [39, -6], [2, 0], [18, -23], [1, -2], [5, -5], [1, -2], [-2, -1], [-6, -2], [-2, -4], [-1, -5], [0, -2], [6, 0], [0, 1], [1, 0], [1, -1], [1, -2], [1, 0], [-2, 2], [0, 2], [1, 3], [4, 2], [3, 0], [1, -1], [1, 0], [1, 1], [0, 1], [1, 0], [0, 2], [-1, 0], [0, -1], [-1, 1], [1, 5], [1, 0], [0, -1], [1, 0], [1, 4], [1, 2], [-1, 0], [3, 5], [1, -1], [1, 0], [0, 1], [2, 0], [0, 37], [-5, 10], [-6, 14], [-12, -8], [4, -8], [0, -1], [-1, 0], [0, -2], [-1, -3], [-3, -3], [-1, 0], [0, -1], [-4, 0], [-21, 3], [-7, 0], [-5, 1], [-3, 1], [-3, 0], [-14, 2], [-4, 2], [0, 10], [3, 14], [2, 11], [3, 8], [1, 2], [1, 3], [-5, 15], [-1, 1], [0, 4], [-2, 0], [-1, 3], [-4, 5], [-1, 7], [-6, 6], [-4, 12], [-1, 1], [0, 4], [-4, 8], [-2, 15], [3, 0], [1, 4], [3, 7], [5, 5], [2, 0], [2, 2], [2, 0], [1, -1], [1, -10], [2, -2], [6, -3], [-1, 7], [2, 5], [-1, 6], [6, 2], [-2, 13], [3, 0], [1, 8], [-1, 1], [-8, -2], [-1, -1], [-4, -1], [0, 3], [-6, -1], [1, -2], [-1, -7], [-7, -2], [-4, -5], [-3, 0], [-1, 1], [-1, 15], [3, 16], [1, 38], [-2, 8], [0, 13], [2, 4], [5, 3], [15, 3], [1, 1], [1, 13], [-1, 0], [-2, -5], [-13, -2], [-7, -3], [-2, 0], [-4, 2], [0, 4], [-2, 1], [-2, 12], [-2, 1], [-7, 23], [-2, 2], [-2, 7], [-4, 1], [0, 4], [-6, 6], [0, 4], [-3, 0], [-1, 8], [-1, 2], [0, 4], [2, 3], [6, 1], [3, 4], [2, 4], [3, 1], [1, 3], [3, 3], [0, 5], [3, 1], [2, 2], [5, -1], [1, -4], [1, -1], [2, -7], [4, -1], [5, -3], [4, 0], [3, 2], [0, 12], [-2, 3], [-3, 1], [-10, -1], [1, 7], [-3, 0], [2, 3], [-1, 7], [-3, 5], [-3, 3], [0, 2], [4, 3], [3, 1], [-1, 8], [-3, 4], [-2, 6], [-2, 1], [-4, -1], [-1, -3], [-1, -1], [-1, -12], [-1, -1], [-1, -5], [3, 0], [-4, -16], [-7, -1], [-4, -4], [-5, -15], [-3, -3], [-6, -1], [-3, -1], [-2, 0], [-2, 2], [-1, 5], [-5, 7], [-1, 10], [-2, 8], [-4, -2], [-2, 7], [-2, 2], [-1, 5], [-7, 8], [-2, 7], [-2, 0], [-6, 5], [0, 4], [-2, 1], [-4, 4], [-3, 2], [-1, 7], [-3, 1], [-7, 7], [1, 2], [0, 5], [2, 3], [-1, 10], [-9, 2], [-2, -1], [-3, 0], [-4, 4], [-2, 11], [-4, 2], [-1, 7], [-3, 1], [-3, 3], [-5, 3], [0, 4], [-3, 1], [-3, 4], [-2, 1], [-1, 3], [1, 8], [-7, 1], [-3, -2], [0, 3], [-8, 3], [0, 3], [-4, 1], [-1, 5], [-5, 1], [0, 4], [-4, 0], [0, 1], [2, 0], [0, 3], [-5, 0], [-1, 1], [0, 6], [-4, 0], [0, 3], [2, 0], [-1, 7], [-3, 1], [-1, 2], [-3, 0], [0, 7], [-2, 3], [-3, 0], [0, 4], [3, 0], [1, 1], [0, 5], [-1, 2], [-8, 1], [-1, 7], [-2, 3], [-1, 4], [-3, 0], [1, 3], [-3, 5], [-2, 5], [0, 3], [-2, 3], [-2, 25], [-2, 10], [-3, 4], [-4, 15], [-3, 3], [0, 7], [-2, 4], [-5, 4], [-3, 7], [1, 2], [-2, 6], [-8, 8], [-1, 4], [1, 5], [1, 2], [1, 3], [-1, 5], [0, 6], [-1, 5], [-3, 8], [0, 13], [2, 9], [2, 12], [2, 9], [1, 7], [-1, 13], [0, 11], [-3, 9], [-1, 4], [-3, 11], [-1, 4], [-1, 5], [-2, 9], [-2, 7], [-1, 6], [-2, 6], [-1, 2], [-3, -2], [0, 1], [2, 1], [-2, 8], [-3, 6], [-2, 6], [-3, 8], [-3, 6], [-2, 3], [-1, 3], [-1, 2], [-1, 3], [-4, 15], [-2, 1], [0, 4], [-2, 3], [-3, 5], [-1, 5], [-4, 6], [0, 7], [-1, 11], [-3, 9], [0, 5], [-1, 1], [-4, 13], [-3, 5], [-6, -1], [-1, 6], [-1, 4], [-4, 5], [-2, 6], [-4, 5], [-4, 8], [-3, 9], [-7, 8], [0, 3], [-2, 4], [-3, 4], [-5, 17], [-4, 5], [-1, 8], [-5, 7], [-4, 1], [-4, 3], [-4, 5], [-3, 1], [-1, 3], [-3, 7], [-5, 1], [-2, 5], [-10, 4], [-1, -7], [-4, 4], [-1, 29], [-1, 5], [-1, 23], [-2, 5], [0, 5], [-12, 47], [-4, 0], [-1, 4], [-1, 1], [-1, 7], [-7, 8], [-2, 10], [-4, 5], [-5, 10], [-4, 2], [-3, 9], [-2, 2], [-1, 10], [-6, 8], [-9, 0], [-6, 1], [-1, 2], [-3, 1], [-1, 3], [-2, 4], [-1, 3], [-3, 1], [-1, 1], [-4, 0], [-12, -3], [0, 5], [-4, 1], [-2, 5], [-5, 3], [-3, 2], [0, 4], [-2, 3], [-6, 2], [-1, 5], [-7, 1], [-7, 5], [-4, 0], [0, 4], [-4, 2], [-5, 1], [0, 3], [-4, 0], [-2, -2], [-13, 0], [-3, 4], [-7, 2], [-1, 1], [-15, 1], [-8, 3], [-3, 3], [-3, 0], [0, 3], [-8, 1], [-2, 3], [-10, 7], [-8, 3], [0, 3], [-7, 2], [-4, 5], [-8, 4], [-9, 0], [-2, 1], [-2, -8], [0, -5], [-2, -3], [-12, 2], [-3, 3], [0, 3], [-16, 3], [-21, 10], [-2, 0], [-7, 4], [-3, 0], [-3, 2], [-7, 1], [1, 3], [-6, 0], [-1, 5], [-2, 3], [-6, 0], [-2, -5], [-3, 0], [0, 3], [-1, 1], [0, 3], [2, 0], [0, -3], [2, 0], [-2, 9], [-2, 4], [-8, -2], [1, -5], [-5, 5], [1, 2], [0, 5], [-4, 5], [-3, 8], [-4, 5], [-1, 5], [1, 8], [2, 0], [-1, 8], [-2, 2], [-2, 7], [-11, 1], [-2, 0], [-1, 7], [3, 11], [-1, 4], [-1, -1], [-3, 1], [0, 11], [-4, 7], [-5, 26], [1, 24], [0, 48], [2, 39], [-2, 24], [-3, 7], [0, 3], [-3, 8], [0, 4], [-4, 9], [1, 27], [-1, 11], [-3, 10], [0, 3], [-4, 12], [-2, 3], [-2, 5], [-3, 1], [-4, 3], [-3, 3], [-7, 4], [-1, 1], [-9, 5], [0, 3], [-15, 3], [-4, 4], [-1, 6], [-3, 5], [-2, 4], [-2, 1], [-3, 3], [-8, 0], [-8, 3], [0, 10], [-2, 21], [0, 5], [-1, 1], [-3, 9], [-3, 6], [-8, 4], [-2, 4], [-4, 1], [-1, 2], [-12, 6], [-1, 3], [-3, 4], [-2, 11], [-1, 2], [-2, 8], [-4, 7], [-2, 8], [-13, 24], [-8, 5], [-8, 0], [-10, 3], [0, 4], [-2, 4], [-7, 2], [-3, 4], [-4, 3], [-3, 1], [-7, 29], [-1, 10], [-1, 2], [-1, 8], [-4, 8], [0, 4], [-2, 3], [-3, 5], [-3, 1], [-1, 1], [-11, 3], [-1, 5], [-3, 1], [-3, 2], [-2, 9], [-5, 6], [-4, 8], [-6, 9], [-3, 0], [0, 3], [-8, 3], [-4, 5], [-5, 2], [-1, 4], [-2, 3], [-3, 1], [-1, 1], [-3, 1], [-1, 5], [-5, 3], [-3, 3], [-5, 3], [-1, 3], [-3, 3], [-3, 10], [-5, 2], [-2, 5], [-5, 1], [0, 4], [-3, 0], [0, 3], [-3, 1], [-5, 6], [1, 3], [-2, 2], [-5, 18], [-2, 3], [-4, 7], [-6, 16], [0, 6], [-1, 4], [-3, 10], [0, 1], [-3, 0], [-1, 2], [0, 1], [2, 2], [-2, 9], [-5, 12], [-3, 5], [-1, -1], [-1, 1], [1, 1], [-2, 4], [-3, 7], [-1, 2], [-2, 2], [-1, -1], [-6, 10], [-5, 8], [3, 2], [-1, 1], [0, 1], [-1, 2], [0, 1], [1, 2], [-1, 1], [0, 3], [-1, 1], [0, 2], [-2, 2], [0, 1], [-6, 6], [-1, -1], [-3, -1], [0, -2], [-1, -1], [-2, 2], [0, 3], [3, 3], [1, -1], [-1, -2], [7, 1], [2, 9], [1, 7], [0, 16], [-2, 6], [-1, 2], [0, 5], [-4, 6], [-8, 8], [-7, 6], [-4, 3], [-3, 5], [-4, 6], [-5, 5], [-3, 5], [-10, 8], [-6, 5], [-3, 1], [-4, 4], [-10, 4], [-2, 1], [-6, 0], [-1, -1], [-2, 1], [-10, 2], [-1, -1], [-1, 1], [0, 1], [-6, 4], [-10, 5], [-1, 1], [-10, 5], [-2, 0], [-1, 1], [-4, 1], [-2, -2], [-6, 5], [-26, 4], [-10, 7], [-4, 5], [-8, 3], [-4, 3], [-3, 3], [0, 3], [-2, 1], [-4, 3], [-7, 5], [-3, 4], [-8, 4], [0, 3], [-3, 1], [-2, 3], [-4, 5], [-9, 3], [0, 7], [-6, 6], [-2, 8], [-4, 5], [-2, 1], [-2, 2], [-9, 3], [-18, 0], [-2, 5], [1, 31], [-3, 8], [-4, 5], [-5, 6], [-10, 7], [-25, 9], [-10, 1], [-11, 5], [-2, 3], [-2, 6], [-4, 4], [-1, 3], [-2, 4], [-5, 2], [-4, 1], [-9, 6], [-3, 5], [-1, 1], [-29, 8], [-2, 1], [-2, 0], [-7, -2], [-5, -3], [-2, -1], [-1, -2], [-1, 0], [0, -1], [-1, 0], [-1, -1], [0, -1], [-1, 0], [0, 2], [1, 0], [1, 1], [0, 1], [-2, 3], [-1, -2], [-1, -1], [0, 2], [1, 1], [0, 7], [-1, 1], [0, 2], [-1, 1], [-2, 0], [-9, -1], [-2, 3], [-13, 2], [-4, -3], [2, -3], [-1, -5], [-8, 7], [0, 3], [-2, 1], [-6, 4], [-1, 7], [-3, 1], [-1, 1], [-3, 1], [0, 4], [-3, 3], [-1, 18], [1, 1], [2, 5], [0, 8], [-2, 4], [0, 3], [-2, 3], [-2, 0], [-2, 10], [-2, 2], [-2, 8], [-4, 5], [0, 3], [-1, 2], [0, 3], [3, 4], [3, 0], [11, -5], [8, -2], [5, 5], [5, 2], [8, 6], [4, 5], [6, 3], [2, 2], [-1, 3], [7, 0], [1, 5], [0, 1], [10, 0], [4, 1], [1, 2], [11, 1], [6, 5], [5, 2], [1, 0], [1, 4], [3, 0], [1, 2], [10, 1], [7, 8], [4, 4], [4, 3], [9, 3], [5, 3], [9, 9], [3, 6], [3, 4], [6, 3], [5, 0], [1, 1], [0, 3], [5, 1], [2, -2], [7, -8], [3, -1], [0, -3], [4, -7], [0, -3], [3, -3], [2, -7], [12, 1], [9, 4], [-1, -2], [0, -10], [1, 1], [1, 12], [3, -1], [1, -1], [3, -1], [0, -3], [2, -2], [0, 10], [6, 4], [4, 3], [5, 5], [2, 5], [4, 7], [1, 11], [-6, 0], [0, 8], [-4, 2], [-1, 5], [18, -1], [2, -2], [11, 0], [18, -7], [1, -2], [4, 0], [2, 2], [3, 1], [0, 3], [6, 11], [3, 26], [-1, 5], [-2, 3], [-8, 4], [-2, 6], [-2, 0], [0, 4], [-4, 8], [1, 15], [-3, 6], [0, 3], [-2, 7], [-3, 1], [-1, 1], [-14, 7], [-5, 2], [-5, 7], [-6, 1], [-4, 5], [-7, 1], [-7, 4], [0, 3], [-3, 7], [-9, 0], [0, 3], [-13, -2], [-2, 2], [-12, 6], [0, 3], [-9, 2], [-2, 2], [-5, -1], [-19, -2], [-10, -4], [-14, -3], [-7, 0], [-8, 3], [-19, 1], [-10, 6], [-9, -1], [-7, 0], [-3, 1], [-4, 3], [-2, 2], [-7, 4], [-12, 6], [-2, 0], [-8, 3], [-7, -3], [1, -2], [-3, -3], [-2, -12], [-6, 0], [-7, 3], [-2, 0], [-7, 5], [-5, 5], [-3, 4], [-13, 0], [-16, 7], [-3, 4], [-5, 11], [-4, 10], [-2, 3], [-3, 0], [-1, 5], [-7, 2], [0, 1], [-1, 10], [0, 3], [-2, 8], [0, 4], [-6, 8], [-7, 3], [-12, 1], [-7, -1], [-7, 5], [-25, 1], [-4, 1], [-9, 0], [-5, -3], [-2, 0], [-2, 2], [-34, 1], [-5, -5], [-5, -2], [-10, 2], [-2, 2], [-34, -1], [-8, -3], [-9, -10], [-2, 0], [-2, 1], [-2, 8], [1, 18], [-2, 5], [-1, 26], [-4, 9], [0, 3], [-3, 1], [-5, 5], [-5, 0], [-1, 1], [0, 5], [-3, 0], [-1, 2], [-4, 2], [-1, 1], [-6, 2], [-4, 5], [-5, 0], [-4, 5], [-7, 4], [-9, 2], [-19, 0], [-4, 4], [-4, 9], [-2, 6], [-4, 8], [-4, 5], [-4, 3], [-5, 3], [-3, 2], [-7, 7], [-7, 0], [-12, 14], [-6, 5], [-5, 8], [-8, 10], [-4, 3], [-1, 3], [-6, 9], [-5, 4], [-3, 2], [-1, 4], [-8, 7], [-1, 2], [-1, 5], [-6, 9], [-3, 0], [-1, 3], [-3, 5], [-6, 2], [0, 3], [-2, 3], [-3, 1], [-1, 2], [-4, 2], [-6, 5], [-2, 2], [-8, 5], [-10, 6], [-14, 0], [-4, -1], [-5, 0], [-5, -5], [-5, -2], [-1, -5], [-1, -2], [-1, -3], [-4, -2], [-2, -4], [-2, -1], [-7, -7], [-4, -1], [-3, -3], [-7, -3], [-7, -5], [-4, 1], [0, 3], [-1, -1], [-3, 0], [-3, 3], [1, 1], [0, 4], [-1, 1], [-4, 1], [-4, 4], [1, 4], [-2, 6], [-7, -1], [0, -5], [-3, 1], [-1, 1], [-8, 2], [-2, 2], [-17, 2], [-5, 3], [-6, 2], [-3, 3], [-3, 1], [2, 3], [-6, 1], [-4, -4], [1, -5], [-2, 0], [0, 8], [5, 7], [-2, 8], [-1, 3], [0, 4], [-5, 14], [-2, 1], [-4, 4], [1, 5], [-4, 1], [-8, 4], [-1, 5], [-10, 5], [-12, 1], [-7, -4], [-6, -6], [-1, -5], [-2, -6], [-1, -12], [0, -1], [-2, 1], [-2, 0], [-2, -1], [-1, -7], [-7, -2], [-3, -2], [1, -15], [1, -3], [1, -9], [2, 0], [4, -4], [6, -5], [9, 0], [2, 2], [6, 4], [2, 19], [-1, 2], [-6, 2], [1, 4], [2, 2], [0, 3], [10, 1], [3, -3], [3, -6], [5, -5], [0, -21], [1, -4], [4, -4], [4, -2], [4, -3], [7, -8], [4, 0], [3, 1], [1, 0], [2, -2], [0, -18], [1, -2], [2, -6], [5, -2], [6, 1], [11, 4], [5, 0], [1, -1], [-1, -1], [-9, -18], [-2, -9], [2, -9], [4, -3], [8, -3], [2, -3], [6, -19], [7, -21], [-1, -3], [-2, 4], [-4, 2], [-3, 11], [-3, 7], [-5, 3], [-2, 1], [-11, 4], [-9, -2], [-9, -3], [-11, -10], [6, -10], [11, 3], [2, -2], [-4, -4], [-3, -5], [5, -14], [-11, 14], [-5, 4], [-6, 10], [-1, 4], [-4, 10], [-22, 39], [-22, 37], [-24, 30], [-5, 4], [-5, 3], [-7, 3], [-12, 1], [-7, -2], [-7, -3], [-8, -1], [-6, -5], [-4, -4], [-3, -13], [-3, 0], [-1, -7], [-2, -4], [-3, 0], [-2, -12], [-3, 0], [-2, -5], [-4, -1], [-1, -5], [-15, -5], [-3, 0], [-12, -5], [-11, -1], [-11, -5], [-2, -2], [-12, 0], [0, 3], [-22, 0], [-1, -1], [0, -3], [-13, 2], [-5, -5], [-10, -2], [-7, -10], [-18, -1], [-12, 4], [-11, 7], [-12, 4], [-9, -4], [-34, -38], [-4, -8], [1, -4], [8, 2], [14, 14], [20, 12], [10, 5], [9, 3], [6, 0], [0, -3], [-20, -8], [-6, -7], [1, -6], [5, 0], [11, 2], [11, 5], [5, 2], [3, 3], [10, 6], [7, 1], [0, 3], [11, 1], [4, 3], [2, 1], [-1, -5], [-7, -2], [0, -3], [-7, 1], [-1, -2], [-7, -1], [-1, -2], [-3, 0], [-1, -4], [-6, -8], [-10, 0], [-3, -2], [-4, 0], [-4, -3], [-5, 0], [-4, -2], [-6, 1], [-18, -7], [-1, -1], [-6, -3], [-2, 0], [-2, -1], [-1, -3], [-2, -4], [-2, 1], [-2, -5], [-3, 0], [-1, -5], [-3, -1], [-5, -4], [-2, -5], [-2, 0], [0, -3], [-3, 0], [0, -3], [-3, 0], [-1, -3], [-6, -12], [-4, -1], [-1, -3], [-1, -2], [-1, -3], [-3, 0], [0, -4], [-3, -3], [-2, -5], [-3, 0], [-7, -8], [-6, -4], [-28, 2], [0, 3], [-10, 2], [2, 3], [-10, 3], [-12, -2], [-3, -9], [-8, 0], [-7, 2], [-25, 2], [-20, 0], [-5, 5], [-12, 5], [-11, 0], [-8, -1], [-5, -3], [-4, -1], [-1, -2], [-2, -1], [-4, 8], [-4, 9], [-6, 5], [-9, 5], [-8, 1], [-5, -1], [-4, -2], [-3, -3], [-2, -5], [-3, -4], [-9, 2], [-6, 1], [-8, -1], [-11, -4], [-6, -4], [-9, -9], [-2, 0], [-3, -3], [1, 2], [-1, 3], [-3, 3], [-6, 3], [-7, 9], [-6, 6], [-12, 0], [-9, -3], [-6, -4], [-3, -4], [-2, -3], [-1, -13], [2, -3], [1, -3], [8, 0], [1, -4], [1, 0], [2, -1], [0, -10], [-1, -2], [-8, 1], [-2, -1], [-5, -2], [-2, -1], [-6, -2], [-21, -8], [-15, 0], [0, 3], [-3, 1], [-1, 2], [-4, 0], [-3, 14], [-3, 0], [0, 1], [10, 3], [0, 2], [-3, 0], [0, 3], [-7, 1], [-5, -2], [1, -5], [-4, -7], [-3, 0], [-5, 1], [-1, 3], [-2, 3], [-2, 12], [-6, 1], [0, 13], [5, 4], [4, 5], [5, 6], [6, 10], [2, 7], [-1, 7], [-5, 6], [-2, 13], [-4, 3], [-1, 4], [2, 6], [-1, 8], [-4, 6], [-1, 5], [-5, 8], [-4, 7], [-3, 1], [-2, 2], [0, 3], [7, 0], [0, -3], [1, -1], [4, 0], [3, 2], [5, 0], [1, 7], [8, 4], [3, 6], [4, 3], [0, -8], [4, 0], [2, 6], [1, 2], [0, 1], [-2, 4], [6, -1], [4, 1], [1, 2], [8, 4], [6, 0], [4, 4], [11, 3], [10, 5], [8, 7], [4, 5], [2, 0], [2, 3], [1, 6], [-2, 2], [-5, -5], [-12, -14], [0, 3], [6, 5], [6, 7], [3, 4], [6, 7], [6, 4], [5, 5], [3, 7], [-7, 8], [-9, 8], [-15, 11], [-13, 5], [-22, 3], [-20, -3], [-10, -7], [-5, -10], [0, -16], [-2, -6], [-8, 6], [-8, 5], [-9, 4], [-2, -1], [-1, -1], [-3, 0], [-3, 1], [-5, 1], [0, -3], [4, -1], [1, -1], [-1, -6], [-1, -5], [-1, -2], [0, -11], [3, -21], [-4, 0], [-1, 10], [-3, 5], [-2, 6], [-6, 3], [-21, 2], [-4, -2], [-4, -3], [-3, -3], [-4, -2], [-6, -4], [0, -6], [8, -1], [6, -4], [4, -5], [8, 0], [1, -1], [-3, -21], [-7, -11], [-4, -5], [0, -5], [6, -5], [-1, -2], [-1, -3], [0, -1], [2, -3], [-3, -2], [1, 3], [-3, 2], [-10, -3], [-5, -5], [-2, -3], [-9, -5], [-5, -8], [-6, -13], [4, -2], [-5, -8], [1, -6], [-3, -1], [-4, -4], [-2, -5], [-5, -2], [-1, -8], [-2, -3], [-3, -1], [-5, -4], [0, -3], [-3, 0], [-4, -11], [-3, 0], [1, -2], [0, -3], [-5, -13], [-4, -6], [-1, -7], [-2, 0], [-1, -3], [1, -7], [-6, 0], [-7, -5], [-24, 0], [-2, -1], [-4, 0], [-3, 1], [-15, 1], [-1, 1], [1, 3], [1, 5], [2, 2], [3, 1], [1, 6], [0, 1], [4, 1], [-3, 10], [-1, 1], [-3, 12], [2, 0], [0, 5], [9, 1], [0, 10], [2, 5], [0, 5], [-3, 16], [1, 1], [3, 1], [-1, -4], [2, -2], [11, 1], [3, 3], [1, 6], [-3, 4], [1, 6], [9, 4], [2, 2], [1, 4], [4, -5], [3, 0], [4, 4], [14, 3], [3, 2], [1, 3], [4, 1], [2, 2], [0, 10], [2, 0], [0, -3], [4, 1], [2, 1], [11, 5], [7, 5], [2, 2], [1, 8], [-6, 3], [-5, 5], [-6, 2], [1, 4], [-3, 14], [-3, 0], [0, 5], [3, 1], [4, 3], [3, 4], [1, 16], [7, 9], [4, 4], [7, 5], [1, 4], [-7, 7], [-5, 6], [-9, 8], [-11, 3], [-7, -3], [-2, -7], [-10, -6], [-11, -3], [-15, -1], [-16, -23], [-4, -9], [-4, 1], [0, 4], [-12, 1], [-6, 5], [-1, 0], [-8, -6], [0, -5], [2, -1], [2, -2], [-1, -11], [-2, -4], [-4, 0], [-3, -3], [0, -3], [-3, 0], [-1, -7], [-13, 0], [-1, -1], [0, -5], [-6, 3], [-1, 0], [-10, -5], [-4, -4], [1, -3], [1, -1], [2, -1], [1, -3], [3, -6], [4, -1], [2, -8], [3, -3], [0, -4], [-2, -6], [3, -1], [2, -2], [-1, -4], [-3, 0], [-1, -2], [-3, 0], [-5, -3], [-5, 0], [-2, -2], [-6, 0], [-2, 2], [-14, 0], [0, 3], [-3, -1], [-16, 1], [0, 3], [-6, 1], [-2, 4], [-13, 1], [-5, 5], [-1, -5], [-1, -2], [-1, -5], [-3, 3], [-4, 1], [0, 3], [-8, 1], [-3, 3], [-7, 3], [0, 3], [-6, 3], [-3, 2], [-1, 3], [-2, 4], [-2, 0], [-3, 3], [-1, 6], [-3, 1], [-2, 2], [-2, 1], [-1, 3], [-2, 3], [-5, -1], [0, -13], [1, -3], [4, -5], [2, -4], [3, -4], [3, -2], [2, -4], [3, -2], [5, -6], [2, -6], [4, -1], [0, -5], [2, -11], [-3, 6], [-3, 1], [-1, 3], [-4, 7], [-6, -4], [0, -4], [-1, 0], [-1, 4], [-3, 5], [0, 5], [-4, 2], [-1, 3], [-1, 2], [-1, 3], [-8, 0], [-1, -3], [-1, -1], [0, -2], [1, -3], [0, -4], [3, -8], [-1, -3], [5, -6], [3, -1], [0, -3], [4, 1], [3, 3], [3, 0], [1, -2], [4, -1], [3, -8], [3, -5], [0, -5], [4, -5], [1, -3], [8, -1], [2, -2], [0, -4], [-5, 1], [-1, -1], [-6, -3], [-1, 5], [-4, -1], [-2, -1], [-2, 1], [-1, -5], [1, -5], [-1, -8], [3, -1], [6, -6], [3, -8], [3, -3], [-1, -2], [-2, -3], [-4, 1], [-2, 3], [-6, 3], [-8, 3], [-1, -5], [2, -3], [0, -4], [-1, -1], [-7, -2], [-1, 0], [-6, 3], [-1, 0], [-6, -2], [1, -7], [1, -1], [2, 0], [2, -6], [4, -4], [2, -1], [4, -4], [0, -4], [3, -1], [2, -4], [3, -11], [0, -1], [9, -2], [1, -1], [12, 1], [3, 2], [12, -3], [0, -5], [3, -1], [2, -2], [0, -7], [7, -8], [0, -3], [3, 0], [0, -4], [-10, 0], [-1, -2], [-12, 2], [-2, -2], [-9, -3], [-4, 0], [-5, -1], [-12, 0], [-24, 5], [-3, 2], [-10, 0], [-38, -12], [-7, -5], [-10, 0], [-8, -7], [-1, 2], [8, 8], [6, 4], [-4, 17], [0, 7], [3, 6], [3, 5], [1, 1], [1, 15], [2, 18], [3, 2], [4, 1], [0, 3], [5, 1], [1, 1], [-1, 14], [2, -1], [3, -5], [0, -5], [2, -3], [5, -4], [0, -3], [3, 0], [0, -3], [6, -1], [6, 1], [7, -1], [0, 2], [1, 15], [-1, 3], [0, 6], [-1, 2], [-2, 0], [0, 3], [-3, 0], [0, 4], [11, 2], [3, 2], [0, 10], [4, 4], [3, 2], [2, 10], [3, 6], [7, 4], [0, 8], [-2, 3], [-6, 2], [0, 3], [-16, -2], [-4, -2], [-1, -15], [1, -2], [1, -3], [1, 1], [6, -1], [-2, -3], [0, -8], [-5, -1], [-3, 3], [-8, 3], [-4, 13], [0, 6], [-3, 0], [0, 4], [-11, -3], [-3, -2], [-1, -8], [-3, 0], [0, -11], [-3, -1], [-1, -2], [-7, 0], [-1, 2], [-4, 1], [0, 6], [11, 6], [2, 4], [0, 3], [-1, 5], [-3, 5], [0, 20], [-3, 5], [-2, 6], [-4, 2], [-1, 13], [6, 2], [4, 5], [4, 2], [3, 4], [1, 3], [7, 0], [-1, -8], [1, -10], [2, -2], [3, -10], [3, 0], [1, -3], [2, -5], [2, -2], [6, -3], [0, -3], [2, -3], [7, -1], [3, -2], [10, 3], [4, 5], [0, 3], [-2, 6], [-4, 8], [-6, 1], [-3, 2], [0, 5], [-7, 0], [1, 10], [3, 3], [0, 12], [-2, 1], [-3, 18], [24, 7], [0, 9], [-3, 1], [-9, 9], [-7, 8], [-7, 2], [-1, 1], [-9, 4], [-5, 0], [-1, -2], [-3, -1], [-5, -21], [0, -14], [-7, 3], [0, 3], [-2, 2], [0, 3], [-2, 3], [-4, 10], [-12, 3], [-23, 4], [-8, 4], [-7, 6], [-4, 14], [-5, 9], [-3, 1], [-5, 5], [-3, 4], [-11, 1], [-4, -3], [-3, 0], [-4, -5], [-3, 0], [0, -4], [-4, -1], [-1, -3], [-3, -4], [0, -3], [-3, 3], [-1, 0], [-3, -4], [-6, 0], [-8, 6], [-2, 7], [-2, 3], [-2, 10], [2, 2], [0, 3], [3, 1], [1, 0], [1, 4], [2, 0], [5, 6], [0, 5], [2, 0], [0, 3], [3, 0], [-1, 7], [11, 0], [7, 5], [2, 0], [1, 1], [1, 3], [3, 0], [-1, 7], [-4, 6], [-3, 5], [-5, 2], [-1, 6], [-3, 1], [-4, 4], [-2, 3], [-3, 1], [0, 3], [-4, 2], [0, 3], [-4, 2], [-1, 3], [-3, 3], [-1, 5], [-1, 2], [-1, 5], [-8, 49], [0, 8], [-2, 11], [-15, 1], [-7, -1], [-3, -3], [-1, -6], [-4, 0], [-4, -11], [-1, -18], [-2, -3], [0, -4], [1, -1], [3, 0], [-1, -9], [1, -4], [-2, -30], [0, -1], [-2, 0], [-2, 6], [-4, 8], [-3, 1], [-6, 5], [-8, 4], [-2, 0], [-5, -3], [-4, -2], [-4, -4], [-1, -3], [-4, -5], [-1, -7], [-2, -1], [0, -3], [-3, 0], [-1, 6], [-2, 7], [0, 3], [-2, 8], [-3, 0], [1, 3], [-2, 2], [-3, 13], [-3, 0], [-1, 7], [-3, 0], [0, 3], [-8, 4], [-7, 2], [-5, 3], [-7, 2], [-4, -3], [-4, -2], [-4, -4], [-9, -4], [1, -4], [1, -1], [1, -7], [-4, 0], [0, -3], [3, 0], [-1, -2], [0, -3], [1, -3], [-1, -8], [-5, -2], [-1, -33], [1, -1], [-1, -13], [-3, -3], [-6, -23], [-1, -7], [-2, 1], [-3, -2], [-1, -3], [-1, -2], [-1, -7], [-6, -1], [0, -3], [-3, -5], [-3, -3], [-3, -9], [-1, -1], [-1, -3], [-2, 1], [0, 4], [-6, -3], [-15, 0], [-4, -1], [-2, -2], [-5, -2], [-2, -10], [-2, -1], [-2, -9], [-3, -3], [-2, -5], [-2, -3], [-3, -6], [3, 0], [-3, -5], [-4, -1], [-5, -6], [-7, -4], [-4, -4], [-3, -1], [0, -3], [-3, 0], [-1, -4], [-3, -4], [-10, -5], [0, -3], [-2, -1], [-3, -3], [-1, -5], [-3, -6], [-3, 0], [-2, -6], [-4, -7], [14, 1], [1, -1], [0, -5], [-5, -2], [-3, -3], [1, -5], [6, -7], [6, -5], [9, -4], [1, -1], [7, -4], [1, -1], [3, -2], [4, 0], [3, -3], [4, -1], [-1, -3], [3, -4], [5, -3], [0, -2], [-1, -1], [-3, -10], [1, -7], [5, -2], [1, -2], [22, -2], [4, -5], [2, -9], [-6, -1], [-1, -12], [3, -5], [3, -8], [2, -3], [7, -20], [0, -5], [-5, -1], [-2, -10], [-2, -1], [-1, -5], [-2, -4], [-4, 0], [0, -3], [-3, 1], [-4, 4], [-2, 7], [-7, 11], [-8, 12], [-9, -2], [-2, -2], [-7, -2], [-5, -3], [-2, -1], [-1, -6], [1, -3], [0, -4], [-2, -8], [-3, 0], [-2, -4], [-4, 0], [-2, 2], [-4, 0], [-1, -2], [-3, 0], [0, -4], [-3, 0], [-4, -5], [-6, -4], [1, -7], [-7, -11], [-3, -10], [-1, -1], [-2, -7], [-1, -1], [-1, -12], [-3, 0], [0, -1], [3, -26], [5, -4], [2, -11], [1, -23], [-1, -10], [-3, -10], [-1, -1], [-4, -8], [2, -7], [1, -7], [-2, -10], [-1, -4], [-1, -7], [0, -3], [-1, -3], [-1, 0], [-3, 3], [-3, 6], [0, 19], [-1, 1], [-4, 6], [-6, 3], [-6, 1], [-3, 0], [-3, -2], [-4, -4], [1, -2], [5, -12], [1, -12], [1, -3], [0, -2], [1, -6], [-1, -4], [1, -4], [-2, -3], [-1, -6], [0, -2], [-6, 1], [-20, 5], [-1, -1], [0, -1], [-1, -1], [1, -3], [0, -2], [-1, 0], [0, -1], [1, 0], [0, -1], [-1, 0], [0, -1], [3, -1], [0, 0], [-2, 1], [-1, -1], [0, -2], [5, -3], [1, 2], [0, 1], [1, -1], [0, -1], [-2, -2], [-5, 4], [0, -1], [-1, 0], [0, -1], [-1, -3], [0, -1], [1, -2], [1, -3], [-3, 0], [-1, -2], [-7, 0], [-2, -1], [-1, -6], [-1, 1], [-6, 1], [-4, 0], [-6, -2], [-4, -2], [-3, -3], [0, 3], [-3, 3], [-2, 3], [-3, 3], [-1, 0], [-1, 1], [-1, 2], [-2, 2], [-2, 1], [-3, 1], [-4, 0], [0, 1], [-1, 1], [-2, 3], [-2, 2], [-1, 2], [-6, 6], [-2, 1], [0, 1], [-2, 0], [-1, 1], [-1, 0], [0, 2], [-1, 0], [-1, 1], [1, 0], [0, 1], [-1, 0], [0, 6], [-1, 1], [0, 2], [1, 0], [0, 1], [1, 0], [1, 2], [0, 1], [1, 1], [-1, 1], [0, 2], [-1, 0], [0, 1], [-1, 0], [0, 1], [-1, 0], [0, 5], [-1, 1], [0, 4], [-1, 0], [0, 2], [-1, 0], [0, 2], [-1, 1], [0, 12], [-1, 0], [-1, 1], [0, 3], [-1, 0], [0, 1], [1, 0], [0, 1], [-1, 0], [0, 8], [1, 0], [0, -8], [4, 0], [0, 7], [-1, 0], [0, -1], [-1, 0], [-1, -1], [-1, 0], [1, 1], [1, 0], [0, 1], [2, 1], [0, 1], [1, 0], [1, -1], [1, 1], [1, 0], [1, -1], [1, 0], [0, -2], [1, -1], [0, -2], [-1, 0], [0, 4], [-1, 1], [-3, 0], [0, -3], [1, -1], [0, -1], [-2, -4], [0, -1], [-1, -1], [0, -2], [2, 0], [1, -1], [1, 0], [1, -1], [1, 0], [0, -1], [1, 0], [0, -1], [1, -1], [2, -1], [1, -2], [1, 0], [0, -1], [3, 0], [1, -1], [3, 0], [1, -1], [0, -1], [1, 0], [1, 1], [1, 0], [0, 1], [-1, 0], [0, 4], [-1, 1], [0, 2], [-1, 1], [0, 1], [-2, 4], [0, 1], [-1, 3], [0, 1], [-1, 1], [0, 5], [-1, 3], [-4, 4], [0, 1], [1, 1], [0, 5], [-1, 0], [-1, -1], [0, 1], [2, 0], [2, 2], [1, 0], [0, 1], [12, 0], [1, -1], [3, 0], [2, 1], [3, 1], [2, 1], [0, 1], [1, 0], [0, 1], [-1, 2], [0, 2], [-2, 4], [0, 13], [-1, 4], [-2, 3], [-2, 4], [-3, 4], [-5, 4], [-13, 0], [-4, -1], [-3, -4], [-1, -4], [0, -3], [-2, -4], [0, -5], [2, -3], [4, -1], [1, -2], [-1, -2], [-2, -2], [-2, 0], [-2, -3], [-2, 1], [-2, 5], [-1, 3], [0, 2], [1, 3], [0, 3], [-1, 2], [-2, 1], [-4, 7], [-3, 4], [-2, 3], [-1, 0], [-4, -1], [2, 1], [1, 2], [1, 5], [2, 7], [-1, 4], [1, 5], [0, 3], [1, 6], [1, 5], [-1, 1], [-1, 2], [0, 2], [-2, 3], [-3, 5], [-8, 8], [-2, 0], [-1, 1], [-1, -1], [-3, 1], [-1, 3], [-1, 6], [-2, 2], [-3, 0], [-1, 4], [-3, 0], [0, 1], [-2, 0], [0, 1], [-2, 0], [-1, 1], [1, 2], [0, 2], [1, 3], [-1, 1], [-1, 3], [4, 6], [0, 4], [-1, 4], [0, 3], [4, 7], [1, 3], [3, 5], [4, 2], [5, 2], [5, 4], [2, 2], [0, 8], [-2, 3], [-2, 2], [0, 2], [-1, 1], [-2, 0], [0, 2], [1, 2], [1, 5], [0, 2], [-2, 2], [0, 1], [1, 2], [4, 1], [5, 3], [4, 3], [1, 4], [0, 3], [-3, 7], [-2, 3], [-2, 0], [0, 1], [-1, 3], [-2, 3], [-1, 2], [-2, 1], [-3, -1], [-1, 0], [0, 2], [1, 1], [0, 4], [1, 2], [0, 1], [1, 2], [-1, 2], [1, 2], [2, 2], [1, 4], [1, 5], [0, 3], [-2, 7], [-2, 4], [-2, 5], [-3, 2], [-1, 0], [-1, -2], [-2, 0], [-1, -1], [-1, 1], [1, 1], [-1, 1], [0, 1], [-1, 0], [0, 6], [1, 2], [0, 3], [2, 6], [1, 1], [1, 0], [12, 3], [4, 3], [0, 5], [-1, 3], [-1, 2], [-1, 0], [-1, 1], [1, 0], [1, 2], [0, 6], [-2, 4], [-3, 4], [-2, 3], [-4, 3], [-8, 8], [-10, 5], [-3, 2], [-4, 2], [-7, 2], [-10, 3], [-9, 0], [-4, -2], [-3, -2], [-5, -2], [-7, -7], [-2, -3], [-2, -2], [1, -3], [3, -2], [0, -3], [2, -2], [1, -2], [-1, -4], [-3, -5], [-1, -5], [0, -3], [-1, -2], [-1, -1], [0, -9], [-3, -3], [0, -4], [-2, -3], [-1, 1], [-5, 2], [-9, 3], [-5, 2], [-10, 0], [-6, -1], [-3, -2], [-2, -4], [-3, -2], [-1, -2], [-1, -3], [1, -2], [0, -1], [-2, -3], [0, -2], [2, -4], [0, -5], [2, -2], [0, -1], [-1, 0], [0, 1], [-2, 1], [-2, 0], [-3, 1], [-2, 1], [-8, 0], [-2, 1], [-2, 0], [-3, -1], [0, 1], [-5, 0], [0, 0], [-1, 0], [-1, 1], [0, 1], [-2, 1], [-2, 2], [-1, 0], [0, 2], [-1, 0], [0, 2], [-1, 0], [0, 4], [-1, 0], [0, 1], [1, 1], [0, 1], [1, 2], [0, 2], [1, 0], [0, 2], [1, 1], [0, 3], [1, 2], [0, 3], [1, 2], [0, 5], [-1, 3], [-1, 1], [-1, 3], [-1, 2], [-2, 1], [-2, 0], [0, 1], [-2, 1], [-1, 0], [0, 1], [-1, 0], [-1, 1], [-1, 0], [-1, 2], [-1, 1], [0, 1], [-1, 1], [0, 6], [1, 0], [2, 2], [2, 1], [1, 1], [4, 2], [2, 0], [1, 1], [0, 1], [2, 1], [0, 5], [1, 1], [0, 1], [1, 0], [0, 4], [2, 2], [0, 1], [1, 0], [0, 3], [1, 0], [0, 1], [1, 1], [0, 5], [2, 3], [1, 2], [0, 1], [1, 2], [1, 1], [1, 2], [0, 2], [-1, 0], [0, 1], [-1, 0], [0, 3], [1, 3], [-1, 1], [0, 4], [-1, 0], [0, 2], [-1, 1], [-1, 0], [0, 2], [-1, 1], [-1, 0], [-1, 1], [0, 1], [-1, 1], [-3, 0], [-1, 1], [-1, 0], [0, 2], [1, 1], [0, 1], [1, 0], [0, 3], [-1, 0], [0, 1], [1, 2], [0, 1], [2, 2], [1, 0], [2, 2], [3, 1], [4, 2], [1, 1], [2, 0], [3, 3], [1, 0], [0, 1], [1, 1], [-1, 1], [0, 1], [-1, 0], [0, 1], [-1, 1], [0, 1], [-1, 1], [0, 1], [0, 0], [0, 1], [2, 1], [1, 0], [1, 1], [6, 3], [3, 3], [0, 3], [-1, 2], [0, 1], [-1, 2], [-1, 1], [0, 3], [-1, 0], [0, 1], [1, 0], [1, 2], [2, 1], [0, 1], [1, 1], [0, 9], [1, 2], [0, 2], [3, 3], [0, 4], [1, 0], [1, 2], [1, 0], [0, 1], [-1, 0], [0, 2], [-1, 0], [1, 1], [0, 1], [1, 0], [0, 1], [1, 0], [1, 1], [1, 0], [0, 1], [1, 1], [1, 0], [1, 1], [0, 1], [2, 0], [0, -1], [1, 0], [0, -3], [9, 0], [1, 1], [2, -1], [5, 0], [4, -1], [6, -1], [2, 0], [3, 1], [2, 0], [1, 1], [1, 0], [1, 2], [1, 1], [0, 1], [-1, 1], [0, 1], [-1, 1], [0, 2], [-1, 2], [-1, 3], [-1, 1], [0, 5], [1, 2], [1, 1], [0, 2], [-1, 1], [0, 1], [-1, 1], [0, 1], [-1, 0], [0, 1], [-2, 0], [-1, -1], [0, 1], [-1, 1], [-1, 0], [0, 1], [-1, 0], [0, 1], [-2, 0], [-1, 1], [0, 2], [-1, 1], [1, 0], [2, 6], [1, 1], [1, 3], [0, 1], [1, 2], [1, 1], [0, 2], [-1, 0], [0, 1], [-1, 1], [-1, 0], [0, 2], [-1, 1], [1, 1], [3, 0], [4, 2], [3, 3], [0, 1], [-1, 0], [0, 2], [-1, 1], [-2, 0], [-1, 1], [1, 1], [0, 1], [1, 1], [1, -1], [1, 0], [0, 1], [-1, 1], [0, 1], [1, 0], [1, 1], [2, 0], [0, 1], [1, 1], [2, 0], [2, 1], [0, 2], [2, 3], [2, 4], [3, 3], [8, 10], [4, 6], [6, 8], [2, 4], [5, 5], [5, 2], [0, -3], [2, -3], [10, -5], [5, -1], [9, -1], [14, 1], [7, 4], [1, 6], [-7, 14], [-2, 2], [-6, 2], [3, 4], [3, 2], [1, 3], [6, 5], [4, 3], [1, 4], [0, 7], [5, 3], [4, 3], [5, 5], [2, 1], [1, 23], [3, 10], [2, 0], [1, 3], [5, 5], [9, 2], [5, 3], [17, 5], [7, 5], [4, 1], [6, 7], [3, 0], [1, 8], [-2, 5], [-5, 1], [-4, 4], [-1, 0], [-1, -2], [-3, 0], [-1, 1], [0, 2], [2, 0], [4, 8], [0, 3], [-1, 3], [-4, -1], [-2, 2], [6, 4], [1, 4], [-2, 3], [1, 2], [2, 5], [-1, 2], [5, 3], [1, 2], [4, 3], [2, 10], [2, 2], [0, 3], [6, 4], [0, 5], [3, 5], [1, -1], [5, 5], [1, 2], [-1, 1], [4, 0], [1, 3], [2, -2], [-1, -2], [3, -3], [0, -3], [8, 1], [4, 4], [1, 5], [8, 1], [0, 4], [10, 0], [1, 3], [1, 0], [0, -2], [-1, -1], [1, -4], [-2, 0], [-3, -3], [1, -3], [0, -2], [-2, 0], [-2, -3], [-4, -3], [-2, -3], [19, -10], [5, -4], [1, -3], [5, -3], [9, -1], [-2, -8], [-7, -3], [-3, -18], [2, -4], [6, -2], [2, -1], [16, -2], [2, -2], [1, 0], [8, 2], [4, -1], [9, 0], [9, 2], [5, 2], [3, 1], [1, 3], [-1, 5], [1, 7], [-1, 8], [1, 9], [0, 9], [-3, 8], [-6, 10], [-6, 8], [-7, 5], [-6, 2], [-4, 0], [-2, -1], [-1, -3], [-3, 0], [-5, -2], [-2, -3], [-3, 3], [-6, 3], [-3, 0], [1, 3], [-1, 5], [-4, 4], [0, 2], [20, 2], [4, 8], [13, 0], [4, 1], [2, 3], [0, 32], [-6, -4], [-4, -4], [-3, -1], [0, -3], [-8, 4], [-5, 6], [0, 8], [-6, 1], [0, 5], [-2, 2], [-1, 8], [-2, 3], [-3, 0], [-1, -2], [-3, -1], [5, 7], [1, 6], [-1, 2], [0, 2], [3, 2], [5, 3], [3, 6], [0, 6], [-1, 2], [0, 8], [1, 8], [1, 1], [3, 1], [0, 5], [4, 0], [5, 4], [0, 3], [-2, 2], [0, 4], [2, -2], [3, -6], [9, -1], [0, 10], [7, 4], [32, -1], [3, 4], [4, 0], [-2, 12], [-4, 6], [-2, 4], [0, 6], [2, 3], [14, 4], [1, 2], [6, 4], [1, 3], [-1, -1], [-5, 0], [-9, 5], [-1, 11], [-1, 2], [-1, 1], [-4, 10], [-2, 1], [-3, 3], [1, 1], [0, 16], [3, 12], [2, 4], [2, 1], [2, 9], [5, 1], [8, 9], [4, 11], [0, 4], [-2, 6], [3, 0], [-1, 3], [-1, 2], [1, 11], [5, 2], [2, 15], [3, 0], [-4, 5], [-2, 4], [-2, 1], [4, 12], [3, 0], [-1, 10], [2, 17], [-2, 4], [0, 12], [3, 8], [6, 6], [1, 4], [1, 8], [1, -1], [31, 3], [2, 4], [0, 1], [-3, 5], [-1, 7], [-4, 5], [0, 3], [-1, 2], [-3, 0], [0, 3], [-4, 0], [-2, -6], [-1, -2], [-2, -10], [-3, 0], [-1, 4], [-3, 4], [1, 18], [-2, 0], [0, 7], [1, 1], [11, 1], [4, 3], [0, 3], [-5, 2], [0, 3], [-6, -1], [-1, 1], [-1, 10], [3, 3], [0, 3], [-1, 2], [1, 13], [2, 1], [1, 7], [3, 3], [1, 10], [5, 1], [0, 7], [5, 4], [9, 1], [-1, -4], [13, -2], [4, 2], [0, 2], [-1, 1], [0, 5], [9, -1], [2, 3], [0, 6], [3, 0], [2, 12], [0, 11], [-2, 0], [0, -3], [-2, -2], [-3, -13], [-4, 4], [0, 3], [-9, 2], [-1, -1], [-3, -1], [0, 3], [-4, 1], [-1, -1], [0, -8], [-15, 0], [3, 10], [4, 5], [1, 7], [3, 0], [3, 4], [1, 4], [3, 0], [0, 3], [3, 0], [0, 8], [5, 3], [2, 7], [2, 0], [5, 4], [2, 2], [5, 6], [2, 6], [1, 9], [4, 6], [1, 2], [-1, 1], [5, 12], [0, 6], [3, 0], [2, 7], [7, 5], [4, 9], [4, 0], [1, 9], [-1, 1], [3, 1], [3, 7], [1, 5], [3, 0], [1, 10], [4, 5], [0, 3], [3, 0], [-2, 3], [3, 18], [1, 1], [3, 1], [0, 6], [3, 5], [3, 10], [2, 21], [3, 0], [2, 10], [2, 0], [-1, 11], [3, 0], [-1, 5], [2, 3], [5, 5], [2, 4], [3, 1], [1, 3], [1, 2], [-2, 11], [4, 0], [0, 6], [-4, 0], [0, 2], [3, 0], [2, 8], [2, 2], [0, 5], [1, 1], [1, 5], [3, 5], [2, 11], [1, 2], [1, 3], [3, 1], [0, 7], [1, 1], [3, 1], [1, 10], [2, 3], [2, 5], [2, 2], [7, 3], [2, 3], [1, 14], [-3, 0], [1, 7], [1, 3], [1, 7], [3, 0], [2, 6], [3, 3], [1, 5], [2, 3], [4, 0], [1, 4], [1, 1], [3, 12], [0, 4], [2, 0], [0, 4], [1, 16], [2, 1], [1, 1], [0, 9], [2, 4], [1, 13], [3, 6], [0, 7], [2, 2], [4, 2], [6, 6], [7, 3], [3, 4], [2, 7], [-2, 1], [-6, 4], [2, 16], [2, 2], [1, 8], [2, 1], [3, 8], [4, 4], [3, 8], [1, 14], [-3, 4], [0, 3], [2, 2], [1, 9], [2, 0], [6, 44], [3, 8], [1, 2], [3, 10], [4, 6], [4, 5], [2, 6], [1, 2], [1, 3], [3, 0], [1, 21], [3, 0], [1, 10], [3, 10], [1, 1], [6, 12], [1, 9], [6, 15], [0, 5], [1, 2], [7, 54], [1, 1], [0, 1], [4, 0], [2, 1], [3, 3], [1, 2], [2, 2], [1, 3], [0, 1], [-2, 2], [0, 10], [-1, 1], [0, 1], [0, 0], [2, 2], [-3, 4], [-2, -1], [-1, -1], [1, -6], [-1, 0], [0, 3], [-1, 1], [0, 1], [-1, 0], [0, 12], [1, 1], [0, 2], [2, 4], [3, 2], [1, 1], [0, 1], [1, 4], [10, 10], [3, 2], [1, 2], [2, 2], [0, 6], [4, 15], [3, 0], [0, 10], [2, 1], [3, 9], [3, 1], [1, 5], [1, 1], [1, 4], [2, 1], [1, 2], [2, 2], [2, 1], [3, 1], [2, 1], [6, 4], [2, 2], [1, 3], [3, 6], [3, 3], [3, 6], [1, 1], [1, 2], [0, 2], [-1, 3], [-1, 4], [0, 2], [-1, 0], [-1, -1], [0, 2], [-1, 4], [1, 6], [0, 4], [2, 4], [1, 4], [1, 3], [-1, 6], [1, 4], [3, 5], [0, 7], [3, 4], [4, 4], [0, 3], [3, 0], [0, 8], [1, 2], [0, 3], [-2, 5], [-4, -2], [-1, 3], [-1, 2], [0, 3], [-1, 4], [0, 11], [-2, 0], [1, 5], [3, 0], [1, 15], [1, 1], [1, 3], [8, 4], [2, 3], [5, 10], [0, 9], [-2, 0], [1, 7], [6, 1], [5, 4], [3, 0], [1, -1], [0, 5], [3, 1], [3, 6], [-4, 1], [-2, 7], [-3, 3], [-1, 4], [-2, 0], [-1, 5], [3, 4], [4, 7], [1, 6], [3, 0], [-2, 4], [-2, 6], [1, 1], [3, 1], [0, -4], [13, 3], [4, 4], [2, 6], [-4, 0], [1, 17], [3, 4], [0, 12], [3, 5], [1, 14], [-1, 2], [2, 3], [1, 4], [6, 9], [1, 7], [2, 6], [4, 9], [1, 5], [2, 11], [9, 19], [2, 2], [6, 3], [4, 8], [2, 6], [1, 2], [6, 9], [4, 4], [0, 2], [6, 7], [0, 2], [3, 0], [2, 3], [0, 5], [3, 2], [0, 4], [1, 1], [2, -3], [6, 0], [4, 4], [2, 5], [2, 2], [4, 3], [-2, 2], [6, 3], [6, 4], [1, 3], [12, 4], [4, 4], [0, 3], [-4, 12], [0, 6], [3, 1], [2, 2], [2, 1], [1, 8], [-3, 5], [0, 7], [-2, 3], [1, 7], [2, 6], [2, 3], [2, 6], [1, 2], [5, 9], [1, 5], [0, 5], [4, 8], [1, 5], [0, 7], [4, 5], [4, 6], [4, 5], [4, 10], [3, 5], [4, 5], [1, 2], [6, 6], [3, 1], [2, 4], [2, 5], [2, 1], [2, 4], [1, 3], [-1, 5], [-1, 1], [-2, 9], [0, 43], [-2, 12], [0, 7], [-2, 1], [1, 12], [2, 2], [0, 5], [2, 9], [-2, 5], [0, 3], [-2, 3], [-2, 6], [2, 3], [-1, 10], [-2, 18], [-1, 6], [-5, 11], [-2, 11], [-2, 6], [-4, 18], [0, 16], [2, 2], [0, 4], [-1, 1], [-1, 2], [-1, 3], [-1, 2], [-4, 11], [-1, 7], [-1, 5], [-2, 9], [-2, 4], [-3, 5], [-2, 5], [-1, 5], [-3, 5], [-3, 9], [-2, 4], [-2, 2], [-2, 5], [0, 5], [2, 5], [-1, 2], [-1, 4], [-2, 2], [-1, 2], [-6, 4], [0, 12], [1, 4], [0, 14], [1, 3], [0, 8], [-1, 1], [1, 0], [0, 2], [-1, 5], [-1, 6], [0, 6], [1, 2], [0, 2], [-1, 3], [0, 3], [-1, 2], [0, 1], [-2, 2], [0, 1], [1, 1], [0, 8], [1, 4], [0, 5], [1, 1], [0, 1], [1, 0], [0, 1], [1, 1], [-1, 1], [0, 1], [-1, 0], [0, -1], [-1, 0], [0, 17], [2, 6], [0, 1], [1, 0], [2, 2], [0, 4], [1, 0], [1, 1], [0, 2], [1, 2], [0, 3], [1, 0], [0, 8], [1, 1], [1, 2], [0, 2], [1, 1], [0, 5], [1, 1], [0, 2], [1, 2], [1, 1], [0, 3], [1, 3], [0, 4], [1, 2], [0, 3], [1, 0], [0, 2], [1, 1], [0, 1], [2, 2], [1, 2], [0, 1], [1, 1], [0, 2], [-1, 1], [0, 2], [1, 5], [0, 3], [-1, 1], [0, 6], [-1, 1], [0, 5], [1, 1], [0, 3], [1, 1], [0, 2], [2, 2], [0, 5], [1, 2], [-1, 2], [0, 1], [-2, 4], [1, 0], [0, 1], [-2, 2], [0, 2], [-1, 3], [0, 4], [-2, 0], [0, 1], [-2, 0], [0, 1], [-1, 2], [-2, 5], [0, 2], [-2, 4], [0, 2], [-1, 7], [-1, 4], [-1, 2], [-2, 6], [-2, 2], [0, 1], [-2, 5], [-2, 6], [-1, 2], [-1, 3], [-2, 4], [-2, 6], [-1, 5], [-1, 2], [-1, 3], [0, 4], [-1, 2], [1, 1], [0, 7], [-3, 3], [0, 1], [-1, 3], [-2, 4], [-1, 3], [0, 2], [-1, 2], [-1, 4], [-1, 3], [0, 2], [-1, 2], [0, 3], [-1, 0], [1, 1], [0, 1], [1, 1], [0, 4], [-1, 1], [-1, 2], [-2, 2], [-1, 0], [0, 10], [1, 1], [0, 1], [1, 3], [1, 2], [0, 18], [-1, 1], [0, 1], [-2, 2], [-2, 4], [-1, 1], [0, 3], [-1, 2], [0, 1], [-1, 3], [-1, 2], [0, 3], [-1, 2], [0, 1], [-1, 3], [-1, 4], [0, 3], [-1, 3], [0, 4], [-1, 1], [0, 3], [-1, 1], [1, 6], [0, 2], [-1, 2], [-1, 1], [0, 1], [-1, 1], [0, 1], [-1, 1], [-1, 2], [-1, 3], [-1, 1], [0, 1], [-8, 8], [0, 7], [-1, 2], [0, 6], [-4, 4], [-2, 1], [0, 1], [-2, 3], [-8, 8], [-3, 2], [-6, 6], [0, 1], [-1, 1], [0, 3], [-1, 0], [-1, 2], [-1, 0], [0, -2], [1, -1], [-1, 0], [-1, 1], [0, 2], [1, 1], [0, 1], [1, 3], [1, 1], [4, 12], [1, 4], [0, 8], [1, 4], [0, 4], [1, 1], [-1, 1], [0, 1], [1, 2], [0, 1], [-1, 1], [0, 2], [-1, 1], [0, 5], [1, 2], [0, 5], [1, 1], [2, 3], [0, 1], [1, 1], [0, 1], [1, 1], [0, 7], [1, 2], [0, 3], [1, 3], [0, 2], [1, 3], [0, 1], [5, 10], [0, 2], [1, 3], [1, 5], [1, 3], [2, 2], [1, 2], [2, 2], [3, 2], [2, 2], [2, 4], [1, 1], [2, 3], [0, 4], [1, 1], [0, 5], [-1, 1], [0, 3], [-1, 2], [0, 2], [1, 2], [3, 3], [1, 2], [1, 1], [0, 2], [1, 2], [3, 3], [3, 2], [3, 1], [4, 4], [2, 4], [1, 1], [0, 1], [1, 2], [1, 3], [2, 4], [2, 3], [1, 2], [0, 27], [1, 3], [2, 2], [3, 2], [2, 3], [2, 4], [2, 2], [1, 4], [2, 4], [5, 5], [0, 5], [1, 2], [0, 2], [1, 2], [-1, 3], [0, 3], [1, 2], [0, 2], [1, 3], [0, 2], [1, 1], [0, 4], [1, 1], [0, 5], [2, 2], [1, 2], [0, 4], [1, 3], [0, 10], [1, 1], [1, 2], [0, 4], [1, 2], [0, 4], [1, 0], [0, 2], [1, 1], [0, 4], [-1, 2], [0, 1], [2, 2], [0, 3], [1, 3], [0, 7], [1, 2], [2, 2], [1, 0], [2, 4], [0, 4], [1, 1], [2, 4], [2, 3], [0, 2], [2, 1], [1, 2], [2, 1], [1, 2], [1, 3], [3, 6], [3, 3], [3, 2], [4, 3], [2, 1], [2, 0], [4, 4], [0, 1], [1, 1], [-1, 0], [0, 1], [1, 1], [0, 2], [1, 1], [0, 1], [-1, 2], [0, 2], [-1, 4], [0, 2], [-1, 0], [0, 3], [-1, 4], [0, 3], [-1, 3], [-1, 1], [0, 1], [-2, 1], [-1, 2], [0, 3], [-1, 2], [0, 8], [1, 2], [0, 6], [-1, 2], [0, 3], [1, 2], [0, 1], [1, 1], [0, 9], [1, 2], [2, 2], [4, 3], [2, 1], [1, 2], [0, 1], [1, 1], [0, 3], [-1, 2], [0, 2], [-1, 0], [0, 1], [1, 1], [-1, 1], [0, 1], [2, 2], [0, 1], [1, 1], [1, 2], [0, 1], [1, 1], [0, 1], [2, 1], [1, 0], [2, 2], [0, 3], [-1, -1], [0, 1], [1, 1], [0, 3], [1, 2], [0, 1], [3, 3], [1, 2], [1, 1], [0, 2], [1, 2], [0, 6], [1, 1], [1, 2], [0, 3], [-1, 1], [0, 8], [1, 2], [3, 3], [2, 4], [1, 3], [0, 2], [-1, 2], [0, 3], [2, 6], [0, 2], [1, 1], [0, 1], [1, 0], [1, 1], [0, 2], [1, 2], [0, 2], [-1, 3], [-1, 2], [0, 1], [-1, 0], [0, 1], [1, 0], [0, 1], [1, 1], [0, 1], [-1, 1], [-1, 0], [0, 1], [-1, 0], [0, -1], [-1, 1], [-1, 0], [0, 1], [1, 1], [1, 2], [0, 6], [3, 3], [1, 2], [0, 9], [1, 5], [0, 4], [1, 2], [0, 1], [1, 2], [0, 1], [1, 0], [1, 1], [1, 2], [1, 3], [2, 3], [1, 3], [0, 3], [-1, 2], [0, 1], [-1, 3], [-2, 4], [-1, 1], [0, 1], [-1, 1], [0, 3], [1, 1], [1, 0], [1, 1], [1, 0], [0, 6], [-1, 2], [0, 2], [1, 1], [4, 0], [1, 1], [3, 0], [1, -1], [2, 0], [2, -1], [1, 1], [2, 1], [1, 1], [1, -1], [1, 0], [2, -2], [2, 0], [0, 1], [1, 0], [1, 1], [-1, 1], [-1, 0], [0, 1], [-1, 0], [0, 1], [1, 1], [0, 4], [-1, 1], [-2, 0], [0, 3], [1, 1], [0, 3], [-1, -1], [0, 1], [-1, 0], [0, 1], [-1, 0], [0, 1], [-1, 0], [-2, 2], [0, 3], [-1, 1], [0, 10], [-1, 2], [-3, 3], [-4, 2], [-2, 2], [0, 2], [-1, 2], [0, 2], [1, 1], [1, 2], [2, 2], [5, 0], [2, 1], [3, 3], [2, 1], [1, 0], [1, 1], [0, 1], [1, 1], [0, 3], [1, 3], [0, 6], [-1, 1], [0, 10], [1, 3], [2, 3], [1, 1], [1, 0], [1, 1], [0, 1], [2, 2], [1, 3], [1, 4], [1, 2], [0, 1], [1, 0], [1, 1], [0, 2], [2, 3], [4, 4], [0, 2], [1, 3], [0, 2], [1, 3], [0, 3], [1, 3], [0, 1], [2, 2], [7, 0], [0, 1], [1, 3], [0, 1], [-1, 0], [1, 2], [0, 2], [1, 4], [0, 3], [-1, 2], [0, 7], [-1, 1], [0, 2], [-1, 2], [1, 2], [0, 1], [1, 1], [0, 2], [1, 2], [0, 1], [1, 2], [2, 2], [0, 3], [1, 0], [2, 2], [0, 4], [-1, 0], [1, 2], [0, 1], [1, 3], [0, 3], [1, 2], [0, 4], [1, 3], [0, 3], [-1, 0], [0, 3], [1, 0], [2, 4], [4, 5], [1, 2], [0, 1], [-2, 2], [0, 5], [1, 2], [0, 2], [1, 1], [0, 1], [1, 0], [0, 2], [1, 1], [0, 1], [1, 1], [1, 2], [0, 1], [1, 1], [0, 1], [1, 0], [1, 2], [1, 0], [0, 4], [-1, 1], [0, 2], [1, 1], [0, 1], [1, 1], [0, 4], [1, 3], [1, 2], [0, 2], [1, 1], [1, 0], [2, 2], [3, 0], [1, -1], [0, -1], [3, 0], [2, 2], [-1, 2], [-1, 0], [0, 2], [-1, 0], [0, 1], [-3, 0], [-1, 1], [0, 1], [-1, 2], [0, 3], [-2, 6], [-1, 5], [-1, 4], [0, 2], [-2, 2], [0, 2], [1, 3], [1, 4], [1, 3], [2, 8], [1, 2], [0, 4], [1, 3], [0, 11], [-1, 4], [0, 2], [1, 3], [0, 1], [2, 4], [0, 2], [-1, 2], [-2, 6], [-1, 2], [-1, 4], [-1, 2], [-12, 12], [-2, 4], [-1, 1], [0, 1], [-1, 3], [0, 2], [-1, 1], [3, 6], [3, 5], [3, 3], [1, 2], [3, 3], [1, 2], [2, 2], [1, 3], [4, 3], [3, 4], [2, 4], [2, 2], [2, 3], [3, 3], [1, 3], [4, 6], [2, 4], [-1, 1], [0, 1], [-1, 2], [0, 5], [2, 6], [3, 6], [2, 2], [4, 2], [1, 1], [0, 1], [1, 1], [0, 2], [-1, 3], [0, 2], [-1, 2], [-2, 7], [-1, 1], [-1, 4], [-6, -1], [-2, 1], [-7, 3], [0, 3], [-3, 4], [0, 11], [3, 7], [1, 4], [3, 1], [0, 1], [1, 8], [3, 0], [1, 11], [1, 2], [3, 18], [1, 2], [3, 21], [2, 3], [1, 8], [2, 0], [3, 15], [-2, 8], [-2, 5], [-1, 18], [-1, 1], [-3, 1], [-1, 2], [-3, 1], [-1, 3], [-3, 5], [-3, 1], [-7, 8], [-5, 5], [-5, 3], [-5, 5], [-5, 3], [0, 3], [-10, 4], [0, 3], [-8, 0], [0, 3], [-15, 5], [-5, 4], [-1, 3], [-1, 2], [-1, 6], [3, 0], [3, 12], [0, 9], [3, 0], [3, 12], [2, 1], [2, 8], [5, 7], [5, 4], [4, 1], [3, 6], [3, 5], [2, 6], [1, 2], [2, 6], [2, 5], [2, 10], [1, 2], [0, 16], [-1, 3], [-1, 12], [-2, 0], [3, 5], [1, 27], [3, 0], [-1, 2], [1, 24], [-2, 5], [0, 7], [3, 6], [2, 0], [0, 12], [1, 1], [3, 11], [0, 7], [2, 2], [2, 9], [4, 0], [3, 12], [3, 0], [2, 8], [1, 1], [0, 12], [2, 1], [1, 7], [1, 1], [3, 0], [-1, 2], [0, 3], [2, 7], [3, 1], [2, 4], [1, 4], [3, 0], [2, 10], [4, 5], [1, 3], [5, 5], [1, 5], [0, 15], [3, 11], [3, 15], [-1, 10], [0, 11], [-3, 5], [1, 13], [2, 11], [2, 2], [-1, 6], [-2, 15], [-2, 5], [0, 10], [-2, 5], [1, 17], [1, 5], [0, 23], [3, 10], [1, 11], [3, 0], [-1, 17], [-1, 3], [0, 1], [2, 4], [4, 3], [1, 5], [2, 1], [0, 4], [3, 0], [0, 3], [3, 1], [2, 2], [2, 5], [4, 5], [0, 3], [3, 0], [0, 3], [-2, 2], [0, 1], [2, 4], [3, 1], [0, -3], [4, 4], [3, 2], [6, 7], [2, 4], [3, 1], [-2, 8], [-1, 1], [0, 2], [1, 1], [2, 0], [4, 5], [1, 4], [2, 0], [2, 21], [3, 0], [2, 11], [2, 2], [1, 6], [1, 2], [2, 6], [2, 4], [3, 1], [3, 10], [2, 0], [-2, 42], [1, 2], [-1, 23], [1, 9], [-2, 22], [0, 14], [-3, 5], [-2, 8], [-2, 2], [-6, 15], [0, 3], [-2, 3], [-4, 5], [0, 5], [-3, 1], [-6, 4], [0, 4], [-2, 0], [-2, 2], [-5, 3], [0, 3], [-8, 3], [-2, 5], [-8, 4], [0, 3], [-5, 2], [-1, 3], [-1, 2], [-1, 14], [4, 1], [4, 3], [4, 4], [1, 5], [1, 13], [-3, 8], [0, 13], [2, 2], [1, 8], [2, 2], [2, 3], [1, 6], [3, 0], [2, 8], [3, 5], [1, 7], [2, 0], [-2, 8], [3, 24], [3, 12], [2, 1], [2, 7], [3, 1], [2, 2], [3, 8], [5, 11], [2, 2], [1, 5], [5, 5], [4, 1], [1, 3], [2, 3], [6, 3], [3, 6], [2, 2], [3, 1], [1, 3], [3, 3], [0, 3], [3, 0], [2, 10], [3, 3], [3, 7], [4, 5], [2, 6], [3, 0], [1, 8], [5, 12], [3, 1], [0, 3], [3, 4], [1, 4], [3, 0], [2, 12], [-4, 15], [-1, 1], [-4, 25], [1, 17], [1, 19], [1, 3], [1, 6], [3, 0], [1, 12], [3, 0], [0, 32], [1, 10], [2, 2], [0, 9], [6, 20], [2, 3], [3, 8], [2, 1], [1, 1], [4, 13], [2, 9], [-3, 5], [-1, 5], [-3, 5], [-3, 3], [-4, 7], [-1, 18], [3, 11], [2, 2], [4, 19], [0, 7], [3, 6], [1, 9], [3, 0], [0, 1], [2, 8], [3, 0], [1, 12], [1, 3], [0, 1], [-2, 5], [-3, 13], [2, -1], [1, 10], [4, 4], [0, 7], [2, 0], [4, 21], [2, 2], [1, 27], [-2, 13], [0, 5], [-3, 5], [0, 8], [2, 7], [3, 1], [4, 3], [4, 5], [3, 3], [3, 0], [2, 4], [5, 4], [4, -1], [0, 3], [3, -2], [0, 4], [3, 0], [0, 3], [10, 4], [3, 4], [1, 3], [3, 0], [2, 37], [-2, 5], [0, 7], [1, 5], [2, 1], [0, 4], [-2, 1], [-1, 5], [-1, 12], [3, 0], [2, 6], [0, 3], [2, 1], [3, 2], [2, 9], [0, 9], [-3, 0], [2, 4], [1, 8], [3, 0], [1, 11], [3, 6], [6, 1], [1, -1], [0, 4], [3, 0], [-4, 11], [-12, 2], [-2, 7], [-2, 18], [-1, 1], [0, 3], [1, 1], [7, 2], [3, 4], [0, 10], [-4, 4], [-1, 15], [2, 2], [1, 6], [1, 2], [0, 3], [3, 1], [3, 4], [4, 5], [1, 8], [3, 1], [2, 2], [1, 5], [3, 3], [0, 2], [-1, 3], [0, 2], [2, 2], [13, 1], [1, 2], [3, 0], [7, 5], [4, 0], [5, 4], [3, 6], [-2, 7], [-1, 1], [-3, 12], [-6, 2], [-1, 2], [-3, 1], [2, 6], [1, 1], [4, 0], [2, 2], [4, 13], [3, 0], [4, -4], [9, 0], [2, 2], [3, 0], [-2, 7], [10, 2], [3, 3], [5, 3], [0, 3], [3, 1], [1, 1], [0, 11], [-3, 5], [-4, 13], [-6, 2], [0, 8], [-1, 2], [-3, 0], [1, 1], [-1, 5], [-3, -1], [2, 39], [-1, 3], [-8, -1], [0, 9], [-4, 2], [0, 2], [2, 0], [2, 9], [3, 0], [2, 8], [3, 4], [0, 3], [-1, 1], [-3, 1], [2, 2], [8, 5], [4, 4], [0, 3], [3, 1], [1, 1], [0, 3], [-1, 1], [3, 0], [-2, 7], [-2, 3], [-3, 0], [0, 7], [7, 0], [0, -4], [3, 1], [5, -3], [28, 2], [0, 3], [13, 5], [3, 0], [0, 3], [4, -3], [7, 1], [0, 3], [4, 0], [0, 3], [3, 1], [3, 6], [0, 3], [1, 1], [4, 1], [1, 3], [2, 2], [4, 3], [4, 1], [0, 3], [5, 1], [1, 2], [10, 4], [2, 3], [3, 6], [8, 8], [3, 5], [2, 15], [-2, 1], [0, 5], [-10, 5], [-2, 2], [-19, 3], [-3, 6], [4, 5], [5, 4], [3, 6], [8, 5], [0, 2], [1, -1], [6, 6], [1, 7], [-2, 5], [-3, 0], [-1, 5], [-4, 5], [1, 4], [-3, 7], [1, 18], [-1, 5], [-2, 3], [3, 1], [0, 4], [-3, -2], [0, 7], [-4, 11], [-1, 7], [4, 3], [0, 4], [-1, 6], [-3, -1], [-5, 3], [-2, 2], [-4, 5], [-2, 6], [-7, 5], [-1, 1], [2, 17], [-3, 27], [-4, 17], [0, 13], [-3, 10], [-6, 19], [1, 11], [0, 17], [3, 6], [4, 6], [9, 0], [1, 1], [3, 1], [-1, 12], [2, 1], [1, 5], [2, 2], [3, 1], [-1, 13], [-3, 0], [1, 11], [-1, 2], [1, 2], [1, -1], [1, 0], [2, 1], [1, 1], [3, 2], [0, 2], [1, 1], [1, -2], [1, 0], [2, -1], [1, -1], [1, 0], [3, -1], [3, 0], [2, 1], [0, 4], [8, 2], [17, 0], [3, 2], [0, -3], [5, -3], [-1, -10], [4, -2], [4, 1], [2, 1], [4, 1], [3, 1], [6, 3], [1, 3], [-1, 1], [3, 2], [3, 6], [0, 12], [-1, 5], [0, 2], [-2, 6], [-2, 5], [0, 6], [-1, 4], [-1, 8], [0, 3], [-4, 12], [-1, 2], [-3, 10], [-1, 2], [-2, 2], [0, 5], [-1, 1], [0, 1], [-1, 2], [0, 1], [1, 5], [4, 3], [-1, 5], [-3, 4], [-1, 1], [0, 8], [-5, 5], [-5, 4], [-1, 2], [0, 3], [-1, 1], [0, 1], [-2, 2], [0, 1], [1, 2], [0, 4], [4, 4], [1, 4], [3, 6], [2, 2], [3, 9], [1, 7], [5, 9], [1, 3], [-1, 2], [1, 0], [2, 5], [1, 3], [0, 2], [3, 1], [4, 5], [6, 2], [-1, 7], [-9, 11], [-3, 6], [-2, 2], [-2, 3], [-1, 3], [-2, 1], [0, 2], [2, 5], [3, 2], [2, 6], [1, 2], [0, 2], [-1, 1], [0, 1], [3, 2], [0, 5], [5, 5], [3, 2], [2, 5], [1, 2], [2, 2], [5, 18], [4, 4], [0, 4], [7, 2], [2, 0], [2, 3], [3, 5], [1, 3], [-1, 2], [-3, 4], [-3, 2], [1, 6], [3, 8], [7, 3], [1, 1], [4, 0], [4, 2], [1, 1], [-1, 0], [0, 1], [10, -5], [6, 0], [21, -6], [36, -6], [27, -7], [141, -24], [167, -34], [128, -2], [10, -5], [59, -26], [40, -9], [91, -19], [49, -11], [39, -9], [196, -42], [261, -55], [2386, -497], [384, -110], [7, -4], [15, -2], [97, -15], [24, -7], [23, -3], [74, -12], [25, -3], [62, -9], [62, -10], [3, 2], [22, -6], [5, 0], [6, 1], [7, -6], [13, 0], [94, -23], [62, -18], [66, -16], [48, -11], [154, -20], [333, -74], [47, 35], [11, 12], [62, 74], [96, 70], [89, 66], [58, 42], [10, 9], [115, 131], [91, 110], [81, 102], [175, 168], [115, 103], [66, 59], [48, 36], [57, 52], [47, 64], [53, 69], [12, 7], [15, 14], [22, 24], [28, 16], [44, 35], [57, 51], [9, 8], [75, 33], [48, -8], [58, 27], [57, 42], [9, 7], [11, 11], [25, 31], [30, 4], [26, 30], [31, 31], [28, 75], [23, 65], [31, 39], [35, 37], [18, 30], [12, 24], [6, 8], [50, 71], [39, 41], [34, 42], [58, 56], [35, 45], [36, 80], [22, 43], [36, 79], [6, 90], [9, 20], [78, 115], [35, 48], [158, 216], [38, 53], [15, 11], [20, 15], [5, 6], [7, 15], [10, 32], [16, 69], [37, 118], [22, 87], [-3, 29], [4, 15], [16, 34], [57, 104], [39, 74], [62, 137], [44, 36], [98, 97], [75, 75], [28, 26], [16, 17], [41, 77], [52, 88], [10, 16], [9, 18], [8, 27], [8, 29], [3, 17], [0, 19], [4, 18], [23, 39], [29, 51], [14, 41], [23, 50], [6, 10], [16, 5], [11, 14], [7, 4], [23, -4], [9, 7], [27, 3], [173, 50], [113, 33], [64, 16], [478, 118], [96, 25], [19, 1], [29, 7], [18, 2], [32, 13], [24, 2], [20, 9], [33, 7], [20, -2], [18, 2], [21, -2], [17, 8], [7, 12], [7, 0], [4, -4], [107, 29], [99, 32], [19, -2], [82, 14], [5, 9], [9, 0], [7, -5], [61, 16], [88, 21], [184, 54], [35, 9], [12, 4], [33, 6], [1332, 315], [26, 8]], [[431, 74448], [0, 2], [1, 0], [0, 1], [1, 1], [0, 2], [1, 0], [0, 1], [1, 0], [0, -1], [1, 0], [1, 1], [-1, 1], [0, 1], [2, 0], [1, 1], [1, 0], [1, 1], [2, 0], [0, -1], [1, -1], [0, -2], [1, -1], [4, 0], [0, -1], [1, 0], [0, -3], [-1, 0], [0, -1], [-4, 0], [0, 1], [-1, 1], [-1, 0], [-1, -1], [-1, -2], [-4, 0], [0, -1], [-1, -1], [-2, 0], [0, -1], [-2, 0], [0, 2], [-1, 1]], [[443, 73412], [0, 3], [1, 0], [0, 2], [1, 0], [0, 1], [1, 0], [0, 1], [1, 0], [0, 1], [3, 0], [1, 1], [1, -1], [1, 0], [0, -1], [1, 0], [-1, -1], [2, 0], [0, -2], [1, -1], [0, -1], [-1, 0], [0, -1], [-1, 0], [0, -1], [-1, -1], [-5, 0], [0, 0], [-5, 0], [0, 1]], [[450, 73367], [1, 0], [0, 0], [1, -1], [-1, 0], [-1, 1]], [[451, 73371], [0, 0]], [[451, 73433], [1, 1], [0, 1], [1, 1], [0, 1], [1, 1], [0, -2], [1, 0], [0, -2], [-1, -1], [-1, 0], [0, -1], [-1, 0], [0, 1], [-1, 0]], [[454, 73461], [0, 2], [1, 0], [0, 1], [1, 0], [0, -1], [-1, -1], [0, -3], [-1, 0], [0, 2]], [[494, 74573], [0, 3], [3, 2], [0, -3], [-1, 0], [0, -2], [-2, 0]], [[501, 74573], [1, 5], [6, -1], [1, 1], [0, -3], [-5, 0], [0, -2], [-3, 0]], [[563, 73933], [0, 2], [1, 0], [0, -1], [1, 0], [0, 1], [1, -1], [-1, 0], [0, -1], [-1, -1], [0, -1], [-1, 0], [0, 2]], [[723, 74819], [0, 3], [2, 0], [0, 5], [2, 1], [3, -3], [3, -1], [2, -4], [0, -3], [5, 0], [0, -5], [-3, -1], [-4, -3], [-3, 0], [-5, 4], [0, 7], [-2, 0]], [[729, 74012], [0, 3], [1, 0], [1, 5], [1, 1], [3, 0], [4, 4], [4, 2], [5, 0], [9, -3], [4, -4], [2, -1], [2, -3], [2, -19], [4, -5], [3, 0], [1, -4], [2, -5], [3, -3], [0, -10], [1, -1], [1, -4], [3, -2], [20, -5], [-1, 4], [3, 0], [1, 2], [3, 1], [-4, 6], [2, 7], [1, 2], [1, 3], [1, 0], [2, -5], [0, -7], [1, -3], [0, -10], [2, -3], [-2, -8], [0, -1], [-21, 0], [-3, 9], [-5, 3], [-11, 0], [-4, 5], [-3, 1], [1, 6], [-3, 4], [-4, 18], [-2, 8], [-4, 6], [-5, 2], [0, 3], [-4, 1], [-1, -7], [3, -8], [0, -26], [-3, 2], [-4, 2], [-2, 2], [-1, 9], [-5, 5], [0, 14], [-2, 3], [-3, 4]], [[744, 73186], [0, 1], [2, 0], [0, 1], [2, 0], [1, 1], [1, 0], [1, 1], [1, 0], [0, 1], [4, 0], [0, 1], [1, 0], [1, 1], [2, 1], [3, 2], [2, 1], [1, 1], [2, 0], [2, 2], [0, 2], [2, 0], [0, 2], [3, 0], [1, 1], [1, 0], [4, 2], [3, 3], [3, 1], [0, 1], [1, 0], [0, 1], [-1, 0], [1, 1], [1, 0], [0, 1], [1, 1], [0, 1], [1, 0], [0, 1], [1, 0], [0, 1], [1, 1], [0, 2], [1, 1], [0, 2], [1, 0], [0, 1], [1, 0], [0, 1], [1, 0], [0, 2], [1, 0], [0, 1], [-1, 0], [0, 1], [1, 0], [0, 6], [1, 0], [0, 2], [1, 0], [1, 1], [1, 0], [3, 3], [2, 1], [1, 1], [0, 1], [1, 0], [1, 1], [1, 0], [1, 1], [0, 1], [1, 1], [1, 0], [0, 1], [1, 0], [0, 1], [1, 1], [0, 1], [1, 0], [0, 1], [1, 0], [0, 1], [1, 1], [0, 3], [1, 0], [0, 4], [1, 0], [0, 5], [-1, 1], [0, 3], [-1, 0], [0, 1], [-3, 0], [0, 1], [-2, 0], [0, 1], [-2, 0], [0, 1], [-1, 0], [0, 1], [-1, 0], [-1, 1], [-1, 0], [0, 1], [-1, 0], [-1, 1], [-2, 0], [-1, 1], [-2, 0], [-1, 1], [-4, 0], [-1, 1], [-1, 0], [-2, 1], [-1, 1], [-2, 0], [-1, 1], [-4, 0], [0, 1], [-1, 0], [0, 1], [-4, 0], [-1, 1], [-4, 0], [0, 1], [-2, 0], [0, 1], [-1, 0], [0, 1], [-1, 0], [0, 2], [-1, 0], [0, 4], [2, 1], [0, 1], [2, 2], [0, 1], [2, 2], [1, 0], [0, 2], [1, 0], [0, 1], [1, 0], [0, 2], [1, 0], [0, 2], [1, 0], [0, 3], [2, 0], [0, 1], [1, 0], [0, 1], [1, 0], [0, 1], [1, 1], [0, 3], [-1, 0], [0, 1], [-2, 0], [-1, 1], [-1, 0], [0, 1], [-1, 0], [0, 1], [-1, 0], [0, -1], [-1, 0], [0, 2], [2, 0], [0, 1], [1, 0], [0, 1], [1, 0], [0, 1], [3, 0], [0, 1], [2, 0], [0, 1], [2, 0], [2, 2], [2, 0], [0, -1], [1, 0], [0, 2], [1, 0], [0, -1], [1, 0], [0, 0], [1, -1], [0, 1], [1, 0], [0, 0], [1, 0], [1, 1], [0, 1], [1, 0], [0, -1], [1, 0], [0, 1], [1, 0], [0, 1], [1, 0], [1, 1], [4, 0], [1, 1], [7, 0], [0, -1], [6, 0], [0, 1], [1, 0], [1, 1], [1, 0], [0, 2], [3, 0], [0, 1], [1, 0], [0, 1], [4, 0], [0, 1], [5, 0], [0, 1], [3, 0], [1, 1], [1, 0], [2, 1], [2, 0], [2, 1], [1, 1], [3, 1], [3, 2], [4, 4], [2, 0], [0, 1], [1, 0], [0, 2], [1, 0], [0, 2], [1, 0], [0, 1], [2, 0], [1, 1], [1, 0], [0, 1], [1, 0], [0, 1], [1, 0], [1, 1], [1, 0], [1, 1], [1, 0], [1, 1], [0, 1], [2, 0], [0, 1], [2, 0], [0, 2], [2, 0], [0, 2], [1, 0], [1, 1], [1, 0], [0, 1], [1, 0], [0, 1], [2, 0], [0, 1], [1, 0], [1, 1], [0, 1], [3, 3], [1, 0], [0, 1], [1, 0], [1, 1], [0, 1], [1, 0], [0, 1], [1, 0], [0, 1], [1, 0], [1, 1], [-1, 1], [1, 1], [0, 2], [1, 0], [0, 3], [-1, 0], [0, 1], [-1, 0], [0, 3], [1, 1], [1, 0], [0, -2], [1, -1], [0, -4], [1, 0], [0, 1], [2, 0], [0, 1], [1, 0], [1, -1], [0, -1], [2, -2], [1, 0], [1, 1], [8, 0], [1, 1], [2, 0], [0, 3], [5, 0], [0, 1], [2, 0], [0, 4], [1, 1], [0, -2], [1, 0], [0, -2], [1, -1], [1, 1], [0, 2], [1, -1], [0, -2], [11, 0], [1, 1], [5, 0], [0, 1], [1, 0], [0, -1], [1, -1], [8, 0], [1, -1], [2, 0], [3, 1], [5, 0], [0, -1], [10, 0], [0, -1], [5, 0], [0, 1], [1, 0], [0, -1], [1, -1], [1, 0], [0, 1], [1, 1], [0, -1], [3, 0], [1, -1], [2, 2], [0, 0], [1, 0], [0, -2], [3, 0], [1, -1], [7, 0], [0, -1], [1, -1], [11, 0], [0, -1], [-1, 0], [0, -1], [1, 0], [0, -1], [1, 0], [1, -1], [1, 0], [0, -1], [1, 0], [0, -1], [6, 0], [0, -1], [1, 1], [0, -2], [1, -1], [0, -1], [1, 0], [0, -2], [2, 0], [2, -2], [5, 0], [0, -3], [1, 0], [1, -1], [1, 0], [0, -1], [1, 0], [0, -1], [1, 0], [0, -1], [2, 0], [0, 1], [1, 0], [0, -1], [1, 0], [0, -1], [1, 0], [0, -5], [-1, 0], [0, -1], [2, -2], [0, -3], [1, 0], [0, -1], [2, 0], [1, -1], [0, -1], [1, -1], [0, -3], [1, 0], [0, -1], [1, 0], [0, -2], [1, 0], [0, -1], [2, 0], [0, -2], [1, 0], [1, -1], [1, 0], [0, -1], [2, 0], [1, -1], [0, -2], [-1, -1], [0, -1], [-1, -2], [0, -2], [-1, 0], [0, -1], [1, -1], [0, -1], [-1, 0], [-1, -1], [0, -1], [-1, -1], [0, -1], [-1, -1], [0, -1], [-1, -1], [-1, -2], [0, -2], [-1, -1], [0, -6], [1, 0], [4, -2], [1, 0], [1, 1], [1, 0], [0, -1], [5, 0], [0, -1], [4, 0], [0, 3], [1, 0], [0, 3], [1, 0], [0, 1], [2, 0], [0, 3], [1, 0], [0, 1], [1, 0], [1, 1], [-1, 0], [0, 1], [1, -1], [1, 0], [0, 4], [-1, 0], [0, 1], [2, 0], [0, -1], [1, 0], [0, -4], [1, 0], [0, -3], [2, -2], [0, -6], [-1, 0], [0, -1], [-2, 0], [0, -2], [-1, 0], [0, -2], [2, 0], [0, -2], [1, 0], [0, -2], [-1, 0], [-1, 1], [-1, -1], [0, -5], [-1, 0], [0, -1], [1, 0], [0, -1], [-1, -1], [0, -1], [-1, -1], [0, -1], [1, -1], [0, -4], [1, -1], [0, -3], [1, 0], [1, -1], [5, 0], [0, 1], [1, 1], [0, 1], [1, 0], [0, 1], [2, 0], [0, 1], [2, 0], [0, 1], [1, 0], [1, 1], [1, -1], [2, 0], [0, -1], [1, 0], [0, -1], [1, 0], [0, -1], [1, 0], [0, -1], [1, 0], [0, -1], [1, -1], [0, -2], [1, 0], [0, -2], [1, 0], [-1, -1], [0, -1], [1, -1], [2, 0], [0, 1], [1, 0], [0, -3], [1, 0], [0, -2], [3, 0], [0, -2], [1, -1], [0, -1], [1, 0], [0, -2], [1, -1], [0, -3], [1, 0], [0, -2], [1, -2], [2, -2], [3, 0], [0, -1], [3, -3], [0, -1], [2, -2], [1, 1], [3, 0], [0, 2], [1, 0], [0, -1], [1, -1], [0, -2], [1, 0], [0, -4], [-1, -1], [0, -1], [-1, 0], [0, -1], [2, -3], [1, -1], [0, -1], [1, 0], [1, -1], [1, 0], [0, -3], [-1, -1], [0, -1], [-1, 1], [-3, 0], [-1, -1], [0, -1], [-1, -1], [0, -8], [1, -1], [-1, -1], [0, -1], [1, -1], [0, -3], [1, -1], [0, -2], [1, -1], [0, -1], [1, -1], [-1, 0], [0, -1], [1, -1], [0, -2], [1, 0], [0, -4], [1, 0], [0, -1], [-1, 0], [1, -1], [0, -1], [1, 0], [0, -3], [1, 0], [1, -1], [3, 0], [0, -2], [2, -2], [0, -3], [2, -2], [0, -2], [1, 0], [0, -1], [1, 0], [0, -3], [-1, 0], [0, -1], [1, -1], [0, -1], [1, -1], [1, 0], [0, -3], [1, -1], [0, -1], [1, -1], [0, -1], [-1, 0], [0, -2], [-1, 0], [0, -1], [-2, -2], [0, -2], [-1, 0], [0, -2], [-1, 0], [0, -1], [-1, 0], [0, -2], [-1, 0], [-1, -1], [0, -1], [-1, 0], [-1, -1], [0, -1], [-2, 0], [0, -2], [-1, -2], [-2, -1], [-1, -3], [0, -2], [-1, -3], [-1, -4], [-1, -3], [-2, -3], [-5, -5], [-2, -1], [-1, -1], [-1, 0], [-1, -1], [-1, 0], [-1, -1], [0, -2], [-4, 0], [0, 4], [-1, 1], [-5, 0], [-3, -1], [-2, 0], [-3, -1], [-2, -1], [-2, 0], [0, -2], [-1, 0], [-2, -1], [-3, -2], [-2, -1], [-1, -1], [0, -1], [-1, -1], [-8, -4], [-3, -2], [-4, -2], [-3, -1], [-2, -2], [-4, -1], [-2, -1], [-1, -1], [-1, 0], [0, -1], [-3, -3], [-2, -3], [-3, -2], [-1, -1], [-2, -1], [0, -1], [-1, 0], [0, -2], [-1, -1], [0, -5], [1, -1], [0, -2], [1, -1], [0, -1], [-1, 0], [0, 2], [-2, 4], [-2, 2], [-1, 0], [-1, 1], [-2, 0], [-2, 1], [-6, 0], [-1, 1], [-1, 0], [0, -1], [-3, 0], [0, -1], [-3, 0], [-3, -3], [-1, 0], [0, -1], [-2, -1], [0, -1], [-3, -1], [-2, -1], [-4, -1], [-4, -2], [-2, -2], [-2, -1], [-2, -2], [-1, -2], [-3, -3], [0, -2], [1, -1], [0, -2], [1, 0], [0, -1], [1, 0], [0, -2], [1, 0], [0, -1], [-1, 0], [0, 1], [-1, 1], [-1, 0], [-1, 1], [-2, 0], [-2, 2], [-1, 0], [-1, 2], [-2, 1], [0, 1], [-1, 0], [-1, 1], [0, 1], [-2, 3], [0, 1], [-1, 1], [0, 6], [-1, 1], [0, 10], [-1, 2], [-1, 3], [0, 1], [-1, 1], [1, 1], [-1, 3], [0, 3], [-1, 1], [0, 2], [2, 2], [0, 1], [1, 0], [0, 3], [1, 0], [0, 2], [-1, 2], [0, 2], [-3, 6], [0, 1], [-1, 1], [-1, 2], [-1, 1], [-1, 2], [-2, 1], [-6, 6], [-3, 2], [-2, 1], [-1, 0], [-2, -2], [0, -1], [-1, 0], [-1, -1], [-3, 0], [-2, 2], [-2, 0], [0, -3], [-2, 0], [0, 1], [-1, 0], [0, 2], [-1, 1], [0, 1], [-4, 8], [-2, 3], [-3, 6], [0, 1], [-2, 2], [0, 1], [-2, 3], [-2, 4], [-1, 1], [-3, 0], [0, 1], [-1, 0], [0, 1], [1, 0], [0, 1], [1, 0], [0, 1], [1, 0], [0, 2], [2, 1], [3, 1], [6, 3], [3, 2], [5, 2], [3, 2], [3, 3], [0, 2], [1, 0], [0, 16], [1, 0], [0, 9], [-1, 1], [0, 1], [-1, 1], [-2, 4], [0, 2], [-1, 1], [0, 2], [-1, 1], [0, 1], [-1, 1], [-2, 4], [0, 1], [-6, 6], [-1, 0], [-1, 1], [-5, 0], [0, 1], [-1, 0], [0, 1], [-1, 1], [0, 1], [-1, 1], [-1, 2], [-1, 1], [0, 2], [-1, 2], [0, 1], [-1, 2], [-1, 1], [-1, 2], [-1, 1], [-1, 0], [0, 1], [-1, 1], [0, 1], [-2, 2], [-1, 2], [-2, 2], [0, 1], [-5, 0], [-1, 1], [-2, 0], [-2, 2], [0, 1], [-1, 0], [0, 1], [-1, 0], [0, 4], [-1, 1], [0, 1], [-2, 0], [0, 1], [-2, 0], [0, 2], [-1, 0], [0, 1], [-1, 0], [0, 2], [-1, 0], [0, 2], [2, 2], [1, 0], [2, 2], [0, 3], [-1, 2], [0, 3], [-2, 3], [-2, 2], [-1, 0], [0, 1], [-1, 0], [-1, 1], [-3, 0], [-1, 1], [-2, 0], [-1, 1], [-5, 0], [0, -3], [-1, -1], [0, -1], [1, -1], [0, -1], [-2, 0], [0, -1], [-1, 0], [-2, 2], [-3, 2], [-5, 0], [-2, 1], [-1, 0], [-1, -1], [-2, 0], [0, -2], [-5, 0], [0, -1], [-1, 0], [0, 2], [-1, 0], [-3, 1], [-3, 0], [0, 1], [-5, 0], [-1, -1], [-2, 0], [-3, -1], [-3, 0], [-6, -4], [-2, -2], [0, -5], [1, 0], [0, -3], [-1, -1], [0, -7], [-1, -2], [0, -1], [1, -1], [0, -2], [1, -1], [1, 0], [0, -4], [-1, 0], [0, 1], [-1, 0], [0, -2], [-1, -2], [0, -1], [1, -2], [0, -1], [1, 0], [0, -2], [1, -1], [-1, 0], [0, -3], [1, -1], [0, -4], [1, -1], [0, -1], [2, -2], [1, 0], [0, -3], [1, -1], [0, -1], [1, -1], [0, -1], [-1, -1], [1, -1], [0, -1], [1, 0], [0, -2], [-1, 0], [0, -8], [-1, -1], [1, 0], [0, -7], [-1, -1], [0, -2], [1, -1], [0, -1], [1, 0], [0, -3], [2, -2], [1, 0], [0, -1], [1, 0], [0, -3], [-1, -1], [-1, 0], [0, -1], [-1, -2], [0, -2], [-1, -1], [0, -3], [-1, -1], [0, -2], [-1, 0], [-1, 1], [0, 1], [-1, 0], [0, 1], [-1, 0], [-1, -1], [-4, -2], [-1, 0], [-1, -1], [-2, -1], [-6, -6], [0, -1], [-1, -2], [-1, -1], [0, -3], [2, -2], [1, 0], [0, -1], [1, 0], [1, -1], [0, -3], [1, 0], [0, -2], [1, 0], [0, -1], [-1, 0], [0, -1], [-1, 0], [-1, -1], [-2, 0], [-1, 1], [-2, 0], [-1, 1], [-10, 0], [0, 2], [-6, 0], [0, 1], [-1, 0], [0, 1], [-1, 0], [0, 0], [-1, 0], [0, 0], [-1, 1], [-2, 0], [0, -1], [-1, 0], [0, -1], [-1, -1], [-1, 0], [0, 1], [-1, 1], [-1, -1], [0, -1], [-2, 0], [0, -2], [-9, 0], [-1, -1], [-3, 0], [-1, -1], [-2, 1], [-6, 0], [-1, 1], [-2, 1], [-3, 1], [-3, 3], [-2, 1], [-1, 2], [-2, 1], [0, 2], [-2, 2], [-2, 0], [-1, 2], [-1, 1], [-1, 2], [-1, 1]], [[744, 73928], [1, 0], [0, -6], [1, -1], [1, -2], [-2, 0], [0, 3], [-1, 0], [1, 2], [-1, 2], [0, 2]], [[768, 73870], [0, 2], [1, 1], [1, -4], [0, -2], [-1, 1], [-1, 0], [0, 2]], [[779, 73920], [1, 1], [-1, 1], [2, 1], [1, 3], [1, 0], [1, -2], [3, 2], [1, 2], [-1, 1], [0, 1], [-2, 0], [0, 2], [1, 3], [-2, 2], [-1, -2], [0, 1], [1, 1], [0, 2], [1, 0], [0, 1], [1, 0], [0, 1], [1, 0], [0, -1], [-1, -2], [-1, -1], [0, -1], [2, -2], [1, -3], [3, -1], [1, -3], [-1, -5], [-1, -3], [0, -2], [3, -4], [1, -5], [1, -1], [-2, -1], [0, -7], [-1, -2], [0, -2], [-1, -1], [-1, -3], [-1, 0], [0, 0], [-1, 1], [-1, 2], [-2, 10], [-2, 2], [-2, 1], [1, 0], [-1, 4], [-1, 0], [0, 8], [-1, 1]], [[784, 74989], [0, 2], [8, -2], [2, -5], [-7, 3], [-3, 2]], [[809, 73824], [0, 4], [1, 0], [0, -4], [-1, 0]], [[812, 73883], [3, 0], [1, -5], [4, -1], [5, 0], [2, 3], [3, 3], [0, 3], [4, 0], [2, 7], [5, 1], [3, -10], [-3, 0], [0, -9], [-1, 0], [-1, -12], [1, -3], [0, -2], [-3, -4], [0, -4], [-2, -1], [-1, 0], [0, 1], [1, 1], [1, 14], [-3, -1], [-4, -7], [-5, -5], [0, -13], [-3, -6], [-4, 0], [3, 8], [-2, 6], [-5, 7], [0, 10], [1, 3], [-2, 16]], [[819, 73939], [2, 22], [1, 4], [2, 16], [3, 5], [0, 13], [6, 1], [0, 4], [4, 0], [0, 3], [4, 2], [3, 0], [5, -2], [1, -5], [4, -5], [4, -10], [1, -7], [-2, 0], [0, -5], [-4, -2], [-3, -3], [-5, 0], [-5, -2], [-3, -17], [-1, -1], [-4, -12], [0, -6], [-1, -1], [-3, -1], [-1, 4], [-4, 5], [-4, 0]], [[827, 73813], [0, 3], [1, 0], [0, 5], [8, -6], [3, 0], [1, 1], [1, -5], [-4, -3], [-4, -13], [-4, 0], [0, 8], [-2, 3], [0, 5], [1, 2], [-1, 0]], [[830, 74036], [1, 1], [0, -1], [1, 0], [0, 0], [-1, 0], [0, -2], [-1, 1], [0, 1]], [[831, 73787], [0, 5], [2, -2], [0, 3], [3, 1], [3, 4], [1, 0], [0, -2], [-1, 0], [0, -3], [-2, 0], [0, -3], [-1, -1], [-5, -2]], [[880, 73931], [4, 5], [0, 3], [2, 1], [4, 0], [1, -1], [2, 3], [2, 12], [3, 0], [0, 6], [2, 0], [1, -6], [-1, 0], [-1, -13], [2, 0], [1, -12], [-11, -1], [-1, 0], [0, -5], [-3, 0], [-1, 5], [0, 1], [-6, 2]], [[942, 73818], [1, 8], [1, 1], [-1, 10], [5, 4], [2, 0], [2, -2], [4, 0], [1, -1], [2, 9], [2, 1], [0, 3], [4, 2], [3, 5], [1, 23], [2, 1], [6, 20], [1, 0], [4, -17], [-1, 0], [0, -1], [1, 0], [2, -10], [-3, -1], [-3, -5], [-3, 0], [-1, -4], [-1, -1], [-1, -5], [-2, -2], [1, -6], [-3, -1], [-1, -1], [0, -10], [-3, 0], [-6, -8], [-5, -6], [-2, -5], [-2, -4], [-5, 0], [-2, 3]], [[957, 73122], [2, 0], [1, -1], [1, 0], [1, -1], [0, -3], [-1, 0], [-1, -1], [-1, 0], [0, -1], [-1, 0], [0, 6], [-1, 0], [0, 1]], [[972, 73979], [3, 21], [2, 11], [3, 0], [4, -12], [-2, 0], [0, -4], [2, 0], [-1, -5], [-1, -1], [-3, -1], [0, -5], [-7, -4]], [[978, 73903], [0, 2], [2, 0], [0, -2], [-2, 0]], [[992, 74157], [0, 4], [3, 0], [2, 6], [13, 7], [7, 5], [4, 0], [4, 3], [5, 0], [5, 2], [3, -4], [31, 2], [2, 8], [1, 0], [1, -9], [15, 1], [4, -5], [0, -5], [7, -2], [3, -4], [5, -1], [1, -6], [7, -8], [0, -4], [4, -8], [2, -8], [2, -2], [2, -13], [0, -13], [1, -10], [-1, -1], [-1, -5], [1, -8], [1, -2], [0, -18], [1, -2], [1, -4], [1, -1], [2, -3], [-3, 0], [0, 3], [-3, 3], [-4, -1], [0, -3], [-1, 0], [-2, 7], [-2, 1], [1, 25], [3, 8], [2, 3], [-3, 1], [-2, 4], [0, 6], [-1, 2], [-4, 13], [-4, 5], [-6, 9], [-3, 2], [-2, 4], [-5, 4], [-3, 1], [0, 3], [-4, 0], [-1, 1], [-11, 5], [-1, 2], [-8, 2], [-3, 3], [-7, 3], [0, 3], [-14, 0], [0, -2], [-6, 0], [-2, -2], [-7, -3], [-1, -2], [-4, 0], [-3, 2], [-11, 0], [-5, -1], [-2, -2], [-7, -1]], [[993, 73968], [1, 0], [2, -6], [0, -8], [-1, -2], [3, -2], [6, -3], [-1, -3], [5, 0], [2, 3], [0, 11], [4, 5], [1, 3], [4, 2], [-4, -15], [-3, -5], [2, -2], [5, -2], [5, 1], [1, 2], [0, 9], [-1, 4], [0, 5], [-2, 1], [0, 7], [2, 0], [0, 6], [9, 3], [2, 1], [5, 5], [4, 3], [3, 1], [0, 6], [1, 0], [1, -9], [4, -1], [2, -2], [8, 2], [1, 5], [-5, 2], [-1, 3], [-5, 4], [0, 1], [2, 1], [3, 0], [5, -5], [4, 0], [3, -3], [5, -1], [2, -4], [-3, 0], [-4, -4], [-2, -9], [-2, 1], [-3, -1], [-11, -12], [-3, -6], [-4, -1], [-1, -3], [-5, -6], [-4, -1], [-2, -3], [-2, -6], [-3, -1], [-2, -2], [-4, -7], [-2, -1], [-1, -3], [-6, -6], [-11, -1], [-1, 4], [-2, 2], [-4, 1], [1, 11], [-1, 4], [-2, 27]], [[1017, 74147], [0, 2], [2, 0], [1, 2], [2, 1], [0, -3], [-2, -1], [0, -1], [-3, 0]], [[1025, 74348], [0, 5], [2, 0], [2, -5], [-4, 0]], [[1089, 74016], [0, 5], [1, 0], [1, 8], [5, -2], [0, -2], [-1, 0], [0, -1], [-4, -4], [0, -4], [-2, 0]], [[1097, 74115], [0, 5], [2, 0], [0, -3], [4, -7], [1, -3], [-5, 5], [0, 3], [-2, 0]], [[1102, 74170], [0, 2], [7, 0], [0, -3], [4, -1], [1, -2], [4, -1], [2, -8], [2, -2], [1, -8], [4, -6], [4, -12], [0, -4], [1, -5], [-1, -1], [-2, 5], [-1, 3], [-2, 4], [-3, 8], [-3, 5], [-2, 3], [0, 3], [-2, 4], [-3, 4], [-3, 1], [1, 3], [-2, 2], [0, 3], [-4, 1], [-3, 2]], [[1107, 74213], [3, 8], [4, 5], [1, 3], [-1, 0], [0, 5], [18, 2], [5, -3], [5, -11], [2, -3], [0, -5], [-11, -5], [-1, -11], [2, -5], [0, -4], [3, -3], [1, -3], [3, 0], [1, -5], [4, 0], [1, -4], [2, -3], [2, -13], [-5, 2], [-1, 3], [-1, 1], [-8, 2], [-1, 9], [-3, 1], [-2, 2], [0, 3], [-3, 8], [-6, 0], [-4, 5], [-5, 2], [-1, 4], [-3, 1], [-1, 12]], [[1107, 74050], [0, 1], [3, 0], [2, -5], [-3, 0], [0, 4], [-2, 0]], [[1131, 74109], [0, 7], [2, -4], [0, -3], [-2, 0]], [[1135, 74147], [1, 5], [2, -2], [1, -3], [-2, -2], [-2, 2]], [[1142, 74104], [2, -1], [0, -3], [-2, 0], [0, 4]], [[1154, 74152], [0, 3], [3, 0], [2, -7], [0, -8], [-2, 2], [-1, 8], [-2, 2]], [[1258, 76540], [0, 2], [3, 0], [3, 3], [1, -2], [0, -3], [-5, -3], [0, 3], [-2, 0]], [[1273, 74133], [0, 3], [5, 0], [4, -5], [0, -3], [-2, -1], [-2, 0], [-5, 6]], [[1277, 74212], [1, 4], [4, -4], [0, -3], [-5, 3]], [[1315, 74035], [0, 1], [2, 1], [8, 0], [3, 1], [12, 2], [15, 6], [7, 2], [3, 3], [3, 0], [11, 5], [4, 3], [8, 3], [1, 1], [5, 1], [0, -1], [-2, 0], [0, -4], [-1, 0], [-1, -3], [-3, -5], [-5, -5], [-6, -4], [-2, -1], [-7, -3], [-1, -2], [-6, -1], [-7, -8], [-5, -2], [-1, -2], [-5, 0], [-12, -3], [-4, -3], [-4, 1], [-2, 8], [0, 4], [-1, 0], [-3, 1], [1, 4], [-5, 0]], [[1415, 74132], [0, 4], [2, 0], [0, -3], [1, -1], [0, -8], [-2, 2], [0, 6], [-1, 0]], [[1434, 74176], [0, 5], [1, 2], [1, -1], [0, -1], [-1, -1], [0, -4], [-1, 0]], [[1444, 74205], [0, 2], [2, 0], [0, -3], [-2, 1]], [[1710, 74372], [0, 1], [1, 1], [5, -1], [0, -3], [2, -2], [0, -3], [-3, 1], [-5, 6]], [[1911, 73212], [1, 1], [0, 2], [1, 0], [0, 1], [1, 1], [0, 3], [1, 0], [0, 2], [1, 0], [0, 1], [1, 0], [0, 2], [2, 2], [0, 2], [2, 2], [0, 1], [1, 1], [0, 2], [1, 0], [0, 2], [0, 0], [0, 1], [1, 1], [1, 2], [0, 2], [1, 2], [1, 1], [0, 3], [1, 1], [0, 1], [1, 1], [0, 5], [1, 0], [0, 2], [1, 1], [0, 1], [1, 0], [1, 1], [0, 3], [1, 1], [0, 2], [1, 1], [0, 2], [1, 0], [0, 2], [1, 0], [0, 1], [-1, 1], [1, 0], [0, 2], [3, 0], [0, 1], [1, 0], [0, -2], [1, 0], [0, -2], [2, 0], [1, 1], [1, 0], [0, -2], [1, 0], [1, -1], [1, 0], [0, 1], [1, -1], [1, 0], [0, -1], [0, 0], [0, -1], [2, 0], [0, -1], [1, -1], [3, 0], [0, -1], [1, 0], [0, -1], [1, -1], [4, 0], [0, -1], [4, 0], [0, -2], [1, 0], [2, -1], [3, 0], [0, -1], [1, 0], [0, -2], [1, 0], [0, -1], [2, -2], [2, 0], [2, -2], [1, 0], [0, -1], [1, 0], [0, -1], [1, -1], [1, -2], [1, -1], [0, -1], [-1, -1], [-3, 0], [-3, -1], [-2, 0], [0, -1], [-1, 0], [0, -1], [-1, 0], [0, -1], [-2, -2], [0, -1], [-1, 0], [-2, -2], [0, -1], [-1, 0], [0, -1], [-1, 0], [0, -1], [-2, 0], [0, -2], [-1, 0], [0, -1], [-1, 0], [-2, -2], [-1, 0], [0, -1], [-1, 0], [0, 1], [-1, 0], [0, -1], [-1, 0], [-2, -2], [-1, 0], [-1, -1], [-1, 0], [0, -1], [-1, -1], [-2, 0], [0, -1], [-1, 0], [0, -1], [-1, 0], [-1, -1], [-1, 0], [-1, -1], [-1, 0], [0, -1], [-1, 0], [-1, -1], [-4, 0], [-1, -1], [-2, 0], [-1, -1], [-3, 0], [0, -1], [-2, 0], [-1, -1], [-4, 0], [-1, -1], [-1, 0], [-1, -1], [-3, 0], [0, -1], [-3, 0], [0, -1], [-1, 0], [-1, -1], [-1, 0], [0, 5], [-1, 0]], [[2499, 74047], [0, 3], [5, 23], [1, 1], [3, 22], [2, 0], [0, 6], [-1, 0], [0, 5], [3, 0], [0, 8], [4, 4], [15, -2], [10, -7], [9, -3], [2, -2], [2, -1], [6, -19], [2, -2], [5, -15], [1, -1], [1, -5], [9, -5], [1, -5], [3, -5], [0, -7], [6, -5], [2, -1], [3, -23], [3, -5], [1, -3], [4, -1], [5, -5], [14, -1], [0, -2], [-10, -1], [-5, -3], [-11, -3], [-4, 0], [-6, -3], [-3, 0], [-9, -5], [-3, -3], [-7, -3], [-19, 2], [-11, 5], [-1, 2], [-10, 4], [0, 3], [-9, 2], [-3, 12], [-3, 1], [1, 7], [-1, 15], [-3, 9], [-3, 0], [1, 2], [0, 8], [-2, 2]], [[2549, 74202], [3, 10], [1, 0], [0, -6], [-1, 0], [0, -4], [-3, 0]], [[2697, 73083], [0, 1], [1, -1], [0, -2], [1, -1], [0, -1], [1, -1], [0, -4], [1, 0], [0, -2], [1, 0], [0, -4], [1, -1], [0, -2], [1, -1], [0, -1], [-1, 0], [0, -7], [-1, 0], [0, 3], [-1, 1], [0, 4], [-1, 0], [0, 3], [-2, 0], [0, 10], [-1, 0], [0, 1], [1, 0], [0, 2], [-1, 0], [0, 3]], [[2706, 73055], [1, 0], [0, -2], [1, 0], [0, 1], [-1, 1], [0, 1], [1, 0], [0, 1], [-1, 0], [0, 1], [1, 0], [0, 6], [-1, 0], [0, 5], [1, 0], [0, 4], [1, 1], [0, 1], [1, 0], [4, 4], [0, 1], [1, 0], [0, 1], [-1, 1], [0, 8], [-1, 1], [-2, 0], [0, 3], [-2, 2], [0, 3], [-1, 1], [1, 1], [0, 1], [-1, 1], [0, 2], [-1, 0], [0, 3], [1, 0], [0, 5], [1, 0], [0, 1], [1, 0], [0, 2], [1, 0], [0, -1], [1, 0], [0, -2], [-1, 0], [0, -2], [1, 0], [0, -1], [1, 0], [0, 1], [1, 0], [0, 1], [-1, 0], [0, 1], [2, 0], [0, -1], [2, 0], [0, -2], [1, -1], [0, 1], [2, 0], [0, 2], [-1, 1], [0, 3], [1, 0], [1, -1], [0, -1], [1, 0], [1, -1], [0, -1], [1, 0], [1, -1], [0, -1], [1, 0], [0, -1], [1, 0], [1, -1], [0, -1], [1, 0], [1, -1], [0, -1], [2, 0], [0, -1], [1, -1], [1, 0], [2, -2], [1, 0], [0, -1], [1, 0], [0, -1], [1, 0], [0, -1], [1, 0], [0, -1], [1, 0], [0, -1], [2, -2], [0, -2], [1, -1], [0, -1], [1, 0], [0, -2], [1, -1], [0, -5], [1, -1], [0, -3], [1, 0], [0, -1], [-1, 0], [0, -9], [1, -1], [0, -3], [1, 0], [0, -1], [-4, -4], [0, -2], [1, -1], [0, -1], [-1, 0], [0, -1], [1, 0], [0, -1], [-1, 0], [-2, -2], [0, -1], [1, 0], [0, -1], [-1, 0], [0, 1], [-1, 0], [-1, 1], [-1, -1], [0, -1], [-1, 0], [0, -3], [1, 0], [0, 0], [1, -1], [-1, 0], [0, -1], [0, 0], [0, -1], [-1, 0], [0, 1], [-4, 0], [-2, 1], [-7, 0], [-1, 1], [-1, 0], [0, -1], [-1, -1], [0, -2], [-1, -1], [0, -2], [-1, -2], [0, -4], [1, 0], [-1, -1], [2, -2], [1, 0], [1, -1], [0, 1], [1, 0], [0, -1], [1, 0], [0, -1], [1, -1], [0, -1], [-1, 0], [0, -2], [1, 0], [0, -1], [0, 0], [-1, -1], [-1, 1], [0, -1], [-1, 0], [0, -2], [-1, -2], [0, -5], [0, 0], [0, -1], [1, 0], [1, -1], [0, -1], [-1, 0], [0, -1], [1, -1], [-2, 0], [0, 1], [-1, 0], [0, 1], [-1, 0], [0, 1], [-1, 1], [0, 1], [-2, 2], [0, 2], [-1, 1], [0, 1], [-1, 0], [0, 2], [-1, 0], [0, 2], [-1, 1], [0, 1], [-1, 0], [0, 2], [-2, 2], [0, 2], [-1, 0], [0, 1], [-1, 1], [0, 1], [-1, 1], [-1, 0], [0, 1], [2, 0], [0, 1], [1, 1], [0, 2], [1, 0], [0, 0], [1, 0], [1, 1], [0, 3], [-1, 1], [0, 1], [-1, 0], [0, 1], [-2, 0], [0, 3], [-1, 0], [0, 2], [-1, 1], [-1, -1], [-1, 0], [0, 1], [1, 0], [-1, 1], [0, 1]], [[2729, 74094], [0, 2], [3, 2], [4, 0], [0, -4], [11, -2], [2, -2], [6, -2], [3, -3], [7, -2], [4, -3], [4, -1], [2, -3], [1, -4], [11, 3], [13, 6], [5, 3], [2, 0], [6, 5], [5, -1], [4, -5], [0, -5], [-5, -5], [-3, -7], [-3, -1], [-3, -11], [-2, 0], [-2, -10], [-1, 0], [-1, 3], [-3, 4], [-2, 6], [-2, 0], [0, 3], [-21, 5], [-2, 2], [-7, 1], [0, 3], [-10, 3], [-5, 0], [-11, 8], [-3, 3], [-3, 1], [1, 3], [-5, 5]], [[2753, 73923], [0, 1], [1, 0], [1, -1], [1, 0], [0, -2], [-2, 0], [-1, 2]], [[2978, 72356], [0, 1], [2, -2], [1, -2], [6, -6], [0, -1], [1, 0], [1, -1], [1, 0], [0, -1], [1, 0], [5, -5], [4, -3], [7, -7], [2, -1], [4, -4], [2, -1], [0, -1], [2, -1], [1, 0], [8, -4], [5, -1], [6, 0], [2, 1], [5, 2], [2, -1], [1, -1], [1, 0], [2, -2], [0, -2], [1, 0], [1, -2], [1, -1], [-1, -1], [0, -1], [3, -3], [1, 0], [-1, -1], [1, -1], [0, -1], [1, -1], [1, -2], [1, -1], [-1, -1], [0, -2], [1, -1], [1, 0], [0, -2], [1, -1], [0, -4], [1, -2], [1, 0], [1, -1], [0, -5], [1, -2], [2, -2], [0, -1], [1, -2], [-1, 0], [1, -1], [0, -2], [1, 0], [1, -1], [-1, -1], [1, -2], [1, 0], [0, -4], [2, -2], [0, -4], [1, -1], [0, -1], [1, -1], [0, -1], [1, 0], [0, -4], [1, 0], [0, -1], [1, 0], [0, -3], [1, -1], [0, -4], [1, 0], [0, -7], [1, -2], [0, -4], [-1, 0], [0, 1], [-2, 0], [-2, 2], [-2, 1], [-2, 0], [-1, 1], [-2, 0], [0, 1], [-1, -1], [0, -2], [1, 0], [1, -1], [2, 0], [0, -1], [1, 0], [0, -1], [1, 0], [2, -2], [0, -1], [1, -1], [1, 0], [0, -1], [2, -1], [1, -1], [0, -4], [-1, 0], [0, -1], [-1, 0], [-2, -2], [0, 1], [-1, 0], [-1, -1], [-1, 0], [-1, 1], [-1, -1], [-4, 0], [-1, 1], [1, 1], [-1, 0], [0, 1], [-1, 0], [0, 3], [-1, 1], [0, 1], [-1, 1], [0, 1], [-1, 1], [0, 4], [-2, 2], [0, 3], [-1, 2], [-3, 3], [-3, 1], [-2, 0], [-1, 1], [0, 2], [-2, 2], [-1, 4], [-1, 1], [-2, 6], [-4, 8], [-2, 1], [0, 3], [-2, 2], [-1, 3], [-2, 1], [-1, 2], [0, 2], [-1, 0], [-2, 2], [0, 1], [-3, 3], [-1, 0], [-1, 1], [-1, 0], [0, 2], [-3, 3], [-1, 2], [-7, 7], [-3, 2], [-7, 7], [-3, 2], [-1, 3], [-1, 2], [-3, 2], [-4, 4], [-3, 5], [-2, 5], [-1, 2], [-1, 1], [-1, 0], [0, -1], [-1, 1], [0, 4], [-1, 1], [-1, 2], [0, 2], [-1, 0], [0, 8], [-1, 4], [0, 4]], [[3155, 72321], [1, 2], [0, 2], [1, 1], [1, 2], [2, 1], [4, 1], [2, 0], [1, 1], [2, -1], [1, -1], [2, 0], [1, -1], [1, 0], [1, -1], [1, 0], [1, -1], [3, 0], [0, 1], [-2, 0], [1, 1], [1, 0], [0, -1], [1, -1], [1, 1], [1, -1], [-1, -1], [4, 0], [1, -1], [-1, 0], [-1, -1], [2, -2], [2, 0], [2, -1], [0, -1], [2, 0], [0, -1], [4, 0], [1, 1], [-1, 0], [0, 1], [1, 0], [0, -2], [2, 0], [0, -1], [2, 0], [-1, 1], [1, 0], [0, -1], [2, 0], [0, 0], [1, 0], [0, -1], [0, 0], [0, -1], [1, 0], [2, -1], [2, 0], [0, -2], [5, 0], [1, 1], [2, 0], [1, 1], [3, 0], [2, 1], [2, 0], [0, -1], [2, 1], [1, -1], [6, 0], [0, 0], [1, -1], [1, 0], [0, 1], [3, 0], [2, -1], [0, -1], [2, 0], [3, -3], [0, -2], [-2, 0], [-1, -1], [-2, -1], [-2, 0], [0, -1], [-4, -2], [0, 1], [-2, -2], [0, -3], [0, 0], [-1, -1], [0, -3], [-1, 0], [0, 1], [-1, -1], [-1, 0], [0, -1], [1, 0], [0, -1], [-1, 0], [0, 1], [-1, 0], [0, -2], [1, -1], [-1, 0], [0, -1], [-1, 0], [0, -1], [-1, 0], [-1, -1], [-2, 0], [0, 1], [-2, 0], [0, 0], [-1, 0], [-1, -1], [0, 1], [-4, 0], [0, 0], [-1, 1], [-1, 0], [-1, -1], [-1, 0], [0, 1], [-1, 0], [0, 0], [-3, 0], [-1, 1], [0, 1], [-2, 0], [0, -2], [-1, 1], [0, 1], [-2, 0], [1, -1], [0, -1], [-2, 0], [0, 1], [-2, 0], [0, -1], [-2, 0], [0, 1], [1, 0], [0, 1], [-1, 1], [0, 1], [-2, 0], [0, -1], [1, 0], [-2, -2], [-1, 1], [1, 1], [-1, 1], [-2, 0], [1, -1], [-1, -1], [-1, 0], [0, -1], [-1, 1], [-1, 0], [-1, -1], [-1, 1], [-3, 0], [0, 1], [-2, 0], [0, -1], [-4, 0], [0, 1], [-1, 0], [-1, 1], [-2, 0], [-1, 1], [-2, 0], [-1, 1], [0, 1], [-1, 1], [-1, 0], [-2, 2], [-1, 0], [0, 1], [-1, 2], [-1, 0], [-2, 2], [0, 1], [-1, 2], [-2, 2], [0, 3], [-1, 1], [0, 6], [-1, 2]], [[3237, 73512], [0, 1], [2, 2], [1, -1], [18, -1], [-1, -2], [-10, 0], [-7, 1], [-1, 1], [-1, -1], [-1, 0]], [[3254, 73475], [1, 23], [6, 3], [5, 3], [2, 0], [2, 1], [7, 3], [5, 1], [2, 5], [5, -2], [0, -3], [-3, 0], [0, -3], [1, 0], [1, -8], [-1, -2], [7, -8], [3, 0], [0, -4], [9, -2], [2, -4], [9, -1], [6, -5], [12, -2], [-4, -11], [-1, -2], [-3, -11], [-2, -16], [7, -21], [3, -4], [0, -3], [3, 0], [3, -13], [4, -8], [4, -7], [-1, -3], [4, -2], [0, -3], [4, -3], [11, -1], [1, -8], [1, -2], [3, -10], [4, -6], [0, -3], [4, -5], [5, -15], [1, -2], [0, -3], [6, -7], [1, -6], [1, -2], [1, -3], [5, -3], [6, -3], [4, -3], [34, 1], [1, -1], [6, -9], [-7, -2], [-56, 0], [-6, -2], [-1, -2], [-7, 1], [-1, 1], [-12, 7], [-2, 3], [3, -1], [-1, 3], [-8, 3], [-6, 7], [-5, 3], [0, 3], [-3, 0], [-1, 6], [1, 2], [-5, 2], [-1, 6], [-5, 3], [-2, 0], [-2, -1], [0, 3], [-5, 1], [-4, 4], [-3, 0], [-5, 2], [-2, 7], [-2, 0], [-2, 6], [-4, 7], [-1, 3], [-3, 1], [-6, 11], [-5, 7], [0, 3], [-1, 1], [-2, 1], [-1, 3], [-5, 6], [-1, 4], [-3, 1], [-2, 2], [-1, 8], [-3, 5], [-1, 25], [-4, 8], [1, 15], [-2, 3], [0, 10], [-3, 14]], [[3271, 72231], [0, 2], [3, 0], [0, -4], [-3, 2]], [[5928, 68130], [1, 20], [4, 4], [3, 0], [2, 12], [2, 0], [0, 3], [4, 3], [2, -3], [2, -7], [6, -10], [-2, 0], [0, -1], [2, 0], [0, -5], [7, -9], [0, -5], [3, 0], [2, -8], [4, -5], [1, -6], [5, -5], [4, -1], [0, -3], [4, 0], [0, -3], [5, -2], [0, -3], [3, 0], [0, -4], [3, 0], [2, -3], [0, -3], [6, -6], [2, -1], [1, -5], [3, -1], [3, -3], [3, -1], [1, -5], [3, 0], [-1, -3], [3, 0], [3, -5], [2, -4], [6, -8], [3, -5], [0, -3], [4, -8], [0, -2], [-2, -2], [0, -3], [2, -3], [0, -2], [-3, -5], [-2, -8], [-2, -2], [-2, 0], [-3, -4], [1, -8], [5, -4], [6, -1], [1, 0], [2, 4], [2, 2], [1, -2], [0, -6], [-2, -5], [0, -5], [3, -11], [7, -2], [2, -5], [0, -5], [5, -18], [0, -3], [1, -2], [0, -10], [-1, -3], [0, -8], [-5, -15], [-1, -1], [-2, -7], [1, -6], [7, -8], [12, -1], [2, 3], [1, 3], [15, -2], [2, -3], [1, -15], [-2, 1], [0, -4], [-1, -18], [-4, -2], [-3, -3], [-2, 0], [-4, 4], [-1, 5], [-5, 6], [-3, 2], [-1, 4], [-8, 1], [-1, 1], [-1, 0], [-5, -4], [-4, -1], [0, 5], [-4, 8], [0, 5], [-1, 3], [-3, 23], [-4, 5], [-4, 7], [-7, 18], [-4, 10], [-2, 2], [-3, 1], [-1, 5], [-1, 2], [-5, 2], [-2, 3], [0, 5], [-8, 4], [-3, 3], [-5, 3], [0, 3], [-3, 1], [-4, 7], [-5, 1], [-1, 3], [-6, 4], [-2, 3], [-2, 6], [-3, 3], [-3, 7], [0, 3], [-5, 15], [0, 7], [3, 18], [-3, 13], [0, 6], [-1, 12], [-4, 5], [-3, 3], [-1, 16], [-2, 2], [-2, 8], [0, 3], [-1, 2], [-3, 15], [-10, 1], [-2, 4]], [[6072, 67821], [0, 5], [3, 0], [0, -5], [-3, 0]], [[6473, 67626], [0, 2], [3, 0], [1, -5], [-3, 0], [0, 3], [-1, 0]], [[6953, 67132], [1, 0], [0, 1], [4, 0], [-1, -1], [0, -1], [-2, -1], [-2, 0], [0, 2]], [[7102, 66786], [0, 1], [3, 0], [2, -3], [4, -10], [2, -2], [1, -3], [10, -1], [0, -3], [1, -1], [7, 2], [4, -1], [0, 3], [5, 4], [4, 1], [1, 7], [4, 2], [0, 3], [3, 0], [0, -6], [7, -3], [3, -3], [5, -3], [14, -4], [1, -6], [7, -3], [2, -7], [2, -1], [1, -4], [2, 1], [2, -4], [1, -3], [18, -4], [0, -4], [17, -1], [3, -3], [4, -8], [1, -10], [-4, 1], [-1, -1], [-1, -3], [-4, -1], [0, -6], [-3, -8], [-2, -3], [0, -7], [-2, -1], [-3, -11], [-3, -1], [1, -7], [-2, -4], [-6, -5], [-4, -2], [0, -4], [-3, 0], [-3, -4], [-9, 0], [-1, 1], [-1, 3], [-2, -1], [-7, 5], [-8, 1], [-5, 6], [-4, 7], [-2, 1], [-1, 3], [-6, 5], [-4, 9], [-4, 5], [-4, 16], [-2, 2], [-1, 5], [-3, 3], [-2, 6], [-4, 5], [-3, 11], [-3, 0], [1, 4], [-2, 1], [-1, 5], [-2, 2], [0, 3], [-7, 0], [1, 3], [-3, 3], [-1, 3], [-2, 1], [-1, 0], [-5, 6], [-1, 5], [-1, 15], [-1, 0]], [[7305, 65679], [2, 2], [3, 2], [1, 0], [-1, -1], [3, 0], [2, 1], [1, 0], [0, -2], [-3, -3], [-3, -2], [-1, -1], [-3, 0], [-1, 1], [0, 3]], [[7628, 64788], [0, 2], [1, 0], [0, -2], [1, -1], [2, -6], [2, -4], [1, -1], [0, -1], [-3, 0], [-1, 1], [-2, 4], [-1, 5], [0, 3]], [[8138, 65052], [0, 1], [1, 0], [1, 2], [5, -3], [6, -6], [0, -8], [-1, -2], [0, -1], [-2, 3], [-3, 4], [-2, 3], [-2, 1], [-3, 4], [0, 2]], [[8809, 62165], [6, 3], [1, 2], [4, 1], [0, -4], [9, 1], [7, -1], [15, -8], [8, -1], [2, -2], [8, -3], [5, -5], [14, -4], [1, -2], [4, -1], [1, -2], [3, -1], [4, -5], [2, -4], [1, -4], [5, 0], [3, -4], [3, 0], [0, -4], [4, -1], [2, -7], [2, -2], [4, -3], [3, -1], [-3, -8], [-2, 0], [-1, -3], [-3, -3], [-1, 0], [-10, 1], [-1, 2], [-6, 1], [0, 5], [-3, 4], [-4, 1], [-1, 2], [-7, 3], [-3, 3], [-5, 1], [-3, 4], [-5, 3], [-5, 0], [0, -1], [4, -2], [0, -3], [-4, 0], [0, 3], [-7, 1], [-6, 2], [0, 3], [6, -2], [6, 0], [0, 1], [-16, 7], [-6, 7], [-3, 7], [0, 3], [-1, 1], [-10, 3], [-2, 1], [-8, 2], [-7, 2], [0, 3], [-4, 2], [0, 6]], [[9128, 62017], [8, -2], [2, -4], [5, -1], [1, -4], [7, -4], [2, -6], [-3, 0], [0, 3], [-6, 2], [0, 3], [-4, 4], [-2, 1], [-1, 1], [-6, 1], [-3, 2], [0, 4]], [[9191, 61981], [5, -1], [5, -5], [3, -1], [0, -1], [-4, 0], [-4, 4], [-5, 2], [0, 2]], [[9215, 61965], [4, 0], [2, -8], [0, -7], [1, -1], [-3, 0], [0, 6], [-3, 7], [-1, 0], [0, 3]], [[9388, 58731], [1, 5], [4, 2], [2, 6], [1, 2], [1, 18], [1, 1], [2, 5], [5, 12], [4, 5], [0, 3], [4, 0], [2, 5], [2, 3], [7, 2], [0, 5], [6, 2], [0, 5], [3, 0], [0, 5], [7, 2], [0, 3], [2, 1], [0, 4], [6, 2], [10, 14], [4, 1], [0, 3], [4, 1], [1, 1], [10, 1], [1, -2], [8, 0], [3, 2], [9, 0], [2, -2], [17, -3], [3, -10], [4, -5], [-1, 0], [0, -1], [1, 0], [3, -5], [3, -10], [2, -1], [0, -14], [-3, -3], [1, -31], [-1, -1], [-8, -2], [-4, 11], [0, 1], [-4, 0], [-1, -1], [0, -11], [5, 0], [0, -4], [3, 0], [1, -8], [3, 0], [0, -5], [-3, 0], [0, -3], [-2, 1], [-3, 5], [-3, 0], [-1, -2], [-3, -1], [0, 3], [-7, -1], [0, -2], [3, 0], [0, -3], [-4, 0], [0, 3], [-3, -3], [-8, 0], [-1, 1], [0, -3], [-3, 2], [-4, 0], [-1, 1], [0, -5], [4, -2], [1, -1], [-1, -7], [3, 0], [0, -3], [4, 0], [0, -3], [5, -2], [1, -3], [1, 0], [0, 3], [5, 1], [0, -4], [4, 0], [2, -2], [10, -1], [1, -1], [0, -10], [-3, 0], [-1, -3], [0, -1], [-4, -1], [-1, -3], [-1, -2], [0, -5], [-4, 0], [3, -8], [11, -1], [1, 0], [3, 8], [5, 2], [1, 3], [1, 1], [-1, 7], [6, 0], [1, 5], [-7, 0], [-1, 6], [4, 4], [0, -4], [12, -3], [-1, 5], [-3, 3], [-2, 0], [-2, -3], [-1, 8], [-3, 4], [1, 4], [4, 2], [0, 2], [-3, 0], [1, 3], [-4, 5], [0, 3], [3, 13], [2, 3], [4, 1], [0, 3], [7, 1], [7, -2], [4, -4], [4, -1], [1, -3], [2, -4], [1, -3], [3, 0], [-2, -13], [-2, -4], [-5, -4], [4, -44], [1, -2], [2, -6], [8, -3], [0, -4], [4, -4], [9, -2], [-1, 5], [4, -1], [3, -3], [4, -3], [6, -1], [0, -3], [2, 0], [1, -5], [1, -1], [3, -8], [4, -5], [1, -8], [3, -1], [15, 1], [0, 3], [8, 1], [8, 5], [-1, 3], [12, 4], [2, 2], [4, 1], [3, 14], [-1, 4], [5, 5], [-1, -12], [-2, -1], [-1, -20], [3, -5], [2, -11], [4, 0], [0, -5], [4, -2], [1, -1], [0, -3], [-1, -1], [-2, -1], [-1, -7], [4, 4], [4, 2], [1, 2], [2, 1], [1, -4], [-1, -3], [-8, -10], [-1, -3], [-5, -1], [-1, 1], [0, 5], [4, -2], [0, 7], [-6, 0], [-3, -15], [-3, -3], [-6, -1], [-2, -3], [1, -3], [-5, -1], [-5, -4], [-2, -2], [-1, -3], [-5, -1], [-6, -5], [-5, -5], [-3, -2], [-6, -3], [-11, -1], [-16, 2], [-9, -4], [-4, -3], [-3, 0], [-3, -2], [-16, -3], [0, -3], [-4, 0], [0, 3], [-2, 0], [0, -3], [-6, 0], [0, 3], [-2, 0], [0, -3], [-11, -3], [-30, 2], [0, 3], [-2, 1], [-4, 5], [-3, 0], [-1, 4], [-1, 1], [-6, 5], [0, 3], [-3, 1], [-2, 4], [-3, 5], [-2, 2], [-4, 1], [-1, 3], [-4, 5], [-2, 6], [-3, 1], [-1, 2], [-4, 1], [-1, 3], [0, 1], [-4, 0], [-1, 8], [-3, 7], [-3, 26], [-4, 9], [-2, 1], [-1, 3], [-7, 4], [-4, 3], [-5, 5], [-2, 4], [-3, 1], [-2, 10], [-6, 0], [-2, 8], [-3, 3], [0, 5], [-2, 3], [1, 18], [-8, 3], [-1, 7], [-5, 5], [-1, 4], [-4, 1], [-1, 1]], [[9569, 58926], [3, 2], [4, 1], [1, 5], [3, 7], [-1, 0], [-1, 1], [3, 1], [4, -5], [6, -4], [5, -1], [1, -8], [1, -3], [0, -9], [2, -1], [0, -3], [-5, 0], [-5, -4], [0, -3], [-4, 0], [0, -3], [-3, -1], [-3, 10], [-2, 0], [0, 3], [-4, 0], [0, 4], [-3, -1], [-2, 12]], [[9647, 59539], [3, 0], [1, 10], [3, 0], [2, 8], [2, 4], [1, 8], [2, 0], [0, 8], [3, 0], [1, 13], [4, 3], [3, 0], [1, -2], [3, -1], [3, -5], [1, -3], [3, -2], [4, -1], [1, -5], [-4, 0], [0, -3], [3, 0], [2, -3], [-2, -10], [3, 0], [0, -2], [-3, 0], [2, -21], [0, -1], [2, 0], [3, -15], [-3, -25], [3, -42], [3, 0], [-1, -1], [2, -15], [1, -2], [1, -6], [2, -2], [5, -18], [2, -1], [0, -7], [1, -3], [0, -6], [-2, -5], [1, -7], [4, -1], [0, -5], [-1, -2], [-1, -5], [0, -5], [-1, -1], [-2, -1], [0, -3], [-3, -1], [-1, -1], [0, -9], [3, -3], [3, -7], [1, -10], [3, -9], [0, -10], [3, -8], [4, 1], [-1, -8], [-1, -1], [-2, 0], [2, -4], [0, -1], [-2, -4], [1, -13], [2, -6], [-3, 0], [-1, -3], [-2, -3], [-2, 0], [-1, 1], [-2, 6], [-7, 3], [-2, 3], [-5, 1], [-2, 6], [-4, 4], [-3, 1], [-1, 5], [-5, 4], [-3, 7], [-4, 5], [-2, 4], [-4, 4], [-1, 16], [-2, 5], [2, 8], [1, 2], [-2, 6], [0, 3], [2, 2], [1, 24], [1, 4], [-1, 58], [-1, 2], [-3, 10], [0, 6], [-2, 10], [-1, 2], [-2, 8], [-1, 5], [0, 5], [-3, 12], [-1, 15], [-2, 0], [-1, 8], [3, 0], [0, 2], [-3, 0], [0, 8], [-2, 0], [-2, 8]], [[9662, 59094], [1, 0], [3, 15], [2, 0], [0, 3], [6, -1], [3, -8], [2, -1], [2, -2], [2, 0], [0, -4], [6, -1], [2, -8], [0, -8], [-3, -3], [-4, -5], [-4, 0], [-11, 5], [-4, 7], [-2, 3], [0, 5], [-1, 0], [0, 3]], [[9674, 59685], [3, 59], [3, 0], [0, 1], [-1, 0], [0, 7], [6, -2], [3, -9], [1, -28], [-1, -18], [-3, 0], [3, -11], [5, -5], [0, -5], [-2, 0], [0, 3], [-3, 1], [-3, 3], [-7, 0], [-4, 4]], [[9736, 59279], [5, -3], [5, 2], [7, 1], [1, 2], [-1, 4], [3, 0], [1, -2], [3, -1], [1, 7], [4, -2], [1, 9], [4, 0], [-1, 13], [4, 6], [2, 5], [1, 2], [0, 5], [4, 4], [4, -1], [2, 5], [2, 3], [3, 0], [1, 1], [3, 1], [1, 4], [2, 4], [0, 2], [-1, 2], [-1, 5], [4, 0], [1, 11], [6, 2], [0, 6], [5, 2], [2, 3], [-1, 5], [3, 3], [4, 0], [16, 7], [4, 3], [12, 0], [2, -4], [1, -3], [2, 1], [2, -2], [2, 0], [0, -2], [-1, 0], [0, -2], [1, 0], [-3, -13], [-3, 0], [-2, -11], [2, -17], [4, 1], [-1, -5], [4, -2], [1, -2], [0, -4], [-1, -1], [-5, -2], [-4, -5], [-4, -2], [-3, -5], [-2, 0], [-3, -1], [-5, -7], [-3, -1], [2, 5], [1, 1], [2, 1], [0, 1], [2, 0], [0, 2], [-7, -3], [0, -6], [-5, 0], [-2, -3], [0, -5], [1, -9], [0, -1], [-3, -1], [0, -7], [-5, 2], [3, -5], [-2, -18], [-2, -1], [-4, -4], [0, 3], [-4, -1], [0, -4], [2, 0], [0, -3], [-4, 0], [2, -10], [-8, 1], [-1, 1], [-1, 11], [0, 8], [-5, -1], [-4, 5], [-4, 3], [0, 3], [-8, 2], [-5, 2], [1, -1], [4, -3], [2, 0], [1, -4], [3, -3], [0, -3], [-2, 0], [-2, -1], [-4, 1], [-6, 1], [0, -1], [4, -3], [2, -3], [2, -2], [11, -7], [2, -1], [0, -5], [3, -1], [4, -2], [0, -3], [3, 0], [-1, 5], [8, 0], [0, -8], [-4, -3], [-4, -5], [-3, -1], [0, -6], [-2, -1], [-1, -1], [0, -3], [3, -17], [3, -3], [0, -3], [3, 0], [0, -3], [3, -3], [2, 0], [1, -2], [0, -6], [-3, -1], [0, -1], [3, -1], [2, -3], [7, -2], [0, 3], [1, 0], [2, -3], [2, -18], [1, -2], [1, -3], [3, -2], [3, -1], [2, -3], [0, -4], [4, -1], [0, -4], [3, -2], [4, -1], [0, -3], [3, -2], [7, -1], [-2, -5], [8, -5], [11, 1], [4, 4], [6, -2], [12, -9], [4, -1], [1, -6], [6, -2], [0, -3], [-3, 0], [0, -3], [-5, -1], [-3, -2], [-4, 0], [-9, -4], [-10, -6], [-4, -5], [-2, 0], [-5, 4], [-1, 4], [-6, 1], [-3, 2], [-5, 5], [-1, 3], [-6, 0], [-1, 12], [-3, 6], [0, 3], [-4, 4], [0, 5], [-2, 3], [-4, 3], [1, 3], [-3, 1], [-2, 4], [-3, 5], [-3, 4], [-4, 1], [1, 3], [-4, 1], [-3, 2], [-1, 3], [-8, 2], [1, 1], [-1, 7], [-5, 2], [-1, 1], [0, 3], [-4, 6], [-2, 1], [-2, 9], [-3, 3], [-4, 15], [-6, 6], [-2, 4], [-5, 3], [0, 5], [-9, 3], [0, 5], [-5, 2], [-1, 2], [-4, 0], [-1, 7], [-3, 5], [0, 3], [1, 2], [1, 6], [4, 2], [-2, 5], [-1, 5], [-3, -1], [0, 4], [-2, 1], [0, 4]], [[9781, 59261], [1, 1], [9, -2], [2, -3], [0, -3], [1, -2], [-7, 2], [-4, 4], [-2, 3]], [[9819, 59201], [4, -1], [1, 1], [11, -1], [1, 1], [0, -3], [4, 0], [0, -2], [-7, -1], [-3, -6], [-7, -3], [-2, 10], [-2, 0], [0, 5]], [[9844, 59221], [4, -2], [1, -5], [-1, 0], [0, -1], [3, 0], [0, -5], [-6, 1], [-1, 12]], [[9846, 59185], [8, 2], [0, -2], [-6, 0], [0, -3], [-2, 0], [0, 3]], [[9906, 59096], [8, 1], [0, -2], [-3, 0], [0, -3], [-4, 0], [0, 3], [-1, 0], [0, 1]], [[9932, 60225], [1, 0], [2, -4], [-3, 1], [0, 3]], [[9939, 60224], [1, 8], [4, 1], [1, 2], [10, 5], [1, 1], [7, 4], [1, 1], [7, 4], [6, 1], [2, -8], [-2, 0], [0, -2], [-1, 0], [-1, -10], [-3, 0], [0, 3], [-3, 0], [-1, -2], [-7, -1], [0, -3], [-4, -1], [-4, -5], [-1, 0], [-4, 3], [-1, 0], [-3, -2], [-4, 0], [-1, 1]], [[9945, 59099], [3, 1], [1, 2], [2, 0], [2, 10], [2, 0], [1, -5], [1, -1], [1, -3], [-1, 0], [0, -7], [1, 0], [-1, -7], [4, -1], [0, -7], [-2, 0], [-1, -1], [-1, -5], [-4, -2], [-2, 13], [-4, 5], [-2, 8]], [[9977, 61347], [1, 0], [2, -4], [-3, 0], [0, 4]], [[10140, 58960], [1, 11], [4, 3], [8, -1], [0, -2], [-1, 0], [0, -1], [-4, -4], [-5, -3], [0, -3], [-3, 0]], [[10142, 59219], [1, 0], [1, 8], [1, 0], [1, -16], [4, -2], [0, -3], [2, -1], [1, -7], [-2, -10], [-2, -1], [-1, -15], [-6, -5], [2, 11], [-1, 17], [0, 22], [-1, 0], [0, 2]], [[10146, 59232], [2, 7], [-1, 0], [0, 5], [4, -4], [2, -1], [0, -7], [-2, 2], [-1, -3], [-3, -4], [-1, 5]], [[10242, 58292], [4, -2], [0, -3], [4, 0], [1, -3], [-1, -1], [-4, -1], [0, 3], [-1, 1], [-3, 1], [0, 5]], [[10248, 58271], [1, 0], [0, 3], [1, 1], [4, 0], [2, -2], [7, 0], [3, -5], [3, -7], [1, -21], [-3, 1], [-4, 5], [-3, 0], [0, -1], [-1, -5], [4, 0], [1, -11], [2, -3], [3, 0], [-2, -3], [-1, -1], [-1, 3], [-5, 4], [-2, 1], [-1, 5], [-1, 2], [-2, 18], [-1, 3], [0, 5], [-2, 3], [-3, 3], [0, 2]], [[10313, 59021], [1, 4], [1, 2], [2, 8], [7, 4], [1, -5], [-1, 0], [0, -3], [1, 0], [1, -28], [5, -8], [2, -8], [1, 0], [1, -5], [-2, 0], [-1, 4], [-5, 2], [-2, 12], [-6, 7], [-3, 1], [-3, 6], [0, 7]], [[10335, 58948], [8, 6], [4, 0], [0, -6], [-3, 0], [0, -2], [-3, 0], [0, -3], [-1, -1], [-5, -1], [0, 7]], [[10365, 59364], [1, 10], [4, 2], [0, 3], [3, 0], [0, -7], [-2, 0], [0, -3], [-3, -3], [-1, -3], [-2, 1]], [[10375, 59674], [8, -1], [0, -7], [-2, -2], [0, -3], [-4, 3], [-1, 7], [-1, 0], [0, 3]], [[10404, 58241], [2, 7], [3, 0], [0, 3], [4, 4], [7, 0], [1, -5], [3, 0], [1, -3], [-1, 0], [0, -2], [-3, 0], [0, -2], [8, -1], [2, -8], [2, 0], [0, -3], [-5, 0], [0, -5], [-22, 4], [-2, 11]], [[10407, 58964], [6, -2], [0, -3], [-6, 2], [0, 3]], [[10418, 61172], [3, 0], [0, -5], [-3, 2], [0, 3]], [[10433, 61167], [2, 0], [4, -6], [0, -5], [-2, -8], [-2, 1], [-1, 5], [0, 10], [-1, 0], [0, 3]], [[10441, 61133], [3, 3], [1, 0], [2, -2], [2, -1], [-1, -2], [-3, -1], [0, 3], [-1, 0], [0, -1], [-3, 0], [0, 1]], [[10455, 58215], [3, 0], [0, -4], [1, -1], [0, -2], [-1, 0], [-2, 2], [0, 3], [-1, 0], [0, 2]], [[10461, 58225], [3, 0], [0, -3], [-1, -1], [0, -1], [-1, 0], [-1, 5]], [[10464, 58207], [3, 1], [4, 4], [0, -7], [-3, 2], [0, -2], [-4, -1], [0, 3]], [[10480, 58219], [3, 1], [1, -5], [-1, 0], [0, -1], [-3, -2], [0, 7]], [[10486, 58199], [1, 0], [2, -3], [-3, 0], [0, 3]], [[10487, 58219], [1, 0], [2, -5], [5, 2], [0, -2], [-3, -1], [-2, -2], [-1, 2], [-2, 2], [0, 4]], [[10488, 59489], [1, 0], [1, 3], [1, 2], [1, 3], [4, -2], [4, 1], [5, -10], [0, -6], [-1, -1], [-9, -2], [0, -1], [5, -1], [0, -5], [3, 0], [0, -2], [-8, 2], [-2, 6], [-1, 1], [-3, 1], [2, 4], [1, 1], [1, -5], [1, 0], [0, 5], [-4, 4], [-2, 0], [0, 2]], [[10488, 58801], [3, 0], [1, 5], [3, 0], [1, 5], [12, 7], [2, -4], [1, -3], [-4, 0], [0, -3], [-2, 0], [0, -5], [-3, -6], [-4, -3], [-3, -1], [-1, -7], [-2, 2], [-1, 3], [-3, 0], [0, 10]], [[10489, 58194], [2, 3], [4, 1], [1, -2], [0, -5], [-1, -1], [-1, 0], [-5, 1], [0, 3]], [[10495, 58207], [1, 5], [4, 0], [2, -3], [-3, 0], [0, -1], [-4, -1]], [[10503, 59524], [1, 8], [1, 1], [1, 5], [1, 0], [0, -6], [-1, 0], [0, -4], [-1, 0], [0, -4], [-2, 0]], [[10504, 59468], [3, 0], [0, -1], [-2, 0], [1, -2], [-2, 0], [0, 3]], [[10505, 58191], [1, 0], [0, 4], [3, 0], [0, -7], [-4, 0], [0, 3]], [[10510, 59462], [1, 0], [0, -5], [-1, 0], [0, 5]], [[10517, 59447], [4, 2], [0, -5], [-4, 2], [0, 1]], [[10517, 58188], [7, -1], [0, -2], [-7, 2], [0, 1]], [[10519, 59465], [4, 0], [1, -5], [6, 0], [2, -6], [4, -5], [1, -5], [5, -1], [1, -5], [7, -2], [3, -4], [7, -2], [0, -3], [6, 0], [0, -2], [-18, -4], [-8, -4], [-2, -5], [-2, -2], [-3, 16], [3, 0], [-4, 5], [-1, 3], [-2, 0], [0, 4], [-3, 5], [-4, 1], [-2, 10], [-1, 0], [0, 11]], [[10529, 58185], [3, 2], [1, -3], [-4, 0], [0, 1]], [[10558, 58191], [4, 2], [0, -2], [-1, 0], [0, -2], [-3, -1], [0, 3]], [[10560, 58186], [2, 2], [3, 1], [0, -1], [-1, 0], [0, -3], [1, -1], [0, -1], [-1, 0], [-1, 1], [-3, 0], [0, 2]], [[10576, 59416], [4, 3], [0, -3], [4, 0], [0, -2], [-1, 0], [0, -1], [-2, -1], [-4, 0], [0, 1], [-1, 3]], [[10579, 59219], [5, 5], [9, 5], [1, -4], [3, -3], [1, -5], [-2, 0], [0, -6], [2, 0], [-3, -13], [-3, 0], [1, -4], [-5, 2], [0, 5], [-2, 1], [-3, 3], [-3, 2], [-1, 12]], [[10583, 58144], [1, 5], [1, 2], [1, 5], [2, 0], [0, 6], [2, 0], [0, -6], [2, -3], [4, 0], [7, -10], [0, -3], [3, -1], [1, -2], [7, -3], [4, -3], [4, -1], [0, -3], [7, -2], [0, -3], [7, -1], [0, -2], [1, -6], [4, -2], [2, -3], [2, -5], [1, -2], [1, -3], [4, -1], [0, -7], [-11, -4], [-2, -6], [-5, -5], [-1, -7], [2, -6], [-2, 2], [-6, 12], [1, 27], [-3, 9], [-2, 4], [-1, 4], [-7, 3], [-1, 1], [-6, 4], [-1, 4], [-3, 0], [-1, 2], [-3, 1], [0, 3], [-10, 4], [-1, 1], [-1, 3], [-1, 0], [0, -2], [-3, 0]], [[10595, 59397], [3, 0], [0, -2], [-2, 0], [0, -2], [-1, 0], [0, 4]], [[10610, 58937], [1, 7], [2, 1], [8, 6], [10, 4], [12, 2], [2, 3], [6, -1], [1, 5], [4, 0], [0, -3], [-1, 0], [0, -2], [-3, 0], [0, -8], [-4, -15], [-2, -2], [-3, -1], [0, -3], [-1, -1], [-12, 0], [0, 5], [-20, 3]], [[10625, 57990], [2, 1], [8, 0], [8, 3], [1, 2], [3, 0], [1, 2], [4, 2], [1, 1], [6, 2], [2, 3], [3, 0], [1, 4], [4, 1], [2, 0], [1, 6], [3, 3], [2, 0], [4, 9], [0, 8], [5, 0], [0, -3], [10, -2], [1, -3], [-6, 0], [0, -2], [-4, -4], [-9, -7], [-5, -14], [-3, -2], [-3, 0], [-3, -3], [-14, -6], [-4, -3], [-3, 0], [-5, -3], [-4, 0], [-3, -2], [-4, 0], [-1, 1], [-1, 6]], [[10677, 59005], [1, 7], [2, 5], [1, 5], [2, 0], [2, 5], [2, 2], [10, 3], [0, -2], [-2, 0], [0, -3], [-1, 0], [-1, -3], [0, -1], [-6, -3], [1, -5], [-3, 0], [-1, -2], [-4, -1], [-2, -7], [-1, 0]], [[10681, 58821], [2, 10], [1, 2], [1, 9], [4, 2], [0, 7], [4, 5], [4, 8], [2, 7], [7, 1], [0, -3], [13, -1], [2, -5], [5, -2], [3, -9], [-4, -1], [0, -1], [-6, -3], [-2, -3], [-4, -2], [-6, 0], [-8, -3], [0, -1], [-1, -3], [-8, -3], [-3, -4], [-1, -3], [-2, 0], [0, -4], [-3, 0]], [[10712, 58036], [3, 0], [0, 5], [5, -2], [2, -3], [1, -3], [8, -3], [2, -4], [0, -3], [5, 1], [4, -1], [2, -4], [3, 0], [0, -5], [5, -1], [3, -3], [7, -2], [1, -1], [6, -3], [2, -6], [2, -5], [0, -3], [2, -2], [1, -11], [-8, 2], [-3, 6], [-2, 3], [-3, 8], [-5, 5], [-1, 5], [-8, 1], [0, 3], [-6, 2], [0, 5], [-8, 2], [-1, 2], [-7, 3], [-5, 1], [-1, 3], [-6, 6], [0, 2]], [[10722, 59034], [4, 16], [3, 3], [2, 1], [2, 3], [1, 3], [3, 2], [0, -6], [-2, 0], [0, -2], [2, 0], [-2, -8], [-2, 0], [-1, -7], [-1, -1], [-9, -4]], [[10724, 57891], [0, 10], [11, 3], [0, -3], [-2, 0], [0, -10], [-8, -1], [-1, 1]], [[10725, 59326], [1, 0], [0, -3], [3, 0], [0, -3], [-4, 1], [0, 5]], [[10753, 59230], [3, 2], [0, -3], [2, 0], [0, -5], [-2, 1], [-1, 1], [-1, 3], [-1, 0], [0, 1]], [[10755, 59071], [3, 0], [1, 2], [7, 4], [7, -1], [0, -3], [-2, 0], [0, -2], [-10, -3], [-3, -1], [-2, 0], [-1, 4]], [[10788, 59096], [4, 4], [8, -1], [0, -3], [-1, 0], [0, -3], [-1, 0], [-1, -5], [0, -1], [-6, -3], [-1, 4], [-1, 1], [-1, 7]], [[10796, 59150], [4, -1], [1, -2], [4, 0], [0, -4], [-8, -1], [-1, 1], [0, 7]], [[10820, 59206], [7, 3], [0, -6], [-1, -1], [0, -1], [5, -4], [6, -1], [0, -1], [-6, -1], [0, -3], [-5, 3], [-2, 2], [-3, 5], [-1, 5]], [[10829, 59176], [3, 1], [1, -5], [-4, 1], [0, 3]], [[10838, 57854], [5, -1], [1, 1], [3, -8], [-4, 1], [-5, 6], [0, 1]], [[10852, 59029], [6, 4], [2, 1], [0, -4], [3, 0], [0, -1], [-3, 0], [0, -2], [-8, 0], [0, 2]], [[10860, 57682], [4, 3], [0, -3], [-1, 0], [0, -2], [-3, 0], [0, 2]], [[10862, 57829], [4, 1], [1, -6], [-1, 0], [0, -4], [7, -1], [1, -3], [0, -2], [-4, -1], [-4, 1], [0, 3], [-3, 3], [-1, 9]], [[10885, 57617], [1, 0], [2, 3], [1, 4], [4, 4], [3, 0], [5, -3], [0, -3], [4, -4], [3, -1], [0, -3], [10, 2], [2, -5], [3, 0], [0, -3], [4, -2], [0, -8], [2, 0], [0, -13], [1, -3], [5, -1], [1, -5], [-9, 0], [-3, -1], [-2, 0], [-6, 4], [-2, 1], [-1, 3], [-2, 3], [-4, 3], [-7, 3], [-3, 3], [-2, -1], [-1, 4], [-5, 4], [-3, 5], [0, 7], [-1, 0], [0, 3]], [[10890, 59096], [8, 8], [7, 2], [0, -1], [-1, 0], [0, -5], [-7, -8], [-3, 0], [-4, 4]], [[10904, 57766], [3, 0], [1, 5], [8, 1], [8, -3], [2, -2], [5, -2], [1, -3], [2, 0], [0, -2], [-3, 0], [-1, 2], [-1, 1], [0, -2], [-3, 0], [-2, -5], [-3, -3], [0, -11], [-3, 0], [-1, 1], [-2, 7], [-2, -2], [0, -5], [-4, 0], [-4, 11], [-1, 12]], [[10942, 59083], [2, 6], [4, 4], [8, 1], [0, -3], [-1, 0], [0, -3], [-2, 0], [0, -4], [-1, 0], [-3, -1], [0, -4], [-2, -2], [-4, -1], [-1, 7]], [[10969, 57775], [6, 2], [0, -2], [-1, 0], [0, -1], [-5, -2], [0, 3]], [[11001, 57776], [7, -1], [1, 1], [1, -1], [3, -1], [1, -3], [-4, 0], [0, 3], [-1, 0], [0, -1], [-7, -1], [-1, 1], [0, 3]], [[11002, 59235], [2, 7], [6, 2], [0, -2], [-2, 0], [0, -2], [-6, -5]], [[11008, 58958], [1, 12], [6, 2], [0, -2], [-1, 0], [0, -3], [-3, 0], [-1, -10], [-2, 1]], [[11018, 59250], [1, 12], [4, 2], [1, -4], [-2, 0], [0, -6], [-2, 0], [0, -4], [-2, 0]], [[11019, 58107], [7, 4], [0, 3], [1, 0], [0, -3], [1, 0], [1, 3], [3, 3], [-1, 4], [-1, 1], [-2, 7], [-3, 0], [2, 14], [3, 5], [1, 8], [3, 4], [2, 6], [0, 7], [1, 2], [3, 8], [1, 1], [3, 18], [3, 0], [1, 12], [6, 2], [0, 3], [2, 2], [3, 1], [1, 2], [0, 5], [-3, 6], [4, 4], [3, 1], [1, 5], [4, 2], [0, 3], [6, 6], [2, 1], [2, 3], [1, 3], [11, 1], [5, 2], [12, 0], [1, -5], [2, 0], [4, 6], [1, 4], [5, 1], [2, 1], [8, -1], [5, -5], [3, -1], [0, -3], [5, -2], [1, -3], [6, -8], [-1, 0], [0, -2], [1, 1], [-1, -2], [0, -10], [2, 0], [1, -3], [3, -3], [3, -12], [3, 0], [-1, -6], [-3, 0], [0, -2], [3, -2], [3, -1], [0, -3], [10, -2], [0, -3], [3, -2], [3, -1], [1, -8], [7, -2], [0, -6], [5, 1], [0, -6], [11, -2], [3, 1], [13, -2], [-1, -2], [-12, -2], [-5, -7], [-4, -2], [-1, -5], [-2, -3], [-3, -1], [-1, -6], [-2, -1], [0, -2], [-2, 0], [0, 3], [1, 0], [0, 5], [-4, 3], [-1, -7], [-3, 0], [1, -5], [2, 1], [3, 3], [1, -10], [-1, -1], [-1, 0], [-2, 2], [-6, 0], [-1, -17], [-3, -1], [0, -1], [3, 0], [0, -10], [-3, 0], [0, -3], [5, -2], [0, 2], [1, 13], [3, 3], [0, 4], [3, 1], [0, -3], [1, 0], [0, 5], [3, 2], [0, -7], [3, 0], [3, -5], [0, -5], [3, -3], [0, -5], [-1, -1], [-3, 0], [0, -4], [-2, -2], [-3, -1], [0, -3], [-2, -3], [-8, -3], [-2, -2], [-20, 5], [-5, -4], [-3, 0], [-11, -5], [-1, -2], [-2, 0], [-3, 6], [4, 0], [1, 7], [3, 0], [1, 6], [-3, 1], [-9, 8], [-11, 1], [0, -2], [3, -2], [5, -1], [0, -12], [-1, 0], [-4, -1], [1, -7], [-3, -3], [1, -18], [-3, -1], [-1, -2], [3, 0], [-2, -5], [-1, 0], [0, 4], [-7, -2], [-2, -2], [-2, -7], [-1, 0], [0, 3], [-12, -1], [-4, -5], [-4, -1], [-2, -5], [0, -4], [-3, -1], [0, 4], [-6, 2], [-2, 4], [-3, 4], [-5, 4], [0, 3], [-3, 1], [-2, 2], [-2, 0], [-1, 5], [-3, 3], [-4, 7], [-2, 2], [-3, 1], [0, 3], [-2, 1], [-4, 7], [-5, 2], [-1, 6], [-4, 4], [-4, 1], [-1, 7], [-3, 0], [0, 1]], [[11023, 59268], [2, 2], [1, 0], [0, -1], [-1, -1], [0, -3], [-2, 0], [0, 3]], [[11024, 57765], [6, 1], [3, 2], [2, -16], [3, -3], [2, -8], [3, 0], [0, -5], [2, 2], [3, -15], [3, 0], [0, -5], [-3, 1], [-5, 12], [-4, 8], [-2, 3], [-5, 15], [-2, 2], [-6, 3], [0, 3]], [[11041, 59235], [3, 0], [1, 2], [8, 4], [0, -3], [-1, 0], [0, -3], [-3, -1], [-4, -5], [-2, -1], [-2, 7]], [[11067, 57423], [1, 0], [0, 5], [6, -2], [1, 0], [3, 2], [6, 0], [12, -5], [2, -2], [2, 0], [0, -4], [4, 2], [0, -3], [9, -3], [-1, -3], [7, -8], [0, -4], [4, 0], [1, -1], [2, 2], [3, -1], [1, 7], [1, 0], [1, -8], [-1, -3], [-5, -5], [0, 3], [-2, -2], [0, -1], [2, -2], [0, -2], [-2, -4], [-3, 0], [-1, 1], [0, 3], [-2, 0], [0, -3], [-4, -1], [-2, -7], [2, 0], [0, -2], [-12, 2], [-1, 2], [-7, 3], [-4, 6], [-3, 1], [0, 3], [-4, -1], [0, 3], [-2, 1], [-1, 1], [-1, 3], [-4, 0], [0, 3], [-2, 2], [-3, 8], [-1, 9], [-2, 2], [0, 3]], [[11070, 57686], [4, 2], [0, -2], [-1, 0], [0, -3], [1, 0], [0, -4], [7, -7], [4, -3], [3, -1], [0, -5], [3, -2], [2, -1], [2, -5], [2, -2], [3, -1], [2, -3], [2, -11], [3, 0], [1, -5], [3, 0], [0, -3], [3, 0], [0, -7], [2, -3], [1, -8], [4, -1], [14, 1], [2, -5], [2, 0], [1, -1], [0, -7], [2, -1], [0, -4], [-2, 1], [-3, 3], [-11, 2], [-17, 5], [-1, 3], [-5, 3], [-2, 3], [-5, 3], [-2, 1], [0, 18], [-1, 1], [0, 5], [-2, 0], [0, 7], [-3, 5], [-8, 0], [-5, 11], [0, 5], [-1, 8], [-3, 5], [-1, 3]], [[11106, 57308], [8, 2], [0, -6], [-3, 0], [0, 4], [-2, 0], [0, -3], [-3, -2], [0, 5]], [[11115, 57313], [3, 3], [4, 3], [2, 1], [-1, -6], [0, -5], [3, -2], [1, 2], [0, 11], [9, 4], [2, -4], [-1, 0], [0, -1], [-3, 0], [-1, -4], [-4, -6], [8, 2], [0, -4], [1, 1], [4, -1], [1, 2], [0, 3], [-1, 2], [5, 1], [6, 2], [0, -6], [-2, 1], [-5, -1], [0, -2], [20, -4], [0, -4], [3, -2], [4, -2], [1, -1], [4, 0], [3, 2], [24, -2], [0, -4], [7, -1], [1, -5], [7, -1], [4, -3], [3, 1], [1, -7], [7, 1], [0, -5], [15, 1], [1, -2], [3, -1], [2, -3], [0, -3], [10, -1], [0, -4], [6, -1], [1, -4], [2, 1], [0, -5], [3, 0], [1, -5], [3, -1], [4, -5], [4, -3], [3, -1], [0, -3], [3, -2], [4, 0], [1, 1], [1, -17], [6, -1], [1, -7], [-1, -3], [4, 0], [0, -5], [3, 0], [-2, -6], [1, -10], [0, -8], [6, -7], [10, -4], [1, 6], [7, 2], [0, -3], [4, 1], [-1, 4], [1, 6], [2, 0], [1, -5], [-1, -3], [-1, -11], [3, -1], [1, 1], [2, -5], [-3, -1], [-11, -1], [0, 3], [3, 0], [0, 5], [-4, 0], [-1, -3], [0, -1], [-3, -1], [-2, -8], [0, -5], [-2, -2], [0, 4], [-5, -1], [-3, -3], [1, 5], [-6, 1], [-2, -1], [0, 3], [-12, -3], [0, -4], [-2, 1], [-2, 2], [-4, 0], [-1, -2], [-4, 0], [-8, -3], [-2, -3], [0, -2], [2, -3], [-5, -1], [-7, 3], [-1, 3], [-10, 5], [-5, 3], [0, 3], [-6, 1], [-2, 1], [-4, 5], [-3, 1], [0, 3], [-3, 1], [-1, 2], [-3, 0], [0, 5], [-5, 3], [-7, 8], [-5, 4], [-6, 5], [-3, 0], [-2, 5], [-4, 0], [-3, -2], [-5, -1], [0, 3], [-3, 1], [-6, 11], [-5, 4], [-5, 0], [-2, 9], [-6, 7], [-6, 2], [-1, 7], [-6, 0], [-1, 2], [-3, -1], [0, 3], [-2, 1], [-2, 2], [-4, 0], [-2, 7], [-2, 31], [-1, 3], [1, 13], [2, 0], [1, 3], [-2, 4], [-2, 0], [-1, -1], [-1, 0], [-3, 2], [-1, -3], [0, -1], [-3, 0], [-2, 6], [0, 5], [-3, 2], [-2, 2]], [[11124, 58577], [9, 6], [8, 0], [7, -2], [1, -5], [4, 0], [0, -3], [-10, 0], [0, -3], [-2, 0], [0, 3], [-4, 0], [0, -3], [-2, -1], [-1, 4], [-3, 2], [-6, 0], [-1, 1], [0, 1]], [[11128, 58075], [5, 4], [2, -4], [-2, 0], [0, -1], [-5, -2], [0, 3]], [[11134, 57390], [2, 0], [0, -3], [-2, 0], [0, 3]], [[11142, 57591], [3, 2], [1, -7], [-1, -1], [4, -2], [-1, -5], [-4, 2], [-1, 6], [1, 4], [-2, 0], [0, 1]], [[11142, 57387], [3, 0], [0, -1], [-1, 0], [0, -4], [-2, 0], [0, 5]], [[11176, 57406], [2, 0], [0, 2], [3, 0], [0, -2], [-2, -1], [-1, -1], [-2, 0], [0, 2]], [[11176, 58565], [3, 0], [2, -4], [1, 0], [0, -4], [-2, 0], [-1, 4], [-3, 1], [0, 3]], [[11180, 57386], [1, 4], [5, -2], [0, -1], [-1, 0], [0, -7], [-4, 0], [-1, 6]], [[11195, 57517], [2, 0], [3, -5], [-4, 2], [-1, 3]], [[11201, 57512], [7, -1], [0, -3], [-7, 3], [0, 1]], [[11217, 57496], [3, 0], [3, -4], [-3, 0], [-3, 3], [0, 1]], [[11233, 57286], [4, 4], [4, 1], [4, -4], [0, -5], [-4, 0], [-2, -1], [-4, 0], [0, 4], [-2, 0], [0, 1]], [[11269, 58520], [3, 1], [25, -1], [-2, -4], [-16, -7], [-3, -2], [0, 3], [-2, 2], [-2, 6], [-3, 0], [0, 2]], [[11270, 57514], [2, 0], [3, -12], [-3, 0], [0, 7], [-1, 0], [-1, 5]], [[11289, 57341], [1, 0], [0, 4], [3, 0], [1, -12], [-2, 0], [-1, 7], [-2, 0], [0, 1]], [[11290, 57072], [1, 13], [4, 1], [2, 3], [20, 4], [6, 3], [6, 0], [2, -6], [3, -1], [1, -3], [-3, 1], [-4, 5], [-5, 0], [0, -1], [-2, 0], [0, -2], [7, -2], [6, -5], [8, -8], [4, -1], [1, -5], [6, -1], [0, -3], [4, -4], [2, -1], [4, -7], [0, -1], [-3, -4], [0, -9], [3, -4], [1, -3], [-3, 0], [-1, -3], [-2, -2], [0, 5], [-1, 1], [-3, 0], [-1, 1], [1, -12], [1, -1], [2, -13], [7, 0], [1, -7], [-4, 0], [4, -6], [0, -4], [-1, -1], [6, -2], [0, -10], [-3, -4], [3, 0], [-1, -4], [0, -1], [-3, 0], [1, -5], [3, 2], [4, 1], [0, 7], [2, -1], [3, -3], [2, 0], [4, 3], [13, -1], [1, 4], [-2, 0], [-2, 5], [7, 0], [0, -4], [7, -1], [0, -5], [2, 0], [0, -26], [-1, -7], [-2, -1], [0, -7], [-3, 0], [-1, -3], [-3, -3], [-1, -4], [-9, -1], [-4, 1], [-1, 3], [-2, 1], [-3, 5], [-4, 2], [-17, -1], [-6, -3], [-1, 0], [-7, 3], [-2, 5], [-7, -1], [0, -3], [-3, 0], [0, 3], [-4, 0], [0, 3], [-8, -1], [-3, 2], [-2, 8], [-1, 2], [-6, 20], [1, 13], [3, 0], [-4, 8], [-3, 9], [0, 4], [-1, 3], [0, 6], [-2, 4], [-1, 23], [-4, 6], [-6, 18], [-1, 1], [0, 5], [-2, 5]], [[11296, 57108], [2, 3], [11, 0], [2, -2], [2, -1], [0, -1], [-13, 1], [0, -1], [-1, 0], [0, -3], [5, -1], [0, -1], [-5, 0], [-1, 1], [-2, 0], [0, 5]], [[11297, 57239], [6, 0], [1, -5], [-7, 3], [0, 2]], [[11305, 57226], [3, 1], [0, -3], [4, 0], [1, -6], [-3, 2], [-4, 1], [0, 3], [-1, 0], [0, 2]], [[11317, 57224], [3, 0], [0, -3], [-3, 2], [0, 1]], [[11317, 57206], [6, 1], [2, 0], [0, -4], [-1, 0], [0, -3], [-1, 0], [0, -5], [-4, 2], [-2, 9]], [[11330, 57362], [9, 1], [0, -1], [-2, 0], [0, -2], [-7, -2], [0, 4]], [[11349, 57147], [1, 0], [0, -4], [-1, 0], [0, 4]], [[11368, 57092], [2, 0], [0, -3], [1, -1], [1, -11], [-1, 0], [-2, 11], [-1, 0], [0, 4]], [[11374, 58325], [6, -3], [8, 1], [1, -2], [5, -3], [0, -3], [-1, -1], [2, 0], [0, -4], [-5, 0], [0, 5], [2, 1], [1, 1], [-4, 0], [-2, 4], [-3, 1], [1, -2], [-2, 0], [0, -5], [-2, 0], [-1, 3], [-1, 1], [-5, 1], [0, 5]], [[11381, 57062], [1, 1], [1, -4], [-2, 0], [0, 3]], [[11381, 58098], [2, 2], [2, 6], [4, 3], [2, 3], [3, -1], [4, 15], [2, 0], [0, 3], [-5, 3], [-2, 4], [-1, 5], [3, 1], [2, 3], [3, 1], [1, 8], [3, 0], [0, 23], [-8, 0], [0, 5], [5, 1], [1, 5], [-2, -2], [-3, -1], [0, 3], [3, 0], [0, 3], [2, 2], [1, 7], [0, 21], [3, 0], [-2, 5], [-4, 3], [0, 3], [-4, 0], [0, -2], [-1, 0], [1, -4], [-2, 1], [1, 12], [4, 1], [0, 4], [3, 0], [0, 4], [2, 1], [4, 5], [0, -15], [2, 0], [1, 6], [1, 0], [2, -8], [2, 0], [2, -4], [5, -5], [3, -13], [3, 0], [0, -5], [2, -2], [1, -3], [2, 0], [2, -10], [5, -1], [4, -20], [2, -5], [0, -4], [3, -5], [6, -16], [1, -2], [0, -3], [4, -2], [3, -5], [1, -3], [2, 0], [2, -5], [1, -6], [3, -3], [3, 0], [1, -5], [3, 0], [-1, -4], [3, -4], [1, -15], [4, -15], [0, -5], [3, 1], [2, -27], [1, -1], [2, -12], [2, -4], [1, -5], [2, -5], [1, -3], [3, -3], [2, 0], [2, -4], [0, -1], [-1, -2], [0, -8], [2, -3], [4, -5], [0, -8], [-1, -2], [6, -2], [3, -4], [2, -7], [-3, 2], [0, -5], [-6, -2], [0, 3], [-18, 1], [-1, -2], [-13, 0], [-7, -3], [-1, 5], [0, 1], [-3, 1], [0, 1], [-1, 17], [-4, 11], [1, 33], [-4, 0], [2, 3], [1, 5], [-3, 0], [1, 5], [-2, 1], [0, 4], [2, 0], [0, 8], [-1, 1], [-3, 0], [0, 2], [4, 2], [-1, 11], [-3, 2], [-3, 6], [-4, 4], [-2, 1], [0, 5], [-6, 0], [-1, 1], [0, 3], [-6, 1], [0, 1], [-1, 3], [-8, -2], [0, 4], [-13, -1], [-2, 1], [-17, 2], [-3, -1], [-1, -5], [0, -1], [-7, 0], [-5, 4], [0, 3]], [[11384, 57351], [16, 3], [1, -2], [7, -2], [0, -3], [-16, -1], [-8, 2], [0, 3]], [[11397, 58433], [1, 21], [5, 2], [0, 3], [4, 2], [1, -5], [0, -4], [-1, -4], [4, -4], [0, 10], [4, 2], [4, 15], [5, 2], [5, 1], [0, 3], [2, 0], [0, -5], [2, 1], [2, 4], [2, 2], [0, -5], [2, 0], [0, 4], [5, 1], [2, -8], [-3, 2], [0, -7], [1, 0], [0, -3], [2, -1], [2, 1], [1, -2], [1, -18], [3, -2], [2, -1], [2, -5], [0, -6], [4, -1], [5, -3], [7, 1], [0, 7], [1, 0], [2, -5], [5, -2], [0, -3], [4, -1], [1, -1], [10, -5], [5, -3], [1, -3], [1, -1], [0, -2], [-1, -3], [-5, -7], [-3, -8], [-2, -3], [-2, -5], [-4, -4], [-1, -5], [-4, -3], [-4, -8], [-4, -15], [0, -1], [-3, -1], [0, -1], [3, 0], [3, -15], [0, -3], [2, -2], [0, -1], [-5, -4], [-4, -1], [0, -7], [-5, 6], [-3, 0], [-1, 4], [-1, 1], [-4, 12], [-2, 1], [0, 7], [-4, 0], [-1, 3], [-4, 4], [-8, 2], [0, 4], [-4, 0], [-2, 3], [-1, 11], [-2, 1], [-2, 2], [-3, 7], [-4, 5], [0, 6], [-4, 1], [-4, 14], [-1, 4], [-2, 5], [-2, 12], [-3, -3], [-3, -1], [-2, 12]], [[11399, 58314], [7, 1], [3, 2], [1, -3], [-1, 0], [0, -2], [2, 0], [1, -14], [-2, -5], [-3, -9], [2, -14], [-1, 0], [-3, 13], [-3, 0], [4, 10], [0, 6], [-2, 2], [-1, 3], [4, 2], [0, 3], [-5, 1], [-3, 4]], [[11465, 57969], [3, 0], [0, -1], [-3, 0], [0, 1]], [[11516, 57230], [7, 5], [1, -5], [-1, 0], [0, -2], [-7, -1], [0, 3]], [[11542, 58558], [7, 2], [0, -2], [-1, 0], [0, -2], [9, -1], [2, -5], [4, -5], [1, -3], [3, 0], [2, -11], [7, -4], [0, -1], [-8, -1], [-3, -2], [-3, -4], [-1, 3], [-1, 1], [-5, 2], [2, 4], [0, 1], [-2, 3], [-8, 2], [1, 8], [-1, 7], [-1, 1], [0, 4], [-4, 0], [0, 3]], [[11552, 57801], [3, 0], [2, 4], [-1, 6], [0, 7], [2, 13], [2, 8], [1, 11], [2, 0], [1, 5], [4, 17], [11, 12], [4, 2], [1, 1], [3, 1], [4, 4], [3, 1], [1, 9], [2, 0], [4, 5], [10, 5], [1, -7], [6, -5], [24, -3], [1, -2], [4, -1], [3, -4], [13, -3], [0, -4], [6, 0], [1, -2], [8, -2], [1, -1], [6, -3], [0, -3], [3, 0], [0, -5], [-2, 0], [0, -9], [-2, 0], [3, -9], [2, -8], [1, -1], [2, -7], [-4, 0], [0, -3], [4, -1], [3, 3], [3, -5], [-3, 0], [1, -5], [1, -2], [0, -5], [1, -1], [1, -3], [7, -2], [0, -3], [5, -2], [0, 3], [3, 1], [-1, 4], [-1, 1], [-2, 1], [-1, 6], [0, 4], [1, 1], [2, 7], [6, -2], [0, -3], [3, -5], [3, -3], [0, -6], [1, -4], [0, -5], [2, 1], [0, -5], [8, -9], [8, 0], [4, 5], [7, 0], [6, -5], [2, -1], [2, -3], [0, -13], [5, -1], [-2, -4], [0, -3], [-10, 1], [-3, 3], [-4, 2], [-1, 4], [-4, 0], [-4, 3], [-5, 0], [-1, -4], [-1, -1], [-1, 0], [-3, 4], [-6, 1], [-5, -4], [-1, -3], [-2, 0], [0, -5], [-4, 1], [-2, 1], [-8, 0], [-8, 3], [-1, 2], [-4, 1], [-4, 5], [-5, 2], [1, 4], [-29, 7], [-1, 1], [-8, 1], [-1, 3], [-2, 2], [-4, 0], [-1, 2], [-1, 0], [-2, -2], [-9, 0], [-3, -2], [-28, 0], [-3, -3], [-8, 0], [0, 4], [-22, 0], [-3, 2], [0, -4], [1, -1], [2, -3], [1, -3], [-5, 2], [1, 4], [-4, 0], [0, 5]], [[11561, 58229], [1, 11], [3, 0], [2, -3], [1, -5], [-4, 0], [0, -2], [-3, -1]], [[11568, 58420], [1, 0], [2, -6], [1, -1], [1, -5], [1, -1], [4, -12], [1, -5], [-2, 0], [1, -4], [5, -2], [1, -2], [0, -3], [-2, -2], [-5, -1], [0, 3], [-3, 1], [-1, 1], [0, 3], [-2, 5], [-1, 3], [2, 3], [0, 5], [2, 3], [-3, 0], [-1, 10], [0, 3], [-2, 0], [0, 4]], [[11590, 58086], [2, 2], [14, 0], [3, -3], [2, 0], [4, -7], [-1, 0], [0, -3], [1, 0], [4, -5], [0, -3], [5, -4], [2, -1], [2, -7], [2, 0], [2, -2], [4, -1], [0, -3], [3, -3], [1, -5], [-3, 0], [0, -2], [3, -2], [4, 1], [1, -2], [-1, -10], [4, -2], [3, -3], [3, -1], [2, -8], [0, -5], [1, -5], [1, -8], [4, 0], [6, -8], [3, -6], [-2, 0], [-23, -1], [-1, 3], [0, 1], [-10, 3], [-2, 3], [-1, 5], [-4, 4], [-4, 2], [0, 3], [-9, 0], [-1, 13], [-1, 1], [-4, 1], [-3, 13], [0, 4], [-2, 4], [-1, 16], [-2, 8], [-2, 4], [-2, 1], [-1, 3], [-5, 5], [-1, 10]], [[11590, 58378], [3, -1], [1, 2], [8, 2], [2, 3], [1, 4], [2, 0], [1, 1], [0, 10], [1, 2], [1, 3], [1, -1], [3, 1], [3, -8], [-2, 0], [0, -2], [2, 0], [0, -3], [2, -2], [4, -1], [2, -5], [3, 0], [0, -5], [-4, -1], [-2, 2], [-8, 0], [-2, -2], [-14, -2], [-2, -2], [0, -3], [-4, -2], [-2, 10]], [[11638, 58374], [4, 1], [2, -3], [3, -6], [-6, 0], [-3, 3], [0, 5]], [[11661, 58306], [1, 0], [0, 3], [3, 0], [2, 8], [2, 0], [0, -5], [4, -1], [0, -7], [5, -5], [1, -3], [0, -5], [-3, -2], [-2, -3], [4, -1], [0, -4], [2, 1], [5, 0], [1, -2], [0, -3], [-1, -1], [-7, 0], [0, 1], [-1, 3], [-5, 1], [-6, 4], [-2, 1], [-1, 7], [-2, 1], [0, 12]], [[11662, 57559], [1, 1], [10, -1], [1, -3], [-11, -2], [0, 3], [-1, 0], [0, 2]], [[11664, 57640], [1, 0], [1, -5], [-2, 2], [0, 3]], [[11675, 58309], [3, 3], [1, 0], [2, -2], [4, -1], [0, -5], [-1, -4], [-4, -1], [-1, 4], [-4, 1], [0, 5]], [[11678, 57636], [0, 11], [3, -2], [1, 4], [2, 3], [1, 5], [7, 2], [1, 3], [-1, 0], [0, 2], [5, -1], [1, 2], [6, 1], [2, -1], [10, -2], [1, -1], [0, 4], [7, -1], [2, -2], [8, 0], [0, -3], [8, 1], [0, -3], [7, 0], [0, -3], [-2, -1], [-1, -1], [-1, -3], [4, -2], [0, -3], [4, 0], [-3, 5], [-1, 3], [8, 0], [0, -3], [15, 1], [1, -1], [8, -3], [1, -8], [3, -6], [4, -5], [5, -13], [3, -2], [2, -1], [4, -10], [4, -5], [1, -6], [0, -2], [8, -1], [-5, 14], [11, 2], [1, -5], [7, 0], [0, -3], [-2, -1], [-2, -2], [0, -10], [-6, 1], [-4, -9], [-1, -2], [-1, -12], [1, -3], [0, -5], [4, -4], [3, -7], [4, -5], [2, -11], [-1, -2], [4, -1], [2, -4], [2, -6], [1, -2], [0, -3], [-1, -2], [3, -2], [3, -1], [0, -3], [4, 0], [0, -2], [1, -3], [2, -3], [1, -5], [3, 0], [-1, -3], [3, -3], [0, -4], [4, 1], [2, -4], [1, -3], [-1, -2], [3, 0], [0, -3], [9, 0], [3, 1], [4, 0], [5, 5], [4, 0], [11, 5], [5, 1], [9, 2], [1, -1], [-1, -4], [18, 1], [13, -3], [0, -4], [-2, -1], [0, -7], [3, -10], [0, -5], [3, -17], [-1, -46], [-2, -8], [-2, -1], [-2, -3], [-1, -3], [-1, 1], [-10, 0], [-4, -4], [-2, -14], [-11, -4], [0, -1], [-1, -3], [-3, 1], [-3, 4], [-1, 3], [-3, 0], [1, -6], [-10, 1], [0, -2], [6, 0], [0, -1], [1, 0], [0, -2], [-1, 0], [-1, 1], [-5, 0], [-1, 1], [0, -4], [-7, -1], [0, 3], [-6, -2], [0, 2], [5, 2], [3, 0], [0, 5], [3, 6], [0, 10], [4, 2], [0, 9], [-2, -1], [0, -5], [-6, -2], [-1, 11], [-1, 2], [-1, 5], [-2, 2], [0, 3], [-3, 1], [-1, 1], [-3, 1], [0, 6], [-4, 1], [-4, 3], [-31, 0], [-5, 1], [-2, 2], [-13, 1], [-3, 0], [0, 3], [-3, 0], [0, -4], [-2, 1], [-2, 2], [-6, 1], [0, 3], [-2, -1], [-14, 1], [-2, 3], [0, 6], [-1, 1], [-3, -1], [3, 17], [-3, -1], [1, 4], [-1, 1], [-1, 0], [-1, -1], [-3, -13], [-3, 0], [-1, -9], [-3, 0], [0, -3], [-4, -3], [-1, -4], [-4, 0], [0, -1], [3, 0], [0, -5], [-2, -6], [-4, 0], [-2, 2], [0, 9], [-3, -1], [-2, 2], [0, 3], [-3, 7], [-5, 6], [-2, 5], [-5, 7], [-3, 8], [-2, 19], [-2, 0], [0, -3], [-2, 2], [0, 3], [-4, 1], [-2, -6], [-1, 0], [-1, 8], [2, 0], [-1, 6], [7, 2], [-1, 2], [0, 21], [-2, 2], [0, 9], [1, 2], [1, 13], [-3, 0], [1, 13], [-3, -3], [0, -3], [-2, 0], [0, 6], [3, 3], [8, -1], [0, 10], [8, 2], [4, 0], [1, -1], [9, 1], [0, 3], [2, 1], [6, 0], [11, 3], [0, 1], [-3, 1], [-1, 2], [9, 2], [0, 7], [-2, 1], [0, 5], [-3, 4], [-4, 3], [0, 6], [-3, 1], [-1, 2], [-3, 0], [0, 4], [-3, -3], [-1, 0], [-3, 2], [-1, 4], [-2, -1], [-2, 0], [-4, 5], [0, 8], [-8, -1], [3, -10], [0, -2], [-2, 0], [-2, 2], [-1, 8], [-1, 1], [-9, 4], [-1, 3], [6, -1], [-2, 3], [-3, 5], [-2, 4], [-4, 0], [-1, 1], [-3, 1], [3, -8], [-8, 2], [-2, 2], [-12, 0], [-1, -2], [-7, 0], [-2, 2], [-1, 7]], [[11692, 57615], [5, 1], [3, -2], [10, -1], [0, -5], [8, -5], [2, -1], [4, -5], [0, -3], [-1, -2], [0, -8], [-2, -1], [-1, 0], [-1, -7], [-4, 0], [0, 3], [-1, 1], [-3, 1], [-3, 14], [-6, 4], [-2, 2], [-2, 1], [-2, 11], [-4, 0], [0, 2]], [[11713, 57449], [7, -2], [1, -3], [-3, 0], [0, -2], [-5, -1], [0, 8]], [[11714, 57459], [1, 0], [2, -5], [-3, 1], [0, 4]], [[11720, 57977], [2, 1], [2, 2], [4, -1], [1, -8], [-5, -1], [-4, 2], [0, 5]], [[11721, 58080], [4, 2], [2, -5], [2, -1], [2, -2], [5, 0], [0, -2], [-12, -2], [-2, 7], [-1, 0], [0, 3]], [[11722, 57348], [8, 4], [2, 2], [4, 1], [0, -9], [-1, -1], [-1, -4], [-2, 1], [-2, 2], [-1, 0], [-1, -2], [-3, 0], [-1, 1], [0, 3], [-2, 0], [0, 2]], [[11723, 57354], [3, 0], [0, -3], [-2, 0], [-1, 3]], [[11724, 57389], [2, 11], [9, -3], [0, -3], [-1, 0], [0, -2], [-2, -1], [-5, 1], [0, -3], [-3, 0]], [[11732, 57867], [2, 0], [2, -8], [-3, 3], [0, 3], [-1, 0], [0, 2]], [[11734, 57581], [7, -1], [0, -4], [3, -3], [1, -3], [-4, 0], [0, -2], [3, 0], [0, -3], [2, 2], [0, -5], [-6, 1], [-5, 5], [0, 12], [-1, 0], [0, 1]], [[11747, 57374], [3, 10], [7, 4], [0, -4], [-2, 0], [0, -1], [-4, -2], [-1, -7], [-3, 0]], [[11791, 57639], [1, 0], [1, -1], [2, 0], [0, -3], [-4, 3], [0, 1]], [[11797, 57648], [6, 1], [1, -2], [3, -1], [4, -18], [-5, 3], [-3, 0], [-1, -1], [-2, 13], [-2, 1], [-1, 4]], [[11830, 57594], [4, 0], [1, -3], [-2, -1], [0, 3], [-3, 0], [0, 1]], [[11831, 57635], [1, 0], [0, -3], [3, 0], [2, -6], [2, 0], [2, -7], [0, -3], [4, -7], [-3, 0], [0, 4], [-3, 0], [-4, 4], [-2, 8], [-2, 0], [0, 10]], [[11836, 57557], [4, 2], [4, -10], [4, -5], [0, -1], [-2, -7], [-2, 2], [-2, 6], [-3, 1], [-1, 1], [0, 3], [-2, 0], [0, 8]], [[11841, 57582], [1, 6], [2, 0], [0, -5], [-2, 0], [0, -1], [-1, 0]], [[11876, 57331], [3, 1], [4, 3], [4, 1], [3, -8], [-2, 0], [0, -3], [-2, -1], [-1, -1], [-1, -3], [-5, 0], [-2, 3], [-1, 8]], [[11895, 57333], [4, 2], [0, -2], [-1, 0], [0, -3], [-3, -2], [0, 5]], [[11900, 57343], [6, 0], [0, -2], [-3, 0], [0, -1], [-3, 0], [0, 3]], [[11900, 57654], [3, 1], [3, -1], [15, -1], [2, -3], [0, -5], [3, -2], [7, -1], [0, -2], [-4, -1], [-3, -3], [-8, 0], [-8, 1], [-1, 3], [-2, 2], [-4, 1], [0, 5], [-2, 0], [-1, 6]], [[11901, 57322], [2, 8], [-1, 0], [0, 3], [5, -1], [-2, -12], [-3, 1], [-1, 1]], [[11909, 57601], [4, 2], [1, 0], [2, -1], [7, -3], [1, -2], [8, -1], [0, -6], [8, -6], [4, -1], [2, -8], [-3, 3], [-8, 2], [0, 3], [-6, 1], [-1, 2], [-12, 1], [-5, 6], [0, 5], [-2, -1], [0, 4]], [[11933, 57536], [2, 0], [1, -4], [2, -2], [1, 0], [3, 2], [7, 2], [10, 2], [4, 5], [6, -1], [1, -3], [-7, 1], [0, -2], [-3, -3], [-4, -18], [-3, 0], [-1, -6], [-7, -9], [-1, 4], [-1, 1], [-1, 10], [0, 8], [-4, 4], [-3, 1], [0, 3], [-2, 2], [0, 3]], [[11962, 57302], [3, 11], [4, -1], [1, -5], [-2, 0], [0, -2], [-3, -3], [-3, 0]], [[11966, 57287], [2, 0], [0, -1], [3, -1], [5, -1], [3, -5], [2, -3], [0, -3], [-4, -3], [-1, 0], [-3, 2], [-6, 13], [-1, 2]], [[11972, 57310], [5, 0], [1, -8], [-6, 5], [0, 3]], [[11980, 57289], [11, -2], [0, 5], [2, 0], [0, -3], [10, -3], [0, 3], [1, 0], [0, -3], [9, -5], [4, -1], [0, -2], [-2, 0], [0, -2], [4, 1], [0, -5], [3, 0], [2, -7], [0, -3], [-3, -3], [-1, -4], [-9, 1], [-9, -3], [-3, 0], [0, 7], [-3, 0], [2, 3], [0, 4], [-11, 1], [0, 10], [-3, 0], [-2, 3], [-1, 3], [-1, 0], [0, 5]], [[12044, 54460], [3, 2], [3, -8], [-6, 0], [0, 6]], [[12052, 54462], [4, 2], [-2, 8], [4, 0], [1, 8], [4, 3], [5, 6], [5, 4], [4, 5], [6, 1], [2, -12], [4, 0], [1, -3], [3, -3], [0, -3], [-1, -1], [0, -6], [2, 0], [0, -5], [-4, -1], [-2, -1], [-12, 1], [-1, 1], [-1, -4], [-2, -2], [-6, 0], [-2, -2], [-2, -1], [0, -3], [-3, 1], [-1, -1], [0, -3], [-2, 0], [-2, 6], [-1, 2], [-1, 3]], [[12064, 57507], [1, 8], [2, 4], [1, 5], [4, 1], [0, -1], [-1, 0], [0, -4], [-2, 0], [0, -4], [-2, 0], [0, -9], [-3, 0]], [[12105, 57353], [4, 0], [0, 3], [-2, 0], [0, 2], [3, 2], [4, -33], [-2, -6], [-3, 0], [1, 4], [-1, 2], [-1, 5], [2, 2], [0, 1], [-2, 2], [0, 1], [2, 4], [0, 3], [-2, 2], [0, 3], [1, 2], [-4, -1], [0, 2]], [[12118, 57255], [3, 1], [0, 4], [3, 7], [-1, 11], [-1, 0], [0, 4], [2, -1], [6, -5], [8, -10], [4, 0], [1, -7], [2, -2], [4, -1], [0, -2], [-4, 0], [-1, 1], [-2, 1], [-2, -13], [-3, 0], [1, -3], [1, -2], [1, -7], [-6, 4], [-9, 5], [-5, 6], [-2, 9]], [[12121, 57463], [11, -1], [1, 1], [0, -3], [7, -1], [1, 1], [-2, -7], [-1, -1], [-8, 0], [-7, 4], [-1, 3], [-1, 0], [0, 4]], [[12125, 57500], [2, 0], [1, 7], [2, 1], [4, 0], [7, -3], [-1, -3], [-1, -1], [-5, 1], [0, -2], [-4, 0], [-1, -2], [-3, 0], [-1, 2]], [[12143, 54377], [0, 8], [2, 2], [1, 7], [4, 4], [3, 1], [3, 9], [2, 1], [0, 8], [-2, 0], [-1, 5], [-4, 0], [-2, 3], [-3, 1], [1, 8], [3, 0], [-1, 4], [-1, 1], [-1, 5], [3, 0], [0, 5], [4, 2], [0, 11], [2, 4], [0, 6], [1, 3], [0, 10], [-2, 2], [0, 5], [2, 0], [-1, 5], [-1, 0], [0, 4], [2, 0], [1, 7], [2, 11], [5, 17], [3, 3], [1, 16], [2, 1], [2, 4], [5, 3], [9, 0], [7, -3], [5, -1], [0, -3], [19, -4], [4, -3], [5, -1], [0, -3], [8, -1], [6, -2], [1, -5], [8, -4], [4, -3], [4, -5], [4, -3], [3, -1], [0, -3], [8, -1], [0, -4], [8, -3], [0, -5], [4, -1], [2, -7], [4, -4], [2, -1], [1, -6], [1, -2], [1, -3], [3, 0], [0, -2], [1, -6], [3, -2], [3, -1], [0, -3], [5, -6], [3, -1], [6, -11], [-1, -3], [4, -4], [4, -1], [2, -5], [6, -6], [16, -5], [1, -3], [1, -2], [0, -3], [3, -5], [1, -7], [4, -4], [3, 0], [1, -5], [3, 0], [5, -16], [-2, -9], [-2, -3], [-1, -8], [-3, 0], [-1, -10], [-2, -2], [0, -13], [-1, -1], [0, -10], [-3, 0], [0, -5], [-3, 0], [0, -3], [-4, -1], [-1, -2], [-4, 0], [-9, 3], [-2, 2], [-6, 1], [-2, 2], [-5, 2], [0, 4], [-3, -1], [0, 4], [-4, 0], [-1, 3], [-7, 4], [-2, 2], [-3, 5], [-1, 5], [-2, 2], [-4, 2], [-3, 3], [-7, 3], [-5, 5], [-11, 0], [-6, -2], [-4, 3], [-3, 1], [-1, 3], [-7, 4], [-1, 2], [-7, 1], [-1, 2], [-7, 3], [-3, 3], [-2, 1], [-1, 3], [-4, 0], [-1, 7], [-3, 0], [-2, 10], [-3, 0], [-1, 1], [0, 3], [-10, 1], [-5, 2], [-3, -2], [-10, 1], [-3, 4], [-8, -1], [-3, -1], [-4, -5], [-4, -4], [-1, -4], [-5, -2], [-4, -6], [0, -5], [-3, -1], [-4, -8], [-2, -1]], [[12162, 57266], [9, -1], [3, -7], [0, -8], [-2, -13], [1, -2], [-4, 0], [-1, 15], [-1, 5], [-5, 5], [0, 6]], [[12209, 57156], [3, 0], [3, -5], [2, -5], [-3, 0], [0, -3], [-2, 2], [-1, 4], [-2, 2], [0, 5]], [[12506, 54569], [1, 1], [7, 0], [1, -1], [11, -3], [-2, -2], [-4, 0], [-8, 1], [-1, 2], [-5, 1], [0, 1]], [[12506, 56109], [8, -1], [0, -4], [4, 0], [-1, -2], [-2, 0], [-8, 2], [0, 3], [-1, 0], [0, 2]], [[12533, 55689], [1, 6], [4, 0], [0, -3], [-1, 0], [0, -2], [-4, -1]], [[12589, 55657], [1, 10], [3, 4], [3, 1], [0, 5], [1, 0], [0, 6], [2, 0], [0, -6], [-1, -1], [0, -7], [-2, 0], [-2, -18], [-3, 0], [-2, 6]], [[12629, 55811], [1, 2], [0, 6], [9, 28], [1, 18], [1, 2], [2, 10], [5, 26], [-1, 8], [4, -2], [0, 4], [3, 0], [3, 18], [1, 1], [2, 33], [-2, 0], [0, 5], [6, 0], [0, -10], [4, -2], [2, -16], [0, -10], [-2, -9], [-3, 0], [-1, -7], [-2, -2], [-5, -11], [0, -8], [3, -7], [-1, -10], [-6, -11], [-1, -5], [-1, -2], [-5, -21], [-1, -16], [-2, -2], [-2, -8], [-1, -10], [-3, 0], [0, -3], [-5, -5], [0, 6], [-3, 0], [0, 10]], [[12629, 55716], [1, 0], [3, -14], [-2, -2], [-1, 8], [0, 2], [-1, 0], [0, 6]], [[12632, 55997], [0, 18], [3, -1], [1, -1], [3, -1], [0, -2], [-1, 0], [0, -18], [1, 0], [2, -6], [2, -2], [0, -3], [-5, -2], [-1, 3], [-2, 4], [-3, 11]], [[12671, 53750], [1, 0], [1, -3], [-2, 0], [0, 3]], [[12671, 53381], [3, -3], [4, -8], [-1, -1], [-3, 0], [-3, 3], [0, 9]], [[12673, 54254], [1, 2], [2, 10], [1, 13], [-3, 0], [0, 8], [-1, 0], [0, 1], [2, 1], [2, 2], [8, 2], [10, -1], [0, -3], [8, -1], [9, -3], [8, -1], [0, -3], [2, 0], [4, -5], [0, -5], [-5, -2], [-3, 0], [-10, -5], [-8, -2], [-7, -3], [-4, -4], [-8, -3], [-4, -4], [-4, 0], [0, 6]], [[12675, 53385], [1, 0], [1, -3], [-2, -1], [0, 4]], [[12677, 53380], [8, 2], [0, -5], [-4, -4], [-2, 0], [0, 4], [-2, 0], [0, 3]], [[12692, 53343], [0, 9], [3, 0], [0, -3], [1, 0], [0, 3], [4, 2], [0, -3], [11, -1], [8, 4], [3, 3], [8, 3], [3, 7], [3, 1], [1, 5], [3, 4], [3, 0], [4, 3], [9, -1], [1, -2], [8, -1], [4, 4], [7, 2], [3, 0], [3, -2], [0, -2], [-4, -5], [2, -11], [23, 0], [0, -5], [4, 1], [-1, -4], [10, -1], [0, -2], [-2, 0], [0, -2], [2, 1], [1, -4], [1, -1], [9, 1], [8, -3], [0, -1], [-4, 0], [0, -4], [3, 0], [5, -5], [7, -1], [0, 2], [-3, 0], [0, 1], [3, 0], [0, 2], [-3, 0], [0, 2], [11, 3], [0, -8], [1, -1], [3, -1], [0, -1], [-3, -1], [-7, -5], [-2, -3], [1, -5], [-1, -1], [-3, 1], [-5, -4], [-3, 0], [-5, -5], [-3, 0], [-2, -2], [-7, 0], [0, -4], [-3, 0], [0, -3], [-22, -9], [-1, -2], [-4, 0], [-6, -5], [-10, -7], [-4, -5], [-4, -2], [0, -7], [-3, 0], [1, -3], [1, -2], [4, -11], [0, -7], [4, -7], [3, -1], [0, -6], [-3, 0], [0, -3], [-4, 0], [-7, 8], [-4, 3], [0, 3], [-2, 0], [0, -5], [-6, 2], [-2, 8], [-6, 9], [-5, 2], [0, 5], [-10, 5], [0, 6], [-6, 7], [-1, 4], [-4, 5], [-4, 8], [-2, 5], [-1, 2], [-1, 8], [0, 2], [-3, 0], [0, 3], [-2, 1], [-3, 2], [-1, 11], [2, 10], [-2, 3], [-4, 0], [-1, 4]], [[12793, 53514], [8, 2], [1, 2], [3, -1], [1, 5], [6, -1], [0, -4], [5, 2], [0, -5], [-1, 0], [0, -1], [-2, 0], [-1, -9], [-6, 1], [-10, -2], [0, 3], [-2, 0], [-2, 8]], [[12868, 53575], [22, -2], [0, -9], [-2, 1], [-4, -1], [0, 4], [-1, 0], [-15, 4], [0, 3]], [[31848, 57688], [39, -2], [55, 13], [56, 13], [57, -7], [56, -7], [138, 10], [58, -24], [66, -28], [136, -58], [40, -29], [40, -28], [55, -102], [5, -42], [5, -41], [11, -81], [27, -157], [37, -116], [25, -41], [24, -40], [42, -35], [41, -35], [42, -20], [43, -19], [110, -8], [40, -9], [40, -10], [42, 0], [42, -1], [60, -23], [61, -22], [21, -17], [72, -57], [52, -34], [53, -35], [23, -20], [21, -17], [22, -19], [11, -9], [6, -5], [5, -4], [85, -79], [17, -18], [48, -54], [102, -163], [19, -87], [35, -120], [24, -54], [28, -61], [56, -99], [86, -77], [61, -32], [84, -26], [73, -33], [74, -49], [83, -91], [88, -67], [57, -73], [63, -92], [75, -94], [90, -53], [89, -92], [93, -93], [80, -96], [81, -101], [24, -29], [24, -31], [48, -59], [65, -67], [43, -118], [30, -122], [5, -15], [41, -67], [84, -112], [106, -56], [98, -95], [75, -87], [84, -55], [85, -19], [68, -81], [9, -100], [-22, -183], [-20, -187], [4, -122], [-2, -160], [-5, -161]], [[36062, 52792], [-149, -715], [4, -100], [-40, -225], [-28, -97], [-56, -143], [-78, -146], [-62, -90], [-35, -39], [-120, -167], [-26, -51], [-28, -79], [-3, -81], [5, -101], [33, -96], [22, -48], [24, -90], [26, -60], [22, -132], [-76, -186], [-35, -127], [-53, -306], [-29, -203], [-6, -241], [11, -234], [-18, -286], [-5, -199], [21, -243], [12, -274], [-10, -48]], [[19702, 44646], [3, 11], [-3, 12], [-3, 5], [-1, 8], [-1, 2], [-2, 9], [-1, 4], [-3, 14], [0, 5], [-3, 0], [0, 5], [-3, 0], [0, 5], [-5, 2], [0, 3], [-4, 1], [1, 4], [-2, 5], [-1, -1], [-3, 0], [-1, -1], [2, -8], [2, -3], [3, -5], [1, -7], [2, 0], [0, -3], [-4, 0], [0, -5], [6, 3], [-2, -5], [-2, -1], [-4, -4], [-2, -37], [1, -7], [3, -4], [4, -1], [0, -1], [-4, -2], [0, -15], [-6, 3], [-7, 0], [-1, 1], [-1, 3], [-5, 6], [-1, 4], [-2, 0], [2, -8], [-2, 0], [-2, 4], [-1, 0], [0, -3], [-1, 0], [-2, 17], [-3, 3], [-2, 13], [-3, 0], [-4, 16], [-2, 21], [4, 36], [-1, 2], [1, 3], [-3, 0], [-1, 15], [1, 3], [3, 1], [2, 4], [2, 8], [-4, 1], [-2, -1], [2, -3], [0, -5], [-2, 0], [0, 3], [-2, 0], [-1, 4], [-2, 3], [-3, -2], [-2, 8], [-4, 7], [-3, 13], [-6, -1], [1, -2], [-3, 0], [0, 3], [1, 0], [0, 3], [-1, 2], [-4, 13], [-2, 0], [-2, 11], [-2, 2], [0, 3], [-1, 3], [-1, 17], [-6, 19], [0, 3], [-2, 7], [0, 5], [-2, 3], [0, 13], [2, 7], [1, 1], [1, 12], [4, 8], [3, 10], [-2, 13], [-1, 1], [-1, 5], [-2, 20], [-4, 6], [-2, 5], [-2, -1], [-3, 3], [1, 3], [-2, 3], [0, 23], [-4, 2], [0, 46], [-1, 16], [-4, 15], [0, 31], [-4, 9], [1, 27], [0, 1], [-4, -1], [-3, 2], [-7, 7], [0, 4], [-8, 3], [0, 3], [-2, 2], [0, 3], [-3, 1], [-1, 1], [-5, 1], [0, -5], [2, -1], [-1, -4], [3, 0], [-2, -3], [-6, 3], [0, 4], [-3, 0], [0, 3], [-3, 0], [-2, 10], [-3, 0], [-5, 4], [-2, 7], [-2, 0], [-1, 3], [-2, 4], [-2, 0], [-2, 4], [-5, 1], [-4, 4], [-1, 4], [-1, 1], [-4, 13], [-3, 5], [-2, 3], [-2, 0], [0, 4], [-3, 0], [1, 3], [-4, 6], [-2, 12], [0, 14], [-2, 28], [-2, 12], [-3, 0], [0, 3], [-8, 4], [-7, 0], [-3, 3], [-4, 1], [0, 3], [-10, 3], [-8, 5], [0, 4], [-5, 0], [-10, 4], [0, 4], [-4, 0], [-1, 3], [-5, 6], [-2, 4], [-3, 5], [-3, -1], [-5, 4], [1, 6], [-3, 4], [3, 16], [0, 16], [3, 0], [-1, 10], [2, 0], [0, 3], [1, 35], [1, 1], [0, 10], [-1, 2], [3, 0], [0, 8], [-4, 0], [-1, 18], [2, -3], [10, 0], [3, 9], [3, 4], [1, 5], [1, 1], [4, 34], [-3, 7], [-11, -1], [-2, -3], [-11, 0], [-5, 5], [-10, 6], [-3, 0], [-8, -4], [0, -6], [-4, -12], [-3, 0], [-1, -3], [-3, -7], [-3, 0], [0, -3], [-5, -7], [-4, 0], [-2, -3], [-2, -5], [-4, -1], [1, -12], [2, -8], [-24, -1], [-2, -1], [-4, -1], [-3, -2], [0, -3], [-3, -1], [-3, -4], [-1, -13], [-1, -2], [-5, 3], [-1, 1], [-4, 2], [-3, 3], [-3, 1], [0, 3], [-2, 3], [-8, 1], [-2, -1], [2, -6], [2, 0], [0, -2], [-6, 2], [-1, 5], [-1, 1], [-2, 5], [-3, 0], [0, 4], [-4, 1], [0, 5], [-4, 8], [-3, 23], [-3, 7], [-3, 0], [0, 3], [-9, 4], [-10, 5], [-10, 0], [-5, -4], [-3, 0], [-3, -1], [-4, -4], [0, -18], [1, -2], [0, -3], [-4, -1], [-6, -7], [-4, 0], [2, -35], [4, -5], [2, -1], [1, -12], [-1, -3], [-5, -1], [-3, -2], [-1, -13], [1, -13], [5, -12], [3, -3], [1, -3], [2, -1], [3, -5], [5, -2], [0, -9], [-3, 0], [1, -3], [4, -6], [3, -4], [4, -4], [12, -6], [15, 1], [-2, -8], [0, -5], [2, 1], [3, 9], [0, 3], [-1, 1], [8, 0], [3, 1], [4, 0], [1, -1], [16, -7], [3, 0], [8, -6], [6, -2], [2, -2], [9, 2], [4, 3], [10, -1], [4, -8], [0, -3], [3, -1], [3, -4], [2, -1], [0, -2], [-2, 0], [0, -2], [5, 0], [1, -2], [9, -3], [2, -2], [6, -2], [0, -4], [10, 2], [0, -3], [6, -1], [4, -5], [4, -1], [3, -4], [2, 0], [0, -2], [-4, 1], [-1, 1], [-1, 0], [-2, -1], [-1, 0], [-2, 1], [-10, 0], [-8, 4], [-4, 3], [-5, 1], [0, 3], [-5, 1], [-3, 1], [-9, 1], [0, 3], [-17, 1], [-5, 4], [0, 3], [2, 1], [1, 1], [0, 5], [-2, 3], [-3, 0], [0, 3], [-12, 0], [2, -3], [-4, 0], [-1, -3], [-1, -2], [-1, -3], [-3, -1], [-2, -3], [-7, -4], [0, -4], [-6, -8], [-6, -2], [-4, -3], [-2, -3], [-2, -6], [-1, -14], [-10, -4], [-7, 2], [-3, 3], [-2, 1], [0, 3], [-4, 2], [0, 5], [-4, 1], [-1, 4], [-2, 3], [-8, 4], [-6, 0], [-4, 3], [-6, 7], [-8, 5], [0, 4], [-2, 3], [-4, 0], [-1, 5], [-3, 1], [-4, 4], [-15, 0], [-5, 5], [-8, 2], [-4, 2], [0, 4], [-6, 0], [-2, 2], [-8, 2], [1, 2], [-1, 7], [-1, 13], [3, 0], [2, 21], [5, 19], [1, 2], [0, 5], [-1, 2], [3, 0], [2, 8], [3, 3], [1, 8], [1, 2], [0, 11], [-2, 17], [0, 8], [2, 6], [1, 38], [-1, 6], [1, 7], [-4, 0], [3, 6], [1, 45], [-1, 8], [-3, 5], [0, 6], [-1, 3], [0, 4], [-3, 4], [-6, 10], [-6, -2], [-7, 1], [-1, 3], [-2, 3], [0, 7], [4, 5], [0, 14], [-2, 2], [0, 3], [-4, 0], [0, 18], [-1, 3], [0, 12], [-3, 9], [-2, 4], [-2, 0], [0, 3], [1, 1], [8, 1], [-1, -2], [0, -3], [4, -4], [6, 0], [2, 2], [0, 12], [3, 1], [-1, 5], [-4, -1], [-1, 3], [-3, -4], [-1, -1], [-1, 1], [-6, -1], [0, -3], [-8, 1], [0, 7], [-3, 6], [0, 7], [-1, 5], [0, 5], [-2, 4], [0, 5], [-2, 10], [-5, 7], [-3, 0], [0, 4], [-2, 1], [-2, 2], [-2, 1], [-2, 6], [-6, 3], [-9, -1], [0, 5], [-7, 0], [-1, 1], [0, 4], [-3, 6], [-1, -1], [-3, 0], [-1, 1], [-1, 3], [-2, 4], [-3, 0], [0, 3], [-4, 6], [-4, 2], [0, 3], [-2, 2], [-2, 8], [-2, 0], [-2, 5], [-2, 1], [-3, 2], [-1, 5], [-3, 1], [-4, 3], [-5, 6], [-3, 10], [-2, 1], [0, 3], [-2, 9], [3, 0], [0, 3], [1, 0], [1, -3], [1, -1], [15, -9], [0, -3], [6, -3], [0, -1], [1, -5], [1, 0], [0, 4], [2, 0], [0, -5], [3, -3], [1, -5], [3, -5], [2, -3], [3, 0], [4, -3], [13, 0], [7, 9], [1, 3], [0, 7], [-7, -1], [-1, 1], [0, 3], [-8, 3], [0, 4], [-5, 1], [0, 4], [-1, 1], [-3, 10], [-3, 0], [-1, 5], [-4, 6], [0, 4], [-4, 0], [0, 6], [9, -1], [0, 3], [2, 0], [1, 3], [1, 1], [2, 1], [-1, 5], [-3, 0], [0, 6], [3, 0], [-1, -5], [5, 1], [1, 1], [0, 8], [2, 2], [0, -4], [9, 2], [0, 3], [4, -4], [6, 0], [0, -4], [8, 0], [0, -3], [7, -1], [3, -1], [13, 1], [0, 1], [1, 3], [3, 0], [-2, 12], [-2, -1], [-2, -2], [-11, -2], [1, -3], [-4, 0], [-7, 3], [0, 8], [-6, 8], [-3, 1], [-1, 2], [-3, 0], [-1, 5], [-4, 0], [0, 4], [-7, -1], [-4, -5], [-4, -4], [-4, -1], [-4, -5], [-2, -2], [-5, -1], [-1, -4], [-1, -2], [-2, -7], [-4, 1], [-5, 7], [-6, 5], [0, 4], [-3, 0], [-2, 4], [-4, 3], [-1, 2], [-2, 9], [-5, 2], [-3, 3], [-5, 2], [-4, 3], [-4, 1], [0, 5], [-3, 1], [-1, 1], [-3, 1], [3, -5], [-5, 0], [-1, 3], [-2, 4], [-3, 0], [-1, 2], [-8, 3], [-6, -1], [-2, -6], [-4, 3], [0, 3], [3, 0], [-1, 5], [-3, 1], [-1, 2], [-3, 1], [0, 3], [3, 0], [0, 3], [-3, 1], [-3, 2], [0, 4], [5, -1], [1, 2], [-6, 2], [0, 3], [-2, 0], [0, 5], [2, 0], [-2, 3], [0, 7], [2, 2], [6, 0], [1, -1], [-2, 7], [-2, 0], [-2, 6], [-1, 2], [-1, 7], [-1, 1], [1, 3], [6, 3], [4, 9], [-4, 2], [4, 5], [4, 0], [2, 6], [0, 7], [-3, 0], [-4, 4], [-7, 1], [-4, -2], [-2, 8], [-9, 1], [-8, -2], [-7, 1], [0, 6], [-4, 1], [-4, 4], [2, 10], [5, 4], [1, 0], [2, -4], [6, -4], [5, 0], [3, 3], [1, 0], [1, -1], [4, 1], [-1, -5], [4, 0], [0, 2], [12, 2], [0, 3], [-2, 1], [-2, 2], [-9, 3], [-4, 3], [-4, 1], [1, 3], [3, 4], [3, 1], [1, 10], [-5, 2], [-8, 0], [-2, 2], [-2, 1], [0, 10], [2, 0], [0, 6], [-4, 5], [-1, 3], [-3, 1], [-4, 4], [-2, 10], [0, 5], [4, 15], [-3, 0], [-1, 2], [-6, 2], [0, 4], [-10, 0], [-1, -25], [4, -11], [2, -2], [0, -3], [-2, -3], [-1, -22], [1, -1], [7, -23], [3, 2], [-2, -7], [-2, -3], [-2, -1], [-2, -2], [-5, 0], [-4, -2], [0, 6], [-2, 2], [-1, 10], [-3, 5], [0, 3], [-1, 3], [-4, 5], [-5, 20], [-2, 0], [-1, 9], [-4, 17], [-3, 3], [-1, 6], [-3, 5], [-2, 4], [-2, 6], [-4, 7], [-2, 9], [-2, 15], [-4, 21], [-4, 17], [-1, 1], [-8, 30], [0, 3], [-3, 8], [-1, 8], [-6, 38], [-1, 4], [-3, 4], [-2, 4], [-6, 20], [-1, 5], [-2, 6], [4, 1], [1, 8], [0, 2], [-3, 12], [-2, 10], [-1, 1], [-4, 2], [-2, 6], [-3, 5], [-3, 3], [-2, -1], [-4, 2], [-3, 5], [-1, 2], [-2, 6], [-3, 12], [-4, 17], [-2, 14], [0, 13], [-1, 4], [-2, 3], [-3, 16], [-3, 11], [-3, 10], [-4, 4], [-3, 19], [-2, 9], [0, 6], [1, 10], [0, 9], [-1, 5], [2, 16], [3, 10], [1, 2], [3, 9], [0, 6], [-1, 7], [0, 15], [-1, 9], [0, 5], [2, 5], [1, 9], [0, 5], [1, 8], [-1, 5], [2, 9], [-1, 6], [2, 7], [0, 8], [-1, 9], [1, 5], [-3, 0], [-1, 23], [-2, 18], [0, 25], [-2, 4], [-2, 3], [-4, -1], [-8, 2], [-5, 5], [-2, 5], [-3, 4], [-5, 10], [-1, 3], [-2, 2], [-3, 2], [-2, 3], [-3, 5], [-3, 4], [-2, 4], [-3, 4], [-4, 10], [-11, 22], [-3, 3], [-2, 5], [-2, 3], [-5, 6], [-3, 5], [-3, 3], [-4, 6], [-2, 4], [-2, 0], [-2, 5], [-4, 8], [-2, 6], [-2, 5], [-2, 4], [-2, 3], [-4, 5], [-8, 8], [-2, 3], [-6, 6], [-2, 3], [-3, 3], [-4, 3], [-4, 2], [-5, 6], [-1, 2], [-3, 3], [-12, 5], [-6, 2], [-4, 2], [-13, 0], [-5, -1], [-4, -2], [-3, -1], [0, -1], [-1, -2], [1, -1], [0, -2], [1, -1], [-1, -2], [1, -2], [-12, 7], [-2, -1], [0, -5], [-5, 2], [-5, 0], [-3, 2], [-6, 1], [-11, 5], [-4, 0], [-2, -1], [-3, -20], [1, -3], [1, -2], [0, -4], [-1, -1], [-2, 1], [0, -1], [-1, 1], [-1, 2], [4, 27], [-4, 4], [-18, 7], [-7, 3], [-19, -24], [0, -3], [-3, -4], [-3, 0], [-3, 3], [20, 24], [2, 10], [-3, 5], [-2, 3], [-8, 15], [-4, 1], [0, 3], [-2, 2], [0, 3], [-3, 1], [-3, 3], [-2, 6], [-4, 5], [-1, 3], [-4, 5], [-3, 8], [-4, 7], [0, 3], [-1, 3], [-1, 10], [-3, 8], [-2, 3], [-3, 0], [0, 4], [-2, 0], [-1, 5], [-3, 6], [0, 3], [-5, 18], [0, 4], [-4, 13], [-1, 1], [-4, 16], [-4, 5], [0, 4], [-3, 3], [-3, 5], [-1, 3], [-3, 3], [-3, 10], [-3, 1], [-2, 2], [-1, 7], [-3, 5], [-5, 16], [-4, 5], [0, 3], [-3, 5], [-1, 6], [-3, 4], [-4, 8], [-2, 5], [-1, 5], [-5, 2], [-4, 4], [-1, 5], [-3, 6], [-1, 1], [-4, 6], [-5, 5], [-2, 3], [-1, 2], [-3, 3], [-2, 4], [-2, 2], [-1, 0], [-4, 4], [0, 1], [-1, 0], [0, -1], [-1, 0], [-1, -1], [-1, 0], [-2, -1], [-1, 0], [-3, -4], [1, -1], [-1, -1], [-2, 2], [-1, 0], [0, 4], [-2, 0], [0, 5], [-3, -3], [-1, 2], [-1, 1], [4, 3], [1, 7], [0, 1], [-2, 2], [-4, 7], [-2, 2], [-1, -1], [-2, 0], [-2, 2], [-6, -2], [-3, 3], [4, 4], [0, 1], [-1, 1], [2, 2], [-2, 3], [-2, 2], [-1, 2], [-4, 5], [-3, 4], [-5, 5], [-1, 2], [-2, 2], [-1, 2], [-2, 2], [-1, 2], [-5, 5], [-1, 3], [-3, 2], [-5, 5], [-16, 8], [-7, 4], [-3, 2], [-4, 2], [-7, 2], [-9, 4], [-6, 1], [-2, 2], [-6, 2], [-2, 1], [-5, 2], [-5, 4], [-4, 4], [-2, 0], [-2, 3], [-6, 3], [-6, 4], [-3, 4], [-3, 1], [-3, 2], [-2, 2], [-6, 5], [-6, 4], [-3, 3], [-6, 4], [-2, 1], [-9, 6], [-3, 5], [-2, 2], [-23, -35], [-3, -1], [-4, 4], [0, 3], [18, 27], [-17, 17], [-5, -8], [-7, 6], [-4, -6], [-10, -6], [-13, 12], [1, 2], [12, -12], [9, 5], [7, 10], [-9, 9], [-5, -8], [-7, 7], [-6, 2], [-4, 0], [-4, -3], [-2, -2], [-1, 1], [17, 24], [-4, 1], [-2, 3], [-3, 1], [-1, 2], [-1, 1], [1, 5], [-1, 4], [-2, 3], [-3, -2], [-29, -19], [1, -2], [1, 0], [3, -2], [0, -2], [-2, 0], [-3, 3], [-3, 2], [0, 2], [1, 1], [1, 0], [32, 21], [-2, 5], [-4, 1], [-5, 5], [-6, 2], [0, 3], [-3, 0], [-1, 3], [-2, 4], [-2, 0], [0, 3], [6, 0], [0, 2], [-5, 1], [0, 2], [8, 0], [-2, 5], [-2, 0], [1, -3], [-9, 4], [-15, -3], [-1, -2], [2, -11], [0, -2], [1, -3], [-4, -3], [-2, 3], [4, 5], [-3, 12], [-6, -1], [0, 2], [2, 1], [3, 2], [1, -1], [9, 2], [8, 2], [0, 2], [1, 0], [0, -1], [9, 0], [-1, 6], [-2, 3], [-1, 5], [-3, 0], [1, 2], [0, 3], [-1, 3], [0, 5], [-3, 4], [-1, 3], [-5, -3], [-3, 1], [1, 3], [-1, 4], [0, 11], [1, 3], [0, 7], [-3, 5], [-4, -1], [-3, 2], [1, 4], [2, 3], [-4, -1], [-3, 3], [0, 3], [-4, 0], [-1, 8], [-3, 0], [-3, 8], [-2, 0], [-2, 8], [-2, 2], [0, 3], [2, 0], [0, 2], [-4, 0], [0, 2], [-1, 3], [-3, 0], [-1, 4], [-3, 0], [2, 3], [2, 1], [0, 5], [-3, 5], [0, 5], [-5, 5], [-4, 5], [-5, 1], [-1, 4], [-5, 2], [0, 3], [-4, 3], [0, -1], [-3, 3], [-2, -3], [-1, -4], [-1, 0], [-13, -45], [1, 0], [4, -2], [-3, -11], [-5, 2], [0, -1], [-4, -15], [1, -1], [18, -8], [1, 0], [0, -1], [2, -9], [0, -2], [-1, -4], [-1, 0], [-23, 9], [-4, -16], [6, -2], [1, 1], [0, 1], [2, -1], [0, -2], [10, -4], [1, -1], [0, -1], [1, -2], [4, -1], [1, 1], [1, -1], [0, -1], [5, -2], [0, -4], [-1, 0], [0, -1], [-19, 8], [-18, 7], [0, 2], [6, 22], [-3, 2], [-1, 1], [4, 12], [3, -1], [1, 0], [1, 5], [-1, 0], [0, 4], [2, -1], [6, 24], [13, 48], [2, 2], [-1, 2], [-1, -1], [-1, 3], [-2, 2], [-2, 0], [-1, 3], [0, 2], [1, 2], [-2, 3], [-2, 1], [-1, 1], [-5, 1], [0, -5], [-10, 2], [1, 11], [-1, 2], [-2, 0], [2, 3], [-1, 3], [-3, -1], [-5, 1], [-3, -10], [-10, 4], [0, 5], [-6, 0], [-2, 2], [-2, 0], [-1, -2], [-10, 0], [-10, 3], [0, 5], [-8, 2], [-10, 6], [0, 4], [-8, 0], [0, -3], [-2, 0], [-1, 7], [-1, 0], [-1, -9], [-9, 6], [-4, 3], [-2, 6], [4, 6], [-5, 3], [-8, 7], [-3, 2], [-4, 3], [-3, 3], [-6, 4], [-2, 1], [-2, -8], [-2, 1], [-1, -3], [-1, 0], [-2, -4], [-11, -36], [1, 0], [-1, -4], [-2, 0], [-5, -16], [1, 0], [1, -2], [0, -2], [-1, -3], [1, 0], [2, 2], [3, 1], [1, 2], [-1, 1], [2, 2], [2, -1], [1, -2], [3, -1], [0, -1], [1, 0], [-1, -2], [0, -1], [-1, 0], [-1, -2], [-3, 2], [-5, 0], [-2, -2], [-2, -6], [-1, -1], [-3, -1], [1, -11], [1, 0], [0, -2], [-1, -1], [1, -17], [7, -3], [1, 1], [4, -2], [0, -1], [9, -4], [-1, -2], [2, -1], [-1, -2], [-2, 1], [1, 3], [-21, 9], [-2, 32], [-1, 0], [-1, 5], [0, 4], [-4, 3], [-7, 3], [-10, 5], [-22, 13], [-7, 4], [-2, 2], [-2, 1], [-1, 0], [2, 5], [-2, 1], [0, 1], [-1, 1], [-2, 1], [-2, 0], [-1, -1], [-1, -3], [-1, -1], [-2, 2], [-1, -1], [-2, 1], [-1, 1], [-1, 0], [0, 1], [1, 2], [1, 3], [-4, 6], [-21, 14], [-1, 1], [2, 2], [28, 0], [3, 1], [1, 0], [4, 12], [0, 3], [-1, 1], [0, 1], [-2, 1], [-25, 0], [-1, 1], [1, 4], [-2, 3], [-2, 1], [-1, -2], [-1, 0], [1, 3], [-5, 2], [-3, 1], [-3, 0], [-6, -6], [0, -4], [-1, -1], [-1, 0], [0, 4], [-2, -4], [-3, 4], [-1, -14], [-1, -1], [-4, 0], [0, -1], [-22, 8], [-11, 7], [1, 2], [1, -1], [0, 1], [-1, 2], [-3, 2], [0, 1], [1, -1], [3, 4], [0, 1], [-1, 1], [2, 2], [1, 0], [-1, -2], [7, -8], [2, 2], [-4, 5], [1, 0], [4, -4], [2, 3], [-8, 9], [1, 1], [-1, 0], [2, 3], [0, 1], [-3, -4], [0, 1], [2, 3], [0, 1], [-3, -4], [0, 1], [2, 3], [-2, 3], [-12, -15], [2, -2], [-4, 3], [0, 1], [1, 1], [-1, 2], [-2, 3], [-1, 0], [-2, 1], [-2, 3], [-4, 7], [-9, 9], [-7, 8], [-7, 7], [-2, 3], [-3, 1], [-2, -1], [-2, -2], [-1, 0], [-1, -1], [-48, 55], [-1, -1], [-1, 1], [-1, 0], [-2, 2], [0, 1], [-1, 1], [1, 1], [1, 2], [0, 1], [-3, 3], [-1, 2], [-5, 5], [-2, 3], [-3, 3], [-2, 3], [-4, 4], [0, 1], [3, 3], [-6, 3], [-2, -1], [-10, 16], [-10, 7], [37, 25], [-2, 12], [-1, 4], [-1, 2], [2, 3], [0, 3], [-4, 48], [-2, 6], [1, 1], [-2, 1], [0, 5], [1, 2], [2, 0], [0, 1], [-1, 1], [0, 1], [1, 2], [1, 0], [1, -1], [4, 4], [1, 2], [0, 5], [-2, 6], [-2, 1], [-3, 1], [-2, 0], [-2, -1], [-1, -2], [-2, -1], [0, -2], [-1, -3], [1, -3], [-3, 0], [-1, 1], [-9, -1], [-1, 2], [-7, -4], [2, -6], [-2, -1], [-4, 8], [-6, -3], [1, -3], [-3, -5], [-8, 8], [-6, -1], [-3, -4], [0, -8], [9, -8], [-4, -5], [-2, 1], [-7, 7], [-1, 2], [-2, 2], [-1, 0], [-2, -2], [-1, 0], [-4, -2], [-2, 0], [0, 1], [-1, 1], [-1, 3], [-6, 6], [-1, 0], [1, -1], [0, -1], [2, 0], [1, -2], [3, -3], [1, -2], [0, -1], [1, -2], [-2, -2], [-3, -6], [-3, -5], [-1, -3], [0, -1], [-2, -2], [-3, 0], [-2, 3], [1, 1], [0, 1], [-4, 4], [0, 3], [-1, 3], [0, 4], [1, 2], [0, 1], [2, 3], [2, 2], [1, 2], [2, 0], [1, 1], [1, -1], [0, 1], [1, 0], [0, 1], [-1, 0], [0, 1], [-1, 0], [-1, 1], [-7, -1], [-5, -1], [-2, -2], [-1, -3], [0, -4], [3, -2], [1, -2], [0, -1], [1, 0], [0, -3], [1, -1], [0, -1], [-1, -1], [2, -1], [0, -7], [2, -2], [2, -3], [-1, -3], [-3, -4], [-3, 3], [-1, 0], [-1, -2], [-1, 0], [-3, 1], [-4, 1], [-3, 3], [0, 2], [-1, 4], [-4, 4], [1, 3], [1, 5], [0, 2], [-1, 3], [-2, 1], [-2, 0], [-1, 1], [-2, -1], [-1, 0], [-1, 1], [-1, 2], [1, 2], [-1, 2], [0, 7], [-3, 3], [-4, 3], [-2, 3], [-3, 3], [-3, 2], [-2, 3], [-3, 1], [-1, 1], [-1, 2], [-2, 2], [-2, 1], [-1, 3], [-4, 2], [-1, 3], [-2, 4], [-4, 1], [-1, 2], [0, 1], [4, -1], [-3, 3], [-1, 2], [-2, 0], [0, -7], [-1, -2], [-2, -3], [-3, -1], [-4, 1], [-1, 0], [-3, 2], [-2, -1], [0, -1], [-2, -3], [-1, 0], [0, -6], [-1, -3], [-2, -2], [-5, 0], [-3, 2], [1, 0], [-2, 2], [-1, 3], [0, 5], [2, 6], [3, 6], [4, 5], [4, 2], [4, 3], [2, 0], [2, 1], [2, 0], [0, 1], [1, 0], [2, -1], [3, -3], [2, -4], [3, 1], [-1, 3], [1, 0], [1, 3], [0, 10], [-1, 3], [0, 3], [-1, 1], [-2, -1], [0, 2], [-1, 4], [0, 1], [2, 1], [3, -3], [0, 1], [2, 3], [1, -1], [2, 4], [1, 3], [1, 4], [1, 5], [-1, 0], [0, 3], [1, 0], [0, 8], [-3, 3], [4, 1], [2, -2], [2, -1], [1, 0], [5, 14], [-1, 3], [0, 2], [-2, -1], [0, 1], [6, 4], [-3, 6], [-3, -2], [-1, -1], [-3, 0], [-1, 2], [-8, -5], [0, -1], [1, 0], [0, -3], [-2, 0], [-1, 2], [-2, -2], [-1, -2], [-3, -5], [1, 0], [-1, -2], [-1, -1], [-3, -4], [-2, -2], [-2, 0], [-2, -1], [-7, 0], [-1, -3], [-1, -2], [-2, -1], [-2, 0], [-4, -5], [-2, -1], [-2, 0], [-2, 2], [2, 4], [3, 2], [2, 0], [1, 2], [0, 5], [2, 3], [0, 1], [-1, 1], [-6, 0], [-4, 3], [0, 4], [2, 2], [6, -1], [4, -3], [0, -1], [2, -2], [1, -5], [2, -4], [2, 1], [6, 0], [-5, 9], [-3, 3], [-2, 4], [0, 10], [-1, 1], [-1, 2], [-1, 1], [-1, 0], [-3, 1], [-2, 1], [-3, 0], [-1, -1], [-2, -1], [-1, -2], [-2, -5], [-1, 1], [0, 4], [-1, 2], [-2, 2], [-3, -2], [-2, -3], [3, -3], [2, -1], [1, -1], [-1, -2], [-5, -1], [-4, -4], [-3, -5], [-3, 0], [-1, 3], [-1, 0], [-2, 7], [-3, 5], [-5, 7], [-5, 6], [-7, 9], [-7, 8], [-1, 0], [-2, -3], [-1, -1], [-1, 0], [-2, 1], [-1, 2], [1, 2], [1, 4], [1, 5], [1, 0], [3, -3], [3, 2], [1, 2], [0, 4], [-2, 2], [-2, 1], [-2, -1], [-1, -1], [-2, -4], [-1, -1], [-1, 0], [-2, 2], [0, 1], [1, 1], [-1, 1], [0, 1], [-1, 2], [1, 1], [-2, 4], [2, 7], [-3, 3], [4, 9], [2, 6], [-1, 3], [-3, 2], [-2, 1], [-2, 3], [-6, 3], [-1, 0], [-4, 2], [-2, 0], [-5, -3], [-8, -5], [-1, -2], [-3, -1], [-3, 1], [-3, 2], [-2, 1], [-4, -5], [-1, 1], [4, 5], [-7, 3], [-1, -2], [-5, 5], [-4, 3], [-3, 5], [-2, 4], [-4, 2], [-2, -2], [-2, 1], [-1, 2], [0, 4], [-3, 3], [-1, 2], [-3, 1], [-3, 4], [-1, 1], [-3, 5], [-3, 2], [-1, 3], [-2, 19], [-3, 4], [-2, 4], [-3, 2], [-2, 2], [-2, -1], [-2, 1], [-5, 6], [-6, 9], [-2, 2], [0, 2], [-1, 7], [0, 6], [-4, 13], [-2, 0], [-1, 4], [-2, 5], [-6, 5], [-3, -1], [-1, 1], [-1, 2], [-2, 1], [-1, 1], [-2, 3], [-4, 4], [-9, 7], [-3, 0], [-4, 3], [-1, 0], [-2, -3], [-3, -5], [0, -4], [-1, -1], [1, -1], [1, 2], [1, -1], [1, 1], [0, -2], [1, 0], [1, 3], [1, 2], [0, -1], [-3, -6], [-2, -2], [0, -2], [5, 5], [-1, -2], [-2, -3], [-7, -4], [-1, -3], [0, 3], [-2, 3], [-1, 2], [-1, 3], [-5, 7], [-4, 8], [-3, 2], [-1, 0], [-6, 4], [-3, 4], [-4, 3], [-2, 1], [-1, 2], [-3, 2], [-3, 1], [-5, 1], [-3, 4], [-4, 3], [-6, 12], [0, 2], [-5, 12], [-3, 2], [-6, 1], [-9, 3], [-7, 3], [-4, 1], [-1, 10], [3, 13], [6, 7], [6, 0], [4, 6], [3, 12], [0, 4], [-2, 7], [-2, 2], [-4, -2], [-1, 1], [-2, -2], [-3, 0], [-3, -6], [-1, -1], [7, -5], [-8, -15], [1, -1], [-18, -34], [-4, -4], [-2, -4], [-3, -4], [-6, 0], [0, -4], [-2, 0], [-1, -2], [2, -4], [0, -3], [-1, -2], [0, -1], [2, -3], [0, -5], [1, -4], [1, -9], [-10, -4], [-4, -2], [-3, 1], [-7, 3], [-1, -1], [-7, 3], [-1, 5], [-4, 5], [-4, 1], [-7, 5], [-6, 4], [-7, 6], [-6, 9], [-2, 2], [-1, 0], [-2, 1], [-4, 4], [-3, 2], [-4, 4], [2, 1], [1, 1], [4, 3], [8, 7], [4, 3], [5, 2], [2, 2], [2, 3], [4, 3], [12, 10], [1, 1], [1, 2], [4, -1], [2, -3], [16, -13], [1, 0], [3, -4], [6, 10], [5, 8], [4, 9], [4, 6], [3, 6], [4, 2], [3, 1], [3, 2], [0, 9], [5, 9], [-4, 3], [-2, 1], [-2, 2], [-1, 0], [-1, 1], [-1, -2], [-18, 15], [-20, -39], [-20, 17], [-5, -8], [-2, 2], [0, -1], [-1, 0], [0, -1], [-1, -1], [2, -1], [-3, -5], [-2, 2], [0, -2], [1, -1], [0, -1], [-2, -1], [0, -1], [-1, -1], [-2, 0], [-2, -1], [-2, 0], [-3, -2], [0, -2], [-4, -4], [0, 1], [-1, -1], [1, -3], [-7, -1], [-2, 1], [-2, -1], [-10, 0], [-1, -4], [-10, -8], [-2, -5], [0, -4], [-2, -1], [-1, -4], [1, -1], [1, -2], [-1, -1], [-2, 0], [0, -4], [-1, -2], [-1, 1], [-3, 1], [-1, 2], [-7, 0], [-3, 1], [-5, 2], [-5, 3], [-6, 4], [-4, 1], [-2, 0], [-7, -2], [0, -1], [-1, -1], [-2, 2], [1, 1], [0, 1], [-2, 5], [-3, 5], [-5, 3], [-5, 4], [-6, 5], [-2, 1], [-2, 2], [-4, 2], [-3, 2], [-4, 3], [-3, 2], [-7, 3], [-3, 2], [-2, 3], [-3, 4], [-3, 3], [-6, 4], [-2, 2], [-1, 2], [-2, 2], [-1, 0], [-8, 8], [-4, 3], [-3, 2], [-4, 3], [-9, 6], [-4, 5], [-3, 7], [-2, 6], [-3, 3], [-1, 3], [-2, 4], [-5, 9], [-4, 2], [-1, 2], [-3, 5], [-2, 7], [-2, 2], [-4, 6], [-9, 12], [-6, 5], [-3, 4], [-5, 4], [-6, 4], [-6, 3], [-3, 2], [-4, 2], [-3, 2], [-6, 5], [-3, 3], [-2, 3], [-5, 5], [-2, 5], [-2, 4], [-6, 18], [-2, 3], [-1, 1], [-4, 2], [-8, 8], [-3, 2], [-3, 3], [-4, 5], [-3, 4], [-2, 1], [-2, 2], [-2, 3], [-1, -2], [-1, 0], [-2, 2], [-1, 2], [0, 1], [-6, 8], [-1, 0], [0, 2], [-3, 2], [-2, 1], [-3, 0], [-6, 4], [-1, 0], [-3, 2], [-3, 1], [-7, 3], [-5, 1], [-1, 1], [-2, 1], [-1, 1], [0, 1], [-1, 0], [-4, 4], [-1, -1], [-2, 3], [-1, 2], [-6, 5], [-4, 3], [-1, 0], [-7, 7], [-5, 4], [-2, 1], [-1, 1], [-1, -1], [-1, 0], [-2, 6], [-2, 2], [-2, 3], [-3, 3], [-6, 10], [-2, 5], [-4, 5], [-2, 4], [-7, 11], [-3, 4], [-3, 1], [-3, 4], [-2, 3], [-1, 2], [-2, 1], [-1, 2], [-3, 2], [-2, 3], [-3, 2], [-9, 9], [-3, 2], [-20, 20], [-4, 6], [-5, 5], [-3, 2], [-3, 1], [-8, 3], [-4, 4], [-4, 3], [-6, 3], [-7, 2], [-4, 3], [-12, 8], [-2, 1], [-1, 2], [-4, 3], [-2, 2], [-1, -1], [-8, 4], [-1, 1], [-3, 0], [0, 1], [-1, 0], [-2, 1], [0, -1], [-2, 1], [-1, 0], [0, 3], [-2, 3], [-1, 0], [0, 2], [1, 0], [3, -4], [1, 4], [-3, 2], [2, -1], [2, 1], [1, 0], [0, 1], [1, 1], [0, 1], [1, 1], [0, 1], [2, 2], [0, 1], [1, 2], [3, 5], [2, 2], [3, 6], [2, 0], [2, 2], [1, -2], [2, 0], [2, 1], [1, 1], [2, 1], [2, 0], [2, 1], [3, 0], [2, 1], [1, 0], [2, 1], [1, 2], [2, 0], [0, -1], [3, 1], [1, -1], [1, 1], [1, -1], [2, 0], [1, -1], [1, 0], [1, -1], [3, -1], [3, 1], [1, -1], [3, 0], [3, -1], [2, -1], [3, 2], [1, 1], [1, 0], [0, -1], [1, 0], [0, -2], [1, 0], [2, 2], [3, 2], [-1, 2], [-1, 0], [0, 1], [1, 1], [0, -1], [3, -3], [2, 3], [1, 4], [0, 1], [-2, 5], [-1, 0], [2, 1], [-1, -1], [3, -4], [1, 1], [0, -1], [1, 1], [2, 4], [2, 2], [0, 1], [1, 0], [2, 1], [2, 0], [0, 1], [2, 0], [1, -1], [2, 4], [0, 6], [-1, 1], [0, 1], [1, 1], [0, 4], [-2, 1], [0, 1], [2, -1], [0, 2], [1, 1], [0, -1], [1, 1], [2, -1], [0, 1], [1, 3], [0, 7], [-1, 1], [1, 1], [0, 6], [1, 0], [0, 3], [1, 2], [-1, 1], [1, 2], [0, 5], [-2, 1], [3, 14], [1, 1], [1, 2], [2, 0], [1, 1], [2, 1], [1, 2], [1, 4], [1, 0], [1, 6], [3, 2], [7, 1], [1, -1], [0, 3], [12, 2], [0, -5], [3, 0], [0, -3], [11, 0], [-1, 6], [7, 1], [5, -5], [11, -4], [0, -3], [7, -2], [3, -6], [-1, -3], [6, -2], [0, -3], [1, -1], [12, 0], [5, -3], [7, 1], [2, 6], [1, 2], [0, 8], [-1, 2], [12, -6], [3, -3], [0, -4], [8, -3], [0, -4], [3, 0], [-1, -5], [1, -8], [3, 0], [0, -5], [4, -4], [3, -2], [3, -11], [3, 0], [0, -4], [5, 0], [0, 4], [-2, 0], [-1, 3], [-1, 2], [0, 4], [-2, 5], [0, 7], [-1, 1], [-2, 12], [-4, 1], [-2, 5], [-2, 0], [-1, 7], [-2, 3], [0, 1], [-4, 4], [-7, 2], [-2, 8], [-7, 0], [-4, 4], [-4, 0], [1, 13], [-1, 2], [-5, 2], [1, 6], [3, 0], [-2, 8], [-2, 0], [-1, 5], [-3, 5], [-4, 0], [0, 3], [-10, -1], [0, -4], [-4, 1], [-1, -1], [-8, -1], [0, -4], [-10, 1], [-7, 2], [-31, 1], [-5, -2], [-4, -3], [-8, -3], [-1, -2], [-3, 0], [-1, -1], [0, -3], [-8, -3], [-1, -1], [-3, -1], [-1, -5], [-3, 0], [0, -38], [-3, -9], [0, -10], [-2, -12], [-2, 0], [-2, -2], [-6, -3], [-3, -4], [-4, 0], [-4, -3], [-11, 0], [-10, 2], [-1, 7], [-3, 1], [-4, 3], [-19, -1], [-1, 10], [-4, 1], [0, 3], [-3, 0], [-3, 12], [-1, 1], [-1, 4], [-4, 1], [-1, 4], [-2, 3], [-2, 0], [-3, 14], [-2, 9], [-3, 3], [-2, 6], [-3, 0], [0, 5], [-2, 0], [0, 3], [2, 0], [-2, 4], [0, 3], [3, 3], [5, 31], [0, 8], [3, 4], [1, 5], [3, 5], [1, 14], [11, 3], [1, 1], [2, 0], [1, -1], [1, 0], [6, 5], [1, 0], [1, -2], [3, 0], [3, 2], [8, 2], [3, 7], [3, 4], [3, 2], [3, 5], [3, 10], [0, 1], [3, 1], [1, 10], [3, 0], [2, 10], [3, -2], [1, 8], [3, -2], [1, 4], [6, 7], [2, 1], [0, 5], [3, 0], [0, 3], [3, 3], [0, 2], [-1, 3], [0, 7], [7, 2], [0, 3], [3, 1], [0, 1], [1, 9], [-11, -1], [-2, -3], [-3, 0], [-4, 5], [-8, 2], [1, 5], [8, 2], [0, 3], [6, 1], [0, 1], [2, 11], [3, 0], [-2, 4], [3, 0], [1, 1], [0, 5], [-2, 3], [-6, 2], [1, 2], [-1, 6], [-17, 2], [0, 3], [-26, 0], [0, 3], [-11, -3], [-3, -1], [-4, 0], [-1, -4], [-9, 2], [-2, 2], [-1, 0], [-5, -5], [1, -2], [4, -2], [1, -1], [7, -3], [0, -3], [5, -2], [6, -5], [5, -1], [0, -3], [3, 0], [-2, -3], [-6, 0], [-1, -4], [0, -3], [4, 0], [-2, -8], [-5, -2], [0, -10], [-11, -4], [-2, -2], [0, 3], [-2, 0], [0, -3], [-11, -3], [-15, 0], [-3, 2], [-2, 0], [-6, -3], [-1, 5], [-1, 0], [0, -3], [-21, 1], [-1, 3], [-6, 3], [-7, -2], [-8, 0], [-4, -4], [0, -5], [2, -6], [7, -4], [1, -3], [-39, -4], [0, -4], [3, 0], [0, -4], [3, 0], [-2, -3], [6, -2], [0, -1], [-7, -4], [1, -6], [-2, -3], [-3, -1], [-4, -4], [1, -7], [1, -1], [3, -10], [9, -7], [6, -8], [0, -5], [4, 0], [4, 7], [2, 2], [7, 1], [2, -2], [8, -2], [1, -1], [7, -2], [1, -1], [12, -4], [1, -1], [8, -3], [1, -3], [5, -6], [2, 0], [1, -5], [3, -3], [4, -13], [-4, -1], [-5, -7], [-6, -1], [-2, -5], [-10, -1], [-4, -2], [0, -8], [2, -1], [1, -1], [1, -3], [2, -1], [2, -4], [3, -3], [-1, -3], [6, -3], [4, -7], [-3, 0], [1, -15], [1, -3], [0, -7], [-1, -3], [0, -6], [1, -1], [4, -1], [-4, -11], [0, -5], [3, -4], [2, -4], [5, -4], [4, -4], [4, -3], [3, -5], [6, -4], [2, -6], [-1, -7], [-1, 1], [-3, 0], [-1, -1], [-1, -23], [1, -3], [4, -5], [0, -3], [-5, -13], [-4, -2], [-2, -8], [-2, 0], [-1, -3], [-6, -10], [-3, 0], [1, -4], [-8, -2], [-7, 0], [-8, 2], [0, 5], [-7, 3], [-30, 3], [-12, 3], [-24, 8], [0, 4], [-3, 0], [-4, 5], [-5, 2], [-4, 3], [-15, 4], [0, 3], [-8, 3], [-1, 1], [-7, 2], [-1, 2], [-9, 3], [-13, 3], [-18, 0], [-1, -2], [-17, -2], [-4, -1], [-11, -1], [-2, -3], [-11, -5], [-5, 0], [-2, -2], [-14, -1], [-8, -4], [-5, 0], [-4, -1], [-15, -2], [-4, -2], [-20, 2], [-1, 1], [-12, 3], [-3, 4], [-5, 0], [0, 4], [-4, 0], [-1, 2], [-4, 1], [0, 3], [-7, 2], [-1, 2], [-7, 3], [-1, 2], [-8, 3], [-14, 2], [-10, 5], [-1, 5], [-2, 3], [-4, 2], [-1, 3], [-4, 5], [-2, 6], [-4, 5], [-4, 2], [-2, 8], [-7, 2], [0, 3], [-5, 2], [-4, 5], [-3, 1], [-1, 3], [-1, 2], [-1, 3], [-8, 1], [-1, 1], [1, 3], [-2, 5], [-6, 0], [0, 3], [-2, 1], [-3, 2], [-1, 7], [-4, 1], [-1, 7], [-3, 6], [0, 4], [-4, 6], [0, 5], [-2, 3], [-1, 3], [-3, 0], [-4, 2], [0, 5], [-4, 5], [-12, 6], [0, 3], [-2, 4], [-7, 1], [0, -5], [-7, 2], [0, 5], [-4, 1], [-4, 2], [-2, 8], [-6, 0], [-1, 10], [-3, -2], [1, 10], [-9, 11], [-2, 7], [-4, 6], [-1, 5], [-2, 2], [0, 1], [2, 2], [0, 2], [-4, 4], [-4, 2], [-1, 5], [-7, 2], [0, 3], [-8, 1], [-1, -1], [0, 5], [-8, 1], [0, 3], [-7, 4], [0, 3], [-8, 3], [0, 3], [-4, 1], [-4, 3], [-8, 3], [-2, 4], [-6, 0], [0, 4], [-6, 0], [0, 5], [-5, 0], [-3, -1], [-2, 9], [-4, 4], [-2, 0], [-1, 7], [-3, 5], [-4, 5], [0, 3], [-8, 1], [-3, 1], [-5, 0], [-2, 2], [-14, 3], [-3, 3], [-4, 2], [-2, 3], [-4, 3], [-3, 1], [1, 3], [-2, 1], [-6, 6], [-1, 3], [-4, 5], [0, 5], [-1, 5], [-3, 3], [0, 3], [-6, 2], [0, 3], [-5, 2], [-9, 11], [-2, 14], [-3, 5], [1, 18], [-1, 10], [-2, 3], [0, 5], [-4, 13], [-1, 2], [0, 15], [-4, 6], [-2, 0], [-2, 8], [-2, 0], [-2, 5], [-2, 0], [-2, 8], [-2, 0], [0, 5], [-2, 3], [-2, 0], [0, 3], [-8, 4], [0, 3], [-7, 2], [-9, 3], [0, 3], [-4, 1], [-1, 4], [-1, 1], [-4, 10], [0, 3], [3, 8], [3, 0], [1, 1], [8, 0], [2, 3], [0, 5], [1, 1], [0, 9], [1, 3], [0, 3], [-2, 5], [-3, 8], [-2, 3], [-5, 2], [-2, 6], [-2, 1], [-2, 2], [-2, 1], [-2, 5], [-2, -1], [-6, 4], [0, 3], [-2, 2], [-1, 9], [-3, 9], [-2, 3], [-5, 0], [-10, 5], [-13, 3], [-1, 16], [-4, 5], [-2, 5], [-1, 3], [-5, -3], [-31, 2], [-1, -2], [-5, -2], [-1, -4], [-3, -3], [0, -7], [2, -1], [0, -5], [-2, -1], [-5, -6], [-1, -5], [-2, -3], [-23, -1], [-8, 3], [-1, 2], [-12, 5], [-3, 3], [-5, 3], [-9, 2], [-3, 1], [-13, -2], [-1, 0], [-6, 3], [-2, 11], [-3, 0], [0, 3], [-4, 1], [-8, 4], [-1, 5], [-3, 0], [-1, 3], [-1, 2], [0, 10], [10, -1], [0, 9], [2, 3], [0, 10], [2, 3], [0, 7], [-3, 11], [-3, -1], [-1, -1], [-8, -3], [0, -3], [-3, 0], [0, 5], [13, 5], [-1, 3], [-4, 2], [0, 5], [-5, 2], [-4, 4], [0, 6], [-6, 2], [2, -5], [0, -3], [-4, 3], [-2, 7], [-2, 0], [-2, 4], [-2, 1], [-2, 2], [-8, 3], [-17, 0], [-4, -2], [-5, 0], [-2, 1], [-1, 5], [-6, -1], [-18, 4], [1, 6], [-3, 5], [-1, 3], [-4, 2], [0, 3], [-2, 2], [0, 3], [-1, 3], [0, 5], [3, 10], [1, 2], [5, 16], [1, 21], [2, 2], [0, 7], [1, 3], [0, 8], [1, 2], [0, 1], [-1, 2], [-1, 3], [-4, 2], [0, 3], [-4, 1], [-4, 2], [-1, 10], [-6, 0], [1, 1], [0, 4], [-3, 11], [-3, 1], [-1, 2], [-6, -1], [-4, 2], [-12, 0], [-6, -3], [-6, 0], [-4, -4], [-3, -1], [-10, -1], [0, 3], [-17, -3], [-5, -4], [0, -3], [-4, -2], [4, -11], [-3, 1], [-1, 1], [-15, 7], [-12, -1], [-1, -1], [-3, 0], [-4, -3], [4, -6], [1, -5], [7, -7], [0, -3], [6, -1], [2, -3], [4, -1], [2, -3], [1, -5], [15, -1], [0, -3], [8, 0], [-1, -5], [2, -7], [-9, -1], [-4, 2], [-21, 3], [-22, 0], [-1, -1], [-1, 0], [0, 1], [2, 2], [0, 3], [-1, 2], [-3, -2], [-1, 5], [-3, 1], [-1, 2], [-13, -1], [-2, -1], [-9, 0], [-1, 1], [-7, 0], [-1, -1], [0, 4], [-13, -1], [-6, -4], [-2, -3], [-6, -2], [-4, -3], [-10, -10], [-5, -1], [-2, -5], [-8, -1], [0, -4], [-2, -1], [0, -4], [-4, 3], [-17, 5], [-4, 2], [-1, 5], [-25, 1], [0, -11], [-1, -2], [-4, 1], [-3, 3], [-8, 4], [0, 3], [-14, 0], [0, 8], [-11, 4], [-3, 0], [-2, 3], [-3, 1], [1, 12], [4, 0], [-2, 19], [-4, 1], [-2, 2], [-2, 0], [-6, -5], [2, -4], [-3, 0], [-7, -4], [3, -5], [-21, 3], [0, 4], [-4, -2], [5, -11], [-13, 0], [-1, -1], [-1, -3], [-1, -2], [0, -13], [1, -6], [4, -8], [3, -5], [7, -8], [-1, -5], [3, -1], [10, -12], [4, -13], [3, 0], [0, -2], [-3, 0], [0, -1], [3, 0], [1, -8], [3, 0], [0, -4], [3, 0], [5, -9], [-2, 0], [5, -8], [5, 0], [0, 3], [3, -1], [8, 2], [9, -1], [0, -5], [4, 0], [-1, -4], [2, -5], [0, -7], [1, -6], [0, -2], [-7, 5], [1, -3], [5, -5], [1, -4], [2, 0], [0, -3], [1, -3], [5, -6], [4, 0], [4, 3], [0, -12], [-2, -3], [-3, -6], [0, -5], [2, -8], [-4, 1], [0, 3], [-4, 1], [-1, 2], [-11, 0], [-5, -3], [-1, -3], [-4, -7], [-3, 0], [1, -18], [-1, -3], [-2, 0], [0, -11], [1, -2], [-3, 1], [-3, -1], [-1, -7], [0, -1], [2, -3], [9, -2], [0, -3], [6, -3], [2, -3], [6, -5], [1, 0], [3, 3], [0, -4], [1, 1], [0, 3], [3, 1], [2, 3], [12, 6], [0, -3], [-5, -2], [-1, -7], [-2, -3], [-2, 0], [-1, -5], [-3, -5], [0, -1], [4, -7], [-6, -2], [-1, -8], [-3, 0], [-1, -5], [-12, -1], [-2, -1], [-15, -1], [-5, -3], [-20, 3], [-1, 2], [-4, 0], [-4, 1], [-2, 2], [-14, 6], [-8, 2], [-3, 1], [-5, 1], [0, 3], [-8, 2], [0, 3], [-32, 7], [-28, 0], [-3, -2], [-12, -2], [-1, -1], [-15, -2], [-6, -5], [-7, -2], [-5, -4], [0, -2], [3, 0], [0, -3], [-6, -2], [0, -3], [-2, 1], [-3, -3], [-3, 0], [-9, -5], [-12, -2], [-14, 4], [0, 3], [-3, 0], [-1, 5], [-3, 0], [0, 5], [-3, 0], [0, 1], [3, 0], [0, 2], [-3, 0], [-2, 6], [-5, 28], [0, 5], [-3, 7], [-4, 27], [-2, 5], [-4, 2], [0, 3], [-4, 1], [0, 5], [4, -1], [-4, 6], [-1, 2], [-2, 5], [-7, 1], [-1, 5], [-3, 1], [-7, 7], [-7, 4], [-4, 1], [-2, -5], [-2, -1], [-1, 1], [0, 1], [3, 6], [-1, 3], [-4, 5], [-4, 3], [-2, 1], [-3, -1], [-2, -2], [-1, -4], [-2, 0], [-3, 1], [-1, 3], [2, 4], [1, 3], [-2, 2], [-2, 0], [-1, 2], [-2, 2], [-3, 0], [-2, -2], [-2, -3], [-1, -3], [-4, 0], [-2, 1], [-1, 2], [1, 1], [3, 1], [2, 5], [0, 4], [-4, 2], [-5, 3], [-7, 1], [-7, 3], [-10, 2], [-3, 0], [-6, 1], [-7, 1], [-26, 0], [-12, -3], [-4, 0], [-4, -3], [-4, -1], [0, -5], [4, -5], [-4, 0], [-1, 3], [-1, 2], [-1, 3], [-1, 0], [-1, -3], [-3, -5], [3, 1], [2, 2], [2, -8], [-7, -1], [-1, 1], [-2, 5], [-4, -4], [0, -3], [-2, 1], [-6, -5], [-8, -2], [-5, 0], [-6, -1], [-4, 1], [-4, 0], [-4, 4], [-1, 5], [-2, 2], [0, 3], [-6, 1], [1, 2], [0, 3], [-3, 4], [-3, 8], [-4, 0], [-1, 4], [-4, 2], [1, 3], [-4, 2], [-1, 5], [-7, 1], [-1, 7], [-4, 1], [-4, 4], [-4, 3], [0, 3], [-6, 1], [-2, 2], [-1, 4], [-3, 4], [-4, 1], [-2, 2], [-4, 1], [-1, 2], [-3, 1], [0, 3], [-6, 2], [-1, 3], [-2, 3], [-5, 2], [0, 3], [-6, 1], [0, 4], [-4, 1], [-2, 7], [-1, 1], [0, 8], [-2, 2], [-1, 8], [-1, 2], [0, 3], [-2, 3], [0, 7], [-1, 2], [-6, 16], [0, 5], [-1, 1], [-3, 13], [0, 7], [-4, 16], [0, 5], [-3, 5], [0, 3], [-3, 0], [-1, 3], [-1, 2], [-3, 8], [-2, 3], [-2, 5], [-4, 2], [-1, 3], [-4, 6], [-2, 0], [-1, 4], [-7, 8], [0, 1], [-7, 3], [0, 4], [-3, 1], [-5, 5], [0, 3], [-3, 1], [-5, 6], [-2, 8], [-3, 5], [0, 3], [-5, 7], [-4, 8], [-4, 1], [0, 5], [-4, 5], [-2, 1], [-8, 9], [4, 9], [2, 5], [-1, 10], [-4, 18], [-3, 1], [-3, 2], [-1, 7], [-7, 0], [-1, 5], [-5, 1], [-1, 3], [-2, 4], [-5, 1], [-1, 12], [1, 3], [0, 13], [-3, 8], [-6, 10], [-2, 0], [-6, 5], [-2, 4], [-6, 3], [-2, 3], [-4, 2], [-2, 5], [-3, -1], [-12, 6], [-1, 5], [-8, 3], [0, 3], [-4, 1], [-5, 5], [-6, 1], [0, 3], [-5, 2], [-3, 3], [-12, 7], [-1, 1], [-7, 4], [-1, 1], [-4, 2], [-1, 1], [-7, 3], [0, 3], [-5, 2], [-2, 2], [-2, 1], [0, 3], [-4, 1], [-3, 3], [-4, 2], [-4, 4], [-7, 5], [-6, 3], [-1, 3], [-4, 6], [-4, 7], [-5, 6], [-2, 5], [-4, 5], [-4, 6], [-7, 15], [-5, 6], [-2, 5], [-4, 1], [-4, 3], [-4, 1], [0, 3], [-3, -1], [-2, 4], [-4, 2], [-4, 11], [-4, 30], [0, 14], [2, 5], [3, 5], [1, 5], [2, 2], [2, 8], [1, 2], [-1, 8], [-1, 1], [-1, 7], [-3, 0], [0, 5], [-3, 5], [-2, 18], [-1, 1], [-1, 5], [-2, 2], [0, 3], [1, 1], [3, 1], [-1, 4], [-1, 2], [0, 12], [11, -3], [4, 2], [2, 3], [9, 6], [1, 10], [2, 0], [0, 3], [-2, 0], [-1, 5], [10, -1], [4, 2], [3, 7], [0, 22], [-8, 16], [-2, 14], [4, 9], [4, 5], [1, 5], [4, 6], [1, 3], [3, 1], [0, 1], [-2, 8], [-3, 0], [0, 5], [2, 7], [2, 13], [-1, 1], [11, 0], [1, -2], [5, -2], [3, -4], [3, -1], [0, -3], [3, -5], [2, -3], [5, -2], [0, -3], [3, -1], [1, -2], [3, -1], [1, -6], [3, -1], [5, 1], [1, -3], [7, -4], [7, -5], [5, -6], [2, -4], [2, -7], [3, -1], [1, -1], [1, -3], [1, 1], [10, 2], [11, 5], [5, 6], [3, 1], [1, 4], [1, 1], [0, 5], [3, 0], [0, 3], [3, 1], [2, 4], [3, 0], [1, 10], [3, 0], [-1, 2], [0, 3], [-1, 2], [-2, 16], [-4, 13], [0, 10], [-3, 0], [-1, 49], [4, 19], [-1, 8], [3, 4], [3, 8], [1, 2], [1, 9], [-2, 7], [-5, 2], [-1, 2], [-3, 1], [-2, 6], [-3, 3], [-2, 7], [-3, 1], [-2, 3], [-4, 2], [1, 4], [-4, 1], [-2, 7], [-2, 3], [-4, 1], [-1, 5], [-2, 4], [-5, 1], [-2, 8], [-2, 2], [-1, 5], [-1, 1], [-2, 9], [-4, 1], [0, 5], [-6, 1], [-1, 1], [-3, -1], [-1, 12], [-5, 1], [0, 2], [2, 0], [0, 2], [-2, 0], [0, 5], [2, 0], [1, 1], [-1, 33], [-7, 1], [0, 4], [-2, 0], [-1, 6], [-5, -1], [-9, 5], [-6, 4], [0, 3], [-4, 2], [0, 3], [-7, 8], [-1, 7], [-2, 3], [-6, 2], [1, 1], [0, 5], [-1, 3], [1, 8], [4, 4], [-2, 8], [2, 18], [-4, 1], [0, 4], [-2, 1], [0, 4], [-3, 6], [0, 13], [-14, 1], [-6, -6], [-1, -7], [4, -4], [1, -7], [8, -4], [3, -4], [-3, 0], [2, -3], [1, -3], [-3, -1], [0, 5], [-7, 4], [-9, 0], [-8, 4], [-1, 26], [-1, 5], [0, 12], [-3, 9], [-1, 2], [-1, 6], [-4, 2], [-1, 7], [-4, 4], [-2, 35], [-1, 9], [-3, 5], [-4, 21], [-3, 4], [-2, 9], [-2, 0], [0, 4], [-3, 0], [-1, 6], [-4, 2], [-2, 9], [-4, 2], [-1, 8], [-4, 0], [-1, 5], [-7, 8], [-1, 7], [-1, 19], [-7, 2], [0, 5], [-6, 2], [-4, 5], [-6, 5], [-6, 0], [0, 4], [-11, 0], [-4, -3], [-1, 0], [-7, 5], [-4, 0], [-2, 12], [-3, 5], [-4, 4], [-3, 10], [-1, 2], [-3, 19], [1, 2], [-4, 2], [-4, 13], [-3, 0], [-2, 13], [-3, 8], [-2, 3], [-2, 1], [-6, 5], [0, 4], [-12, 0], [-1, -1], [0, -3], [-3, 0], [0, 5], [-4, 1], [-5, 6], [-7, 4], [-1, 5], [-7, 2], [0, 4]], [[13656, 51698], [24, 4], [52, 19], [22, 16], [26, 19], [42, 41], [29, 45], [49, 66], [35, 69], [23, 75], [30, 83], [27, 81], [33, 59], [29, 83], [24, 59], [23, 97], [11, 67], [9, 47], [14, 38], [16, 38], [30, 23], [37, 12], [23, -14], [21, -12], [21, -21], [44, -64], [46, -52], [34, -47], [35, -22], [23, 0], [44, 17], [32, 16], [35, 17], [55, 7], [53, -2], [44, -15], [26, -11], [21, -24], [32, -21], [34, -5], [32, 2], [42, 0], [56, 14], [39, 5], [46, 10], [81, 7], [67, 2], [46, -7], [43, -43], [33, -26], [49, -47], [45, -21], [37, -3], [38, 5], [27, 7], [33, 19], [29, 21], [31, 26], [15, 24], [17, 36], [39, 75], [18, 57], [24, 50], [29, 43], [21, 38], [19, 35], [27, 38], [-6, 52], [-22, 31], [-23, 26], [-43, 24], [-47, 27], [-26, 9], [-29, 8], [-31, 11], [-27, 25], [-2, 24], [16, 28], [29, 29], [32, 10], [56, 22], [47, 17], [40, 40], [45, 24], [50, 40], [43, 0], [85, 3], [71, 25], [69, 7], [98, -11], [74, -3], [66, -18], [53, -11], [53, 0], [26, -3], [24, -43], [24, -28], [32, -29], [42, -49], [35, -7], [29, 17], [29, 32], [21, 54], [16, 67], [3, 85], [-6, 103], [0, 96], [-2, 75], [0, 92], [-16, 64], [-21, 39], [-30, 29], [-37, 21], [-34, -14], [-42, -36], [-40, -46], [-40, -57], [-34, -25], [-40, 18], [-37, 29], [-40, 78], [-21, 60], [-16, 93], [-37, 120], [-13, 29], [-45, 99], [-50, 54], [-53, 46], [-45, 42], [-45, 54], [-35, 71], [-39, 74], [-19, 68], [-21, 82], [-5, 39], [-8, 35], [-14, 61], [-13, 88], [-8, 71], [-8, 86], [8, 89], [0, 74], [-2, 71], [2, 71], [11, 75], [2, 43], [8, 64], [0, 49], [3, 32], [-8, 46], [-16, 32], [-34, 43], [-29, 36], [-35, 42], [-45, 46], [-37, 68], [-53, 64], [-34, 60], [-43, 57], [-23, 36], [-11, 42], [-11, 46], [-5, 57], [-2, 57], [2, 75], [21, 35], [16, 57], [13, 46], [14, 57], [-3, 53], [-13, 64], [-13, 50], [-14, 64], [-29, 117], [-34, 96], [-27, 75], [-26, 64], [-24, 50], [-42, 88], [-16, 75], [-32, 89], [-13, 121], [-21, 106], [-16, 100], [-16, 60], [-3, 43], [6, 82], [21, 92], [13, 60], [34, 54], [29, 32], [35, 24], [53, 29], [42, 32], [58, 57], [69, 71], [48, 39], [42, 42], [45, 50], [45, 57], [37, 50], [19, 53], [0, 50], [-11, 64], [-18, 60], [-35, 71], [-69, 75], [-37, 32], [-47, 35], [-48, 29], [-79, 35], [-61, 64], [-48, 50], [-53, 53], [-71, 7], [-45, 11], [-43, 21], [-71, 36], [-50, 39], [-69, 32], [-61, -4], [-69, 0], [-82, 25], [-56, 15], [-53, 35], [-63, 53], [-58, 57], [-56, 57], [-37, 64], [-56, 89], [-13, 42], [-10, 43], [-11, 68], [3, 60], [2, 64], [27, 50], [5, 74], [16, 75], [3, 89], [-6, 81], [-21, 86], [-16, 99], [-29, 96], [-34, 71], [-24, 68], [-45, 71], [-34, 78], [-48, 78], [-56, 92], [-42, 68], [-45, 71], [-74, 124], [-40, 54], [-61, 78], [-47, 78], [-64, 57], [-53, 50], [-61, 88], [-24, 43], [-39, 36], [-48, 64], [-64, 78], [-47, 85], [-40, 75], [-8, 74], [19, 61], [42, 49], [34, 32], [59, 39], [37, 50], [47, 50], [40, 46], [13, 50], [11, 64], [-5, 67], [-24, 68], [-37, 35], [-72, 11], [-61, 7], [-98, -28], [-60, -32], [-61, -29], [-56, -35], [-111, -43], [-58, 0], [-51, 11], [-58, 32], [-50, 35], [-45, 43], [-32, 64], [-11, 89], [3, 99], [16, 50], [19, 57], [18, 60], [29, 61], [35, 67], [23, 50], [14, 67], [-8, 61], [-27, 67], [-39, 46], [-56, 54], [-58, 60], [-56, 50], [-48, 46], [-47, 60], [-72, 82], [-42, 85], [-40, 64], [-26, 68], [-32, 85], [-3, 135], [0, 25], [-5, 78], [3, 75], [5, 99], [0, 71], [21, 50], [29, 82], [37, 53], [32, 57], [19, 64], [18, 96], [-2, 57], [-24, 106], [-48, 71], [-53, 68], [-66, 50], [-85, 53], [-90, 28], [-58, 36], [-29, 32], [-29, 60], [-27, 64], [-50, 68], [-48, 67], [-55, 39], [-72, 39], [-50, 15], [-53, -11], [-56, -21], [-74, 7], [-53, 25], [-29, 64], [-5, 71], [16, 99], [29, 96], [29, 46], [19, 71], [21, 89], [5, 100], [-5, 42], [-11, 121], [13, 68], [19, 53], [19, 57], [10, 74], [11, 82], [-14, 89], [-15, 85], [-35, 78], [-37, 61], [-66, 53], [-79, 11], [-80, -29], [-56, -35], [-45, -32], [-60, -25], [-53, -21], [-59, 0], [-74, 31], [-58, 32], [-74, 64], [-48, 64], [-47, 68], [-48, 46], [-29, 68], [-11, 42], [-5, 54], [-5, 88], [-3, 82], [-11, 68], [-13, 81], [-10, 89], [-11, 107], [-5, 103], [21, 117], [16, 96], [24, 92], [34, 86], [40, 60], [71, 64], [43, 50], [53, 32], [68, 53], [74, 46], [72, 46], [53, 43], [24, 53], [18, 54], [43, 32], [29, 10], [34, 7], [53, 22], [64, 35], [58, 57], [58, 82], [37, 60], [35, 68], [31, 53], [22, 39], [52, 60], [67, 22], [58, -22], [50, -35], [35, -39], [39, -29], [37, -28], [61, -29], [64, -10], [58, -14], [172, -9], [40, -9], [59, 0], [63, 7], [71, -7], [58, 4], [64, 10], [51, 2], [60, 21], [70, 31], [55, 29], [55, 21], [65, 2], [37, -9], [27, -10], [35, -37], [23, -29], [28, -45], [7, -69], [9, -61], [3, -55], [11, -52], [9, -31], [26, -40], [30, -14], [71, 17], [63, 21], [62, 26], [64, -2], [49, 7], [44, 0], [48, -3], [42, 12], [46, 5], [46, 33], [35, 36], [16, 23], [28, 50], [36, 59], [46, 43], [35, 21], [39, 0], [39, -5], [53, 5], [45, 5], [57, 16], [49, 36], [41, 24], [95, 94], [43, 64], [35, 62], [51, 66], [57, 67], [40, 45], [51, 49], [30, 34], [62, 45], [39, 35], [69, 24], [65, -14], [53, -29], [56, -43], [78, -82], [83, -83], [57, -55], [58, -76], [53, -94], [19, -60], [48, -75], [47, -34], [37, -28], [39, -17], [41, 10], [35, 7], [39, 28], [23, 24], [48, 29], [58, 11], [56, -14], [48, -19], [32, -19], [46, -35], [54, -45], [39, -43], [32, -40], [19, -50], [16, -80], [9, -64], [4, -55], [-4, -50], [4, -71], [-7, -73], [-18, -45], [-27, -43], [-31, -47], [-41, -40], [-48, -38], [-23, -43], [-15, -69], [3, -61], [2, -76], [14, -57], [11, -92], [19, -116], [23, -78], [12, -81], [11, -71], [3, -85], [20, -78], [46, -50], [61, -29], [39, -28], [37, -36], [27, -45], [53, -42], [49, -55], [13, -45], [1, -106], [4, -50], [-2, -76], [5, -104], [13, -111], [16, -81], [21, -76], [21, -49], [23, -69], [33, -45], [37, -59], [36, -29], [37, -28], [53, -50], [40, -52], [41, -78], [16, -48], [10, -71], [16, -71], [18, -85], [25, -95], [39, -90], [38, -54], [20, -43], [54, -66], [41, -31], [44, -14], [67, -10], [88, -2], [71, 2], [79, 7], [69, 0], [48, -2], [41, -9], [65, -15], [62, -19], [63, -21], [60, -16], [60, -19], [46, -22], [58, -23], [55, -36], [83, -35], [67, -10], [48, -2], [68, 12], [108, 23], [87, 26], [102, 36], [58, 12], [46, 26], [57, 26], [51, 9], [100, 31], [39, 12], [29, 8], [7, 2], [64, 29], [13, 4], [11, 3], [16, 4], [31, 11], [67, 19], [126, 31], [51, 14], [55, 5], [68, 3], [80, 2], [63, -7], [57, 0], [51, -12], [44, -24], [37, -12], [36, -26], [42, -26], [46, -12], [83, 0], [86, -4], [92, 0], [83, -3], [76, 12], [159, -7], [111, 12], [67, 21], [49, 17], [50, 21], [54, -2], [97, 0], [76, 7], [101, 0], [67, -12], [37, -12], [74, -21], [104, -29], [55, 0], [85, -7], [77, -14], [82, -14], [97, -26], [109, -12], [154, -24], [54, -14], [34, -7], [40, -9], [94, -15], [30, -2], [44, -12], [25, -5], [30, -4], [53, 0], [44, -7], [65, 0], [73, -5], [74, 0], [56, -3], [48, 0], [56, 3], [67, 14], [41, 14], [78, 61], [33, 28], [33, 24], [57, 37], [29, 38], [27, 30], [39, 46], [30, 13], [24, 7], [11, 5], [53, -10], [18, 8], [48, 9], [27, 6], [29, 13], [50, 20]], [[14839, 49967], [4, 2], [10, 1], [6, -8], [0, -3], [-3, -3], [-1, -5], [-2, -3], [-3, 1], [0, -3], [-3, 0], [-1, 8], [-3, 0], [0, 5], [-2, 0], [0, 3], [-2, 0], [0, 5]], [[14964, 49901], [3, 1], [1, 2], [7, -1], [0, -3], [-11, 0], [0, 1]], [[16286, 49607], [1, 2], [1, 5], [9, 5], [1, -4], [6, -8], [-11, -1], [-1, 1], [0, -1], [-4, -1], [1, -4], [-2, 0], [-1, 6]], [[17386, 48245], [1, 3], [5, 0], [1, 2], [9, 2], [3, 1], [4, 0], [8, 2], [6, 2], [2, 0], [3, -3], [-2, -1], [-1, -2], [-2, -5], [-3, -5], [1, -21], [1, -5], [-10, 4], [-4, 2], [-5, 5], [-6, 8], [-4, 3], [-2, 3], [-5, 5]], [[17427, 48240], [1, 1], [1, 2], [2, 3], [3, 3], [2, 3], [1, 4], [2, 5], [1, 10], [1, 2], [2, 0], [1, 2], [2, 3], [1, 2], [0, 3], [-1, 4], [3, 3], [6, -12], [1, -3], [2, -20], [-3, -4], [1, -6], [3, -4], [0, -3], [-1, -6], [-1, -1], [-2, -1], [-1, -2], [-3, -2], [-3, -4], [-3, -5], [-1, -2], [-3, -2], [-3, -1], [-1, 1], [-2, 0], [-6, 6], [-1, 2], [1, 5], [-1, 2], [0, 5], [-1, 2], [0, 5]], [[18965, 45977], [1, 3], [1, 10], [3, 10], [-1, 8], [4, 0], [-1, 5], [2, -1], [6, -6], [1, -3], [2, 0], [1, 5], [5, -1], [1, -1], [0, -3], [4, -1], [3, -4], [1, -3], [7, -8], [1, -5], [9, -8], [6, -5], [-2, -7], [-10, 1], [-3, -3], [-5, 0], [-1, -1], [-4, -13], [-1, -2], [-1, -5], [-4, -2], [-1, 0], [-7, 7], [0, 5], [-2, 2], [0, 3], [-4, 1], [-1, 4], [-3, 5], [-3, 0], [0, 3], [-2, 0], [-2, 10]], [[19272, 45501], [8, -1], [2, -4], [-3, 0], [2, -2], [2, -1], [0, -1], [-3, 0], [0, 1], [-4, 1], [-2, 2], [0, 4], [-2, 0], [0, 1]], [[19380, 45337], [1, 1], [12, 1], [0, -2], [-1, 0], [0, -2], [-2, -1], [-6, 0], [-4, 1], [0, 2]], [[19654, 44639], [4, 2], [0, -2], [-1, 0], [0, -5], [1, 0], [0, -3], [-3, 0], [-1, 8]], [[19673, 44452], [0, 2], [2, 3], [6, 0], [7, -9], [6, -2], [5, -6], [3, -7], [3, -8], [-1, -7], [5, -14], [2, -7], [-1, -6], [-1, -3], [-1, -1], [0, -5], [3, -11], [0, -7], [-2, -4], [0, -1], [-2, 0], [-2, 2], [-7, 6], [-3, 0], [-5, -4], [-1, -3], [-2, 1], [-1, 1], [-4, 6], [-3, 18], [0, 6], [-3, 11], [3, 43], [-2, 2], [-2, 3], [-2, 1]], [[19702, 44646], [146, 4], [105, 14], [110, 0], [228, 25], [114, 19], [107, 42], [105, 36], [101, 42], [110, 37], [113, -58], [101, -139], [52, -138], [138, -304], [332, -314], [115, -144], [82, -127], [166, -278], [105, -145], [105, -116], [125, -105], [107, -52], [105, 13], [129, 28], [101, 30], [229, 88], [210, 42], [100, -3], [117, -60], [38, -130], [10, -129], [1, -22], [5, -107], [-10, -133], [15, -136], [96, -99], [202, 66], [105, 47], [101, 30], [110, 53], [332, 123], [130, 58], [119, 46], [112, 53], [114, 35], [106, 42], [335, 58], [208, 13], [109, -18], [100, -111], [47, -125], [29, -125], [14, -135], [4, -147], [-9, -146], [-43, -273], [-38, -137], [-47, -132], [-39, -122], [-45, -119], [-62, -138], [-89, -259], [8, -146], [81, -126], [211, -43], [228, -93], [56, -34], [51, -31], [95, -81], [111, -116], [80, -129], [38, -125], [23, -136], [0, -133], [-30, -286], [-33, -126], [-22, -122], [-29, -127], [4, -135], [85, -134], [108, -41], [108, -30], [206, -35], [112, -5], [118, 16], [111, 46], [106, 70], [102, 76], [113, 118], [109, 127], [100, 135], [90, 141], [113, 121], [110, 59], [108, -53], [106, -35], [102, -43], [196, -70], [104, -28], [95, -60], [121, -53], [98, -35], [113, -25], [109, 28], [101, 146], [118, 250], [191, 376], [52, 125], [151, 241], [449, 435], [128, 132], [480, 414], [223, 232], [225, 259], [85, 118], [110, 134], [106, 144], [86, 136], [90, 116], [110, 116], [124, 109], [102, 76], [223, 113], [222, 79], [218, 90], [114, 111], [77, 128], [0, 129], [-55, 139], [-101, 83], [-110, 72], [-99, 47], [-212, 131], [-211, 167], [-104, 113], [-42, 130], [15, 123], [77, 118], [100, 116], [212, 178], [103, 76], [108, 69], [122, 91], [231, 153], [117, 69], [230, 120], [248, 105], [224, 131], [216, 155], [115, 97], [82, 135], [63, 123], [40, 122], [34, 127], [21, 126], [6, 147], [2, 146], [-12, 130], [-19, 123], [-31, 143], [-56, 139], [-65, 145], [-8, 125], [20, 139], [68, 128], [105, 81], [117, 57], [106, 28], [116, 9], [114, -15], [103, -19], [113, -42], [217, -51], [145, -18]], [[35385, 47985], [-15, -81], [-16, -127], [-7, -141], [-17, -144], [-5, -123], [1, -264], [12, -134], [37, -132], [94, -118], [103, -72], [97, -60], [96, -72], [101, -101], [78, -135], [45, -150], [45, -273], [38, -276], [27, -125], [41, -140], [170, -398], [42, -126], [36, -138], [19, -276], [19, -125], [33, -289], [53, -268], [141, -415], [59, -150], [90, -289], [54, -139], [88, -259], [140, -391], [56, -139], [78, -133], [99, -108], [212, -128], [101, -43], [213, -33], [326, 14], [116, 14], [218, 2], [66, -6], [146, -12], [182, -23], [335, -42], [26, 0], [88, -2], [217, -19], [98, -19], [117, -39], [102, -37], [107, -49], [99, -74], [95, -101], [57, -146], [4, -123], [-120, -377], [-6, -61], [-6, -73], [17, -135], [-5, -258], [-33, -255], [-7, -128], [12, -129], [59, -129], [102, -137], [395, -202], [113, -16], [109, 19], [116, 39], [46, 18], [177, 68], [111, 49], [116, 37], [99, 22], [99, -9], [103, -21], [242, -80], [326, -58], [115, -74], [49, -126], [-7, -141], [-79, -391], [-17, -134], [-23, -132], [-13, -146], [0, -252], [12, -141], [36, -283], [21, -138], [72, -720], [25, -143], [10, -130], [21, -130], [51, -426], [-2, -134], [-13, -146], [-31, -127], [-49, -129], [-54, -119], [-72, -117], [-87, -114], [-67, -118], [-41, -120], [3, -134], [21, -278], [21, -141], [7, -123], [11, -125], [7, -136], [5, -257], [-34, -273], [-67, -274], [-21, -122], [-67, -274], [-47, -254], [-7, -122], [2, -140], [21, -125], [59, -129], [85, -136], [92, -130], [176, -278], [139, -271], [161, -282], [138, -289], [197, -396], [61, -153], [76, -136], [123, -245]], [[33492, 10876], [-5, 4], [-1, 5], [5, 2], [0, 3], [-6, 0], [-2, 10], [-3, 0], [-1, 6], [-1, 4], [-4, 5], [0, 3], [2, 1], [1, 1], [1, 8], [6, 4], [0, 4], [-6, 1], [1, 4], [4, 2], [1, 1], [2, 11], [-3, 0], [0, 4], [-2, 0], [-4, 5], [-2, 21], [-1, 1], [0, 4], [-2, 8], [-1, 8], [3, 1], [0, 10], [2, 4], [0, 8], [-4, 6], [-2, 5], [0, 38], [1, 2], [-3, 0], [3, 14], [0, 3], [-2, 5], [0, 7], [-2, 10], [-2, 1], [0, 4], [-2, 0], [0, -4], [-2, 0], [0, -3], [-4, 1], [-1, -2], [-9, 0], [-2, -5], [-1, 0], [2, 13], [2, 3], [1, 28], [2, 2], [27, -2], [0, 1], [1, 3], [-20, 2], [0, 4], [-3, 0], [-2, 11], [-2, 3], [-6, 20], [0, 11], [1, 1], [2, 1], [1, 5], [1, 2], [0, 1], [-2, 7], [-2, 0], [-1, 3], [1, 8], [-3, -1], [-1, -7], [-4, 0], [1, 3], [-1, 2], [-1, 3], [-5, 3], [-1, 2], [-3, 0], [-1, 9], [-6, 1], [-2, 9], [-2, 0], [-1, 3], [-1, 1], [-1, 4], [-2, 0], [-1, 11], [4, 0], [2, 12], [0, 8], [2, 2], [2, 1], [0, 5], [3, 1], [1, 9], [-4, -3], [-9, 3], [0, -4], [-5, 1], [-3, 4], [-11, 2], [0, 4], [-3, 5], [-4, 6], [-5, -1], [-1, -1], [-7, 1], [2, 8], [-4, 0], [0, -10], [-5, -1], [-2, -1], [-7, -2], [-2, -5], [-4, 2], [-5, 3], [2, 3], [-4, -1], [-4, -2], [-1, 8], [-1, -1], [-3, 0], [-5, 5], [-24, 5], [1, 3], [0, 1], [4, 1], [1, 3], [2, 2], [2, 1], [0, 5], [3, 1], [2, 2], [0, 8], [7, -2], [0, -3], [7, -5], [0, -5], [16, 1], [7, -4], [10, 0], [5, 2], [5, 5], [1, 4], [2, -1], [1, 1], [0, 3], [3, 1], [1, 0], [-1, 5], [-6, 2], [0, 5], [2, 0], [0, 2], [-9, 5], [-2, 13], [-2, 1], [-3, 2], [0, 3], [-6, 3], [-3, 3], [-9, 0], [-2, 9], [-4, 2], [2, 13], [3, 0], [1, 3], [2, 4], [-3, 0], [-1, 2], [-2, 1], [-1, 3], [-2, 3], [-5, 19], [-2, -1], [-5, 4], [0, 8], [4, 11], [-3, 0], [0, 4], [-7, 1], [0, 4], [-2, 0], [0, -10], [-5, -2], [0, 7], [-2, 2], [-2, 9], [-5, 12], [0, 5], [3, 3], [0, 2], [-2, 3], [-3, -1], [-1, -1], [-4, -1], [-1, -5], [-7, -3], [-1, -8], [-1, 0], [-2, 5], [-6, 3], [0, 7], [-4, 9], [-8, 4], [0, 5], [-7, 1], [0, 4], [-3, 3], [0, 12], [-4, 6], [-3, 0], [0, 3], [-3, 2], [-1, 4], [-6, 4], [-4, -2], [-1, -2], [-5, -6], [-4, -2], [-2, -5], [-1, -8], [-1, -5], [-3, -4], [-2, -3], [-3, -3], [-6, -1], [-5, 2], [-2, 2], [-1, 7], [0, 14], [-3, 5], [0, 4], [1, 8], [2, 7], [-1, 7], [1, 8], [0, 1], [8, 5], [6, 6], [2, 1], [3, -3], [4, -3], [2, -1], [5, 3], [2, 4], [3, 7], [4, 13], [3, 8], [1, 8], [-1, 3], [6, 18], [1, 8], [-6, 3], [-13, 13], [-6, 5], [-7, 8], [-2, 9], [2, 8], [1, 7], [-2, 10], [1, 5], [1, -1], [5, 1], [-3, 6], [-1, 8], [-8, 2], [-1, 4], [-1, 1], [-1, 5], [8, -2], [0, 2], [-3, 1], [-1, 1], [-4, 2], [-13, 0], [-6, 4], [-6, 1], [0, 3], [-9, 3], [0, 4], [-4, 1], [-4, 2], [4, 5], [0, 2], [-3, 3], [-1, 5], [1, 11], [2, 0], [-2, 8], [0, 5], [-1, 3], [-6, 9], [-2, 24], [-4, 0], [-2, 1], [-5, 1], [0, -5], [-7, -1], [-1, 0], [1, -8], [1, -4], [1, -11], [1, -1], [4, -1], [-2, -8], [-4, 2], [-1, 5], [-1, -1], [-4, 0], [-1, 1], [0, 3], [-3, 0], [0, 3], [-2, 0], [-2, -5], [-5, 1], [-2, 3], [0, 8], [-3, 1], [-3, 4], [0, 3], [-9, 0], [0, 4], [2, 0], [-1, 3], [-2, -1], [-2, 2], [-1, 0], [-3, -5], [0, -6], [-3, 1], [-3, -2], [-1, -4], [-1, -1], [0, -5], [4, -16], [-1, -29], [-3, -9], [-5, -24], [2, -14], [3, -3], [2, -4], [0, -4], [-2, -6], [-4, -6], [-5, 1], [-7, -1], [-4, -2], [-4, -3], [1, -3], [11, 3], [9, -1], [1, 5], [3, -3], [0, 5], [1, 0], [1, -5], [1, -2], [2, 7], [2, 0], [3, 11], [2, 0], [1, 6], [2, 2], [1, -2], [-2, -6], [-3, -7], [-2, -8], [1, 1], [2, 5], [2, 2], [0, -4], [-6, -10], [-4, -3], [-3, -4], [-5, -5], [-2, -1], [-3, 3], [-2, -2], [-4, 0], [-6, -3], [1, -3], [3, 2], [4, 2], [2, -1], [1, 1], [3, 0], [2, -1], [7, 2], [1, 6], [1, -5], [-1, -3], [-3, -4], [-1, -1], [-1, -4], [-3, -4], [-3, -1], [-5, 2], [-5, 4], [-3, 3], [-3, 6], [-3, 4], [-3, 2], [-2, 5], [-3, 2], [-3, 4], [-4, 5], [-5, 8], [-4, 15], [-1, 9], [-1, 5], [-2, 5], [0, 19], [1, 10], [2, 17], [1, 5], [5, 9], [3, 5], [3, 2], [6, 1], [4, 4], [4, 2], [3, 2], [4, 3], [7, 0], [3, 1], [6, 9], [0, 4], [1, 2], [1, 10], [4, 13], [1, 7], [3, 6], [3, 11], [2, 1], [2, 0], [-1, -1], [0, -3], [5, 2], [-2, 2], [3, 2], [1, 0], [3, 2], [3, 4], [2, 5], [0, 6], [4, 6], [7, 9], [2, 1], [4, 0], [3, -1], [3, -2], [3, -3], [3, -1], [4, 2], [3, 3], [0, 9], [1, 7], [3, 26], [-1, 2], [0, 5], [-2, 8], [-4, -2], [1, 3], [2, 4], [-7, -2], [1, 3], [0, 17], [-3, 0], [0, 5], [-1, 0], [0, -25], [1, -5], [2, -1], [0, -2], [-4, -6], [-6, 1], [0, 5], [-2, 0], [-1, -3], [-3, 0], [0, 16], [-1, 0], [-1, -8], [-3, -10], [-3, 1], [2, -7], [3, -3], [0, -4], [1, -5], [-4, 1], [-3, 1], [-3, 5], [-5, 3], [-3, 2], [0, 3], [-3, 2], [-3, -1], [-2, -1], [-2, -4], [4, -7], [5, 0], [1, -11], [3, -2], [2, 1], [3, 2], [2, 2], [2, 4], [2, -1], [-3, -3], [-1, -3], [-4, -5], [-3, -5], [-10, -1], [-3, 0], [-3, 2], [-7, 0], [-4, 3], [-4, 1], [0, 3], [-3, 4], [-2, 5], [-2, 3], [3, 3], [3, 12], [5, 0], [4, 4], [11, 13], [1, 5], [2, -1], [5, 4], [1, 7], [5, 1], [0, 4], [7, 8], [2, 11], [-5, 0], [4, 13], [-3, -1], [-4, -3], [-6, 1], [1, 2], [3, 2], [1, 2], [-9, 1], [-9, 2], [-1, 2], [-5, -1], [0, -3], [-5, 0], [1, -8], [-4, 0], [0, -3], [-2, -2], [0, -3], [2, 0], [0, -2], [-8, -1], [-1, -1], [-2, -1], [0, 3], [2, 2], [0, 18], [-3, 11], [-8, 0], [0, 4], [-6, 0], [0, -4], [-3, 1], [2, 4], [-6, 0], [-3, -4], [-4, 1], [-2, 0], [1, 4], [-8, 0], [0, 3], [-3, 0], [0, 12], [1, 0], [2, 4], [1, 0], [3, -4], [6, -1], [0, -3], [5, 6], [3, 0], [1, 9], [-4, 1], [1, 5], [-3, 0], [-1, 8], [-8, -1], [0, 15], [-2, -2], [0, -7], [-3, 0], [-1, -2], [-4, -1], [-1, -5], [-3, 0], [0, -4], [-2, 0], [-3, -12], [-7, 1], [-2, -1], [-4, 0], [-2, -4], [-9, 1], [-5, -4], [-2, 0], [-1, 2], [-3, 0], [-5, -2], [1, -5], [2, -3], [4, -1], [1, -2], [6, 1], [0, -3], [-13, -1], [-2, 1], [0, 3], [-6, 3], [-3, 2], [-1, 3], [-7, 10], [-1, 7], [-3, 5], [-2, 5], [-1, 36], [-5, 19], [-1, 2], [0, 5], [2, 5], [0, 6], [3, 7], [1, 5], [2, 0], [0, 3], [3, 0], [1, 5], [2, 4], [2, 0], [-1, -9], [1, -1], [14, 0], [0, 5], [4, 0], [0, 4], [2, 0], [2, 2], [2, 1], [0, 3], [7, 0], [-2, 5], [3, 0], [0, 9], [-6, 3], [-1, 2], [-12, -3], [0, -4], [-3, 1], [1, 3], [3, 4], [0, 8], [3, 2], [4, 8], [-4, 0], [1, 11], [-2, 0], [0, 5], [4, 0], [0, 1], [-12, 6], [0, 6], [-7, -2], [-10, 2], [0, 4], [-3, 1], [-5, 5], [0, 7], [-3, 3], [-2, 5], [0, 3], [-3, 5], [-1, 5], [0, 13], [-2, 13], [-4, 5], [-5, 1], [-3, 3], [0, 3], [-3, 0], [0, 3], [-9, 3], [-1, 2], [-1, 0], [-3, -2], [-4, 1], [0, 3], [-2, 1], [-4, 3], [-2, 3], [-1, 3], [-2, 3], [-2, 0], [0, 4], [-2, 5], [-4, 11], [-1, 2], [-8, 26], [0, 15], [-3, 0], [0, 1], [3, 1], [1, 1], [-2, 8], [-1, 2], [-1, 3], [0, 10], [-5, 6], [-1, 9], [-4, 5], [-1, 3], [0, 8], [-3, 3], [-1, 7], [-2, 3], [-1, 26], [-2, 0], [0, 2], [2, 0], [0, 2], [-2, 0], [0, 5], [2, 0], [1, 1], [-1, 7], [-2, 0], [0, 6], [2, 0], [1, 3], [1, 2], [0, 3], [-1, 7], [-3, 0], [0, 5], [-8, 24], [-4, 7], [0, 7], [-1, 1], [-3, 13], [3, -1], [0, 4], [-2, 28], [-2, 5], [-4, 20], [-6, 8], [-2, 0], [0, 3], [-1, 4], [-4, 5], [-2, 18], [-5, 13], [-1, 10], [-1, 3], [-1, 46], [-1, 3], [2, 16], [7, 2], [1, 3], [3, 4], [5, 3], [4, 4], [2, 4], [1, 0], [2, -2], [3, 0], [1, 2], [2, 0], [3, -5], [3, -2], [6, 0], [5, 3], [4, 4], [3, 12], [6, 1], [0, 13], [-3, 5], [-3, 0], [-2, 12], [-4, 2], [0, 1], [2, 0], [-1, 7], [-6, 1], [-3, 2], [5, 7], [1, 3], [2, 1], [5, 12], [0, 6], [-4, 5], [-1, 3], [-2, 1], [0, 3], [2, 0], [0, 5], [-2, 0], [0, 1], [3, 0], [0, 8], [-3, 1], [-2, 3], [-1, 11], [-4, 8], [-3, 5], [-7, 4], [0, 3], [-2, 5], [-2, 1], [-5, 6], [-7, 4], [-3, 0], [-2, -2], [-2, -1], [0, -21], [-2, -5], [-4, -14], [0, -3], [-6, 1], [-3, 8], [3, 0], [1, 4], [1, 1], [-1, 30], [3, 16], [0, 18], [-1, 6], [2, 4], [0, 3], [-4, 11], [4, 11], [1, 8], [-5, 11], [-3, 8], [-2, 7], [-3, 3], [-2, 8], [-3, 3], [-3, 10], [-4, 2], [-2, 6], [-3, 5], [-3, 2], [0, 2], [7, -3], [3, -5], [6, -3], [1, 0], [8, 4], [0, 7], [-3, -1], [-2, 0], [-2, 13], [-3, 7], [-5, 3], [-8, 2], [-1, 7], [-5, -1], [-3, -2], [-5, 0], [0, 8], [3, 2], [4, 1], [0, 2], [-10, 0], [0, 3], [-5, 2], [0, 6], [2, 1], [4, 3], [3, 6], [2, 11], [4, 13], [0, 1], [3, 1], [1, 3], [1, 2], [1, 3], [2, 0], [0, 3], [3, 0], [0, 3], [1, 23], [4, 0], [0, 3], [-2, 1], [2, 4], [3, 0], [3, 15], [0, 3], [-2, 4], [0, 6], [-21, 3], [-3, -3], [-4, 0], [-1, -1], [0, -3], [-4, 0], [0, 8], [-3, 3], [-1, 13], [1, 2], [-3, 0], [1, 3], [-5, 3], [-2, 3], [-4, 3], [-4, 0], [-4, -3], [-2, 0], [-2, -1], [-3, -2], [-21, -1], [-1, 1], [-3, 0], [-3, -4], [-1, -6], [3, -1], [1, -2], [-4, 0], [-2, 4], [-3, 0], [-5, -3], [0, -6], [1, -2], [2, 8], [4, 0], [1, -3], [0, -10], [2, -6], [3, -1], [2, -6], [2, -3], [2, -4], [3, 0], [-1, -9], [-2, -5], [-8, -1], [-5, -5], [2, -5], [0, -2], [-3, -11], [-8, 0], [1, 1], [0, 13], [-3, 9], [-1, 8], [-2, 3], [-2, 7], [-3, 6], [0, 28], [3, 16], [3, 4], [2, 1], [1, 3], [1, 2], [1, 3], [3, 0], [0, 3], [2, 1], [3, 7], [1, 4], [4, 0], [2, 8], [2, 2], [4, 3], [3, 3], [1, 5], [5, 1], [1, 8], [8, 0], [-2, 3], [0, 4], [-1, 1], [0, 5], [-9, 2], [0, 3], [-3, 0], [-7, 5], [-2, 2], [-1, 3], [-1, 2], [-1, 3], [-2, 0], [4, 20], [2, 1], [0, 4], [3, 0], [1, 5], [-4, 8], [0, 5], [-1, 1], [3, 0], [-4, 7], [3, 0], [-2, 6], [1, 8], [-4, 1], [2, 3], [0, 1], [-2, 2], [-1, 5], [-2, 3], [-5, 0], [1, 4], [-1, 1], [-2, 5], [-1, 2], [-1, 5], [-4, 6], [0, 4], [-2, 5], [-4, 5], [-1, 3], [-5, 6], [-2, 1], [-1, 2], [-3, 1], [-1, 3], [-2, 3], [-5, 2], [0, 3], [-6, 4], [0, 3], [-4, 0], [0, 3], [-3, 1], [-7, 5], [-6, 4], [-1, 1], [-9, 5], [-1, 2], [-7, 3], [-2, 4], [-8, 2], [0, 3], [-18, 8], [-1, 2], [-9, 2], [0, 4], [-7, 2], [-3, 3], [-8, 5], [0, 3], [-8, 3], [0, 4], [-8, 2], [-3, 3], [-3, 4], [-3, 1], [0, 3], [-7, 8], [0, 3], [-3, 1], [1, 1], [-1, 5], [-2, 1], [-4, 4], [0, 5], [-3, 1], [-2, 3], [-5, 3], [-1, 5], [-2, 3], [-2, 1], [-13, 15], [0, 5], [-7, 9], [-1, 3], [-7, 10], [-2, 5], [-6, 8], [-2, 8], [-5, 7], [0, 3], [-3, 5], [-2, 3], [-2, 7], [0, 15], [-2, 18], [-1, 3], [0, 5], [-3, 10], [1, 4], [-3, 9], [-3, 19], [-4, 2], [0, 6], [-3, 9], [-1, 1], [0, 4], [-5, 6], [-1, 7], [-3, 5], [-3, 1], [-5, 6], [-6, 3], [0, 3], [-9, 2], [-1, 6], [-3, -2], [-5, -1], [0, 3], [-9, 0], [-32, 2], [-4, -2], [-9, -1], [-15, 0], [-6, 4], [-5, 4], [0, 3], [6, -3], [1, -1], [3, 0], [2, 2], [0, 4], [-6, 2], [-5, 4], [1, 3], [-1, 15], [-5, 2], [0, -4], [-4, -1], [0, 6], [-2, 4], [-1, 0], [0, -8], [-2, -7], [-6, -1], [-1, 1], [0, 5], [-3, 0], [1, 3], [2, 4], [-3, -1], [-2, -3], [-3, -11], [-4, 2], [1, -7], [-2, -3], [-5, 1], [-2, -1], [-1, 8], [-4, 0], [-1, -2], [-5, -2], [0, -5], [1, -1], [3, -1], [0, -3], [2, 0], [0, 3], [15, 1], [6, 2], [-2, -7], [-9, 0], [-4, -3], [-20, -2], [-84, 0], [-19, 1], [0, 3], [19, 1], [5, 0], [3, 1], [-8, 1], [0, 4], [-15, 1], [0, 7], [4, 0], [-2, 2], [-6, 0], [-5, -4], [-5, -1], [0, -3], [-3, 1], [1, 5], [1, 3], [4, 2], [1, 7], [-1, -1], [-1, -4], [-5, -4], [-4, -4], [2, -5], [-5, 1], [-3, -1], [1, 5], [-4, -1], [-5, -6], [-1, -6], [-5, 2], [-1, 5], [-3, 6], [0, 7], [3, 1], [2, 12], [-2, 6], [-3, 0], [2, -5], [0, -11], [-9, -5], [0, -6], [4, -9], [3, -2], [5, -3], [11, 1], [6, -1], [0, -2], [-8, 1], [-9, 0], [-8, 2], [-3, 1], [-1, 2], [-1, 5], [-3, 1], [-1, 4], [-1, 1], [-2, 7], [2, 0], [1, 1], [-3, 0], [1, 5], [-1, 2], [-3, 1], [-5, 6], [0, 3], [-3, 0], [0, 3], [2, 1], [1, 1], [1, 3], [-4, -2], [-10, 0], [-13, 3], [-1, 4], [-7, 0], [-5, 5], [-9, 2], [1, 4], [7, 4], [4, 6], [5, 2], [5, 8], [-2, 0], [-4, -5], [-3, 0], [-1, -2], [-4, -1], [1, 4], [2, 3], [2, 2], [5, 3], [3, 3], [-3, -1], [-6, -3], [-3, -3], [-12, 1], [-2, 8], [-3, 3], [-1, 7], [1, 1], [-3, 1], [-1, -9], [-9, -1], [-1, 6], [2, 2], [1, 7], [-1, 1], [-1, -1], [-8, 1], [-1, 5], [3, 0], [0, 3], [-7, -3], [0, -3], [-5, 2], [-1, -7], [-3, 3], [-2, 1], [1, -7], [-1, 0], [-1, 3], [-2, 4], [-2, 5], [-1, 1], [0, 4], [-3, 0], [-1, 2], [-3, 1], [-1, 5], [-4, 1], [-1, 7], [3, 0], [0, -3], [1, -1], [2, -1], [0, 3], [3, 4], [2, 2], [4, 5], [12, -1], [0, 1], [-9, 2], [0, 3], [-4, -2], [-5, -6], [-10, -3], [0, 7], [-4, 1], [-5, 6], [-1, 3], [-2, 3], [-6, 1], [-5, 5], [-3, 1], [0, 3], [-2, 3], [-4, 1], [-4, 3], [0, 3], [-2, 0], [0, 2], [5, 0], [-1, 5], [-4, 1], [2, 7], [-3, 11], [-6, 12], [0, 1], [2, 2], [0, 2], [-2, 3], [2, 0], [-1, 3], [-3, 0], [0, 3], [-3, 2], [-1, 3], [-4, 5], [0, 2], [1, 1], [2, 1], [-1, 8], [5, -1], [3, 1], [-2, 5], [0, 3], [-4, 6], [-2, 9], [1, 3], [-4, 2], [-1, 4], [-2, 5], [0, 5], [-2, 4], [1, 11], [5, -2], [0, -3], [2, 0], [-1, 10], [2, 4], [5, 1], [12, -1], [0, 2], [-6, 3], [-7, 5], [-1, 4], [-2, 3], [25, -2], [0, 2], [-17, 5], [0, 3], [-8, 1], [-3, 3], [-3, 0], [-4, 4], [0, 4], [-3, -1], [-3, 2], [0, 3], [-1, 2], [-3, -1], [0, -4], [-2, -3], [-9, 0], [-3, -2], [-1, 0], [-1, 2], [-4, 1], [-4, 2], [-3, 3], [-3, 2], [-3, 3], [0, 13], [2, -2], [1, -3], [5, -2], [0, -3], [5, -2], [-5, 7], [3, 24], [2, 4], [3, 1], [0, 3], [2, -2], [2, 17], [4, 0], [0, 5], [-2, 3], [-1, 5], [0, 6], [-2, 4], [0, 8], [-5, 1], [-2, 7], [0, 15], [3, 0], [0, 5], [-2, 0], [-2, 6], [1, 8], [-6, 2], [1, 5], [-3, 1], [-4, 4], [0, 8], [-2, 2], [-2, 8], [-1, 2], [-3, 8], [0, 3], [-5, 16], [-1, 2], [-1, 8], [-4, 8], [0, 4], [-4, 5], [-2, 5], [-1, 5], [-5, 6], [-2, 0], [-2, 7], [-4, 5], [-4, 6], [-2, 5], [-1, 5], [-2, 0], [0, 3], [-3, 0], [-1, 5], [-3, 7], [-3, 2], [-1, 3], [-2, 3], [-3, 0], [1, 5], [-6, 2], [0, 3], [-2, 3], [-3, 0], [-1, 5], [-2, 0], [-1, 4], [-3, 5], [-3, 0], [0, 3], [-6, 8], [-2, 1], [-4, 5], [-4, 3], [-3, 1], [0, 3], [-2, 0], [-1, 5], [-5, 2], [-2, 5], [-2, 1], [-5, 6], [-1, 3], [-2, 3], [-4, 2], [0, 3], [-6, 8], [-5, 2], [0, 7], [-6, 6], [-2, 7], [-5, 6], [-3, 5], [-1, 5], [-2, 4], [-4, 6], [-3, 10], [-1, 2], [-2, 10], [-3, 4], [-5, 28], [-1, 12], [3, 24], [3, 12], [1, 1], [3, 10], [1, 2], [4, 13], [1, 8], [2, 0], [1, 11], [4, 13], [1, 2], [4, 16], [4, 5], [2, 11], [4, 1], [2, 2], [0, 4], [4, -1], [0, -4], [-2, -1], [-2, -2], [-5, -2], [0, -16], [3, -4], [0, 5], [3, 5], [1, 10], [2, 1], [2, 2], [1, 11], [2, 0], [1, 10], [2, 2], [1, 9], [1, 2], [9, 34], [2, 2], [3, 14], [4, 0], [-1, 12], [-2, 8], [-1, 2], [-1, 3], [-5, 2], [1, 6], [-2, 2], [-5, 15], [0, 4], [2, 2], [2, 8], [2, 15], [3, -3], [1, 0], [1, 1], [2, 7], [-4, 1], [3, 20], [3, 5], [2, 4], [4, 1], [0, 11], [2, 0], [1, 5], [4, 5], [1, 3], [6, 0], [1, 3], [1, 2], [0, 5], [-2, 4], [0, 5], [-2, 2], [1, 31], [5, 1], [4, 4], [2, 8], [4, 3], [0, 7], [2, 0], [1, 4], [4, 4], [1, 5], [0, 18], [1, 1], [3, 13], [2, 0], [1, 5], [1, 2], [3, 9], [0, 7], [-1, 3], [-1, 0], [0, 2], [1, 0], [1, -1], [3, 0], [5, 4], [1, 10], [1, 1], [2, 8], [2, 5], [2, 21], [3, 1], [0, 1], [1, 3], [3, -1], [0, 11], [-2, 5], [-2, 12], [0, 8], [2, 19], [2, 15], [1, 8], [0, 3], [1, 8], [0, 6], [1, 17], [0, 16], [-1, 11], [-2, 6], [-3, 5], [1, 8], [0, 5], [2, 3], [1, 4], [4, 9], [2, 5], [-1, 6], [-8, 6], [-2, 2], [-2, 5], [-4, 3], [-2, 3], [2, 11], [2, 2], [7, 4], [2, 7], [4, 0], [-2, -5], [0, -4], [7, -3], [-1, -1], [0, -7], [2, -3], [1, 1], [1, -1], [2, 1], [5, 0], [1, 1], [2, 4], [2, 3], [7, 40], [0, 5], [-3, -2], [3, 5], [-2, 8], [-1, 6], [-1, 9], [-6, 1], [-3, -3], [-1, 8], [-6, 4], [-2, 5], [-3, 1], [0, 4], [3, 3], [0, 6], [-1, 2], [-5, 2], [-1, 2], [-5, 2], [-1, 1], [-8, 1], [-3, 2], [0, 5], [-5, -2], [1, -8], [2, -5], [4, -14], [-1, -3], [-2, -3], [-2, -1], [-4, 0], [-1, -2], [-4, -1], [-5, -2], [-5, -3], [-11, 0], [-4, 4], [0, 10], [-4, -4], [-1, -6], [-3, 1], [-6, 4], [-6, 3], [-7, 7], [-2, 3], [-2, 2], [-1, 2], [-2, 0], [-5, 5], [-9, 4], [-3, 4], [-2, -1], [-3, -2], [0, 3], [-1, -3], [-3, -1], [-2, 1], [-3, 0], [-4, 2], [-1, 6], [-1, -1], [-3, -1], [-2, 0], [-2, -1], [0, -1], [-2, 1], [-2, -1], [-7, 0], [-4, 1], [-4, 3], [-7, 6], [-3, 0], [1, 1], [-1, 2], [-1, 5], [-1, -1], [-2, -4], [-1, -7], [-5, 0], [-5, 1], [-5, -1], [-4, 1], [-2, 1], [2, 4], [3, 5], [-8, -6], [-4, 4], [0, 1], [3, 4], [-3, -1], [-2, 0], [-1, -1], [-6, 0], [1, 4], [1, 1], [1, 4], [-3, 0], [0, -4], [-6, 0], [0, -3], [-16, -1], [0, 5], [-3, 0], [-4, 4], [-3, 2], [2, 12], [-3, -2], [0, -3], [-4, 2], [-10, 6], [-1, 4], [-4, 6], [-4, 2], [0, 5], [-2, 3], [-3, 1], [-4, 4], [-1, 7], [-2, 0], [-5, 6], [0, 3], [-8, 3], [-4, 5], [-6, 3], [-8, 3], [-1, 5], [-3, 0], [2, 6], [1, 9], [-2, -3], [-6, 0], [-1, 2], [-5, 2], [-2, 2], [0, 3], [-9, 5], [-2, 5], [3, 1], [1, 2], [-3, 0], [0, -1], [-2, 0], [0, 2], [2, 1], [-8, 2], [-1, 5], [-8, 0], [-1, 5], [-7, 2], [-5, 7], [-3, 1], [-4, 13], [1, 5], [3, -1], [0, 2], [-3, 12], [-3, 3], [-2, 38], [-1, 6], [0, 10], [-3, 5], [-3, 28], [0, 5], [-1, 1], [-2, 5], [-1, 2], [-1, 5], [-3, 2], [-1, 8], [2, 9], [-2, 1], [0, 6], [1, 2], [-3, 0], [0, 1], [13, 0], [0, 2], [-5, 0], [-1, 6], [-9, 1], [-5, 5], [0, 3], [4, 5], [-4, 0], [-1, 3], [-2, 3], [5, 0], [-1, 5], [3, 1], [1, 2], [-8, 0], [0, 5], [-1, 2], [0, 5], [-4, 2], [1, 11], [-3, 0], [-2, 11], [2, 0], [0, 2], [-4, 0], [-1, 5], [3, 1], [1, 2], [-3, 1], [-2, 3], [-3, 14], [3, 0], [-3, 10], [0, 18], [-1, 2], [0, 5], [1, 0], [5, 1], [0, 3], [-9, -1], [-3, 16], [7, -1], [0, 3], [-3, -2], [0, 3], [-3, 4], [-1, 6], [3, 1], [0, 1], [-4, 0], [-2, 15], [5, 1], [0, 2], [-4, 1], [-1, -2], [-9, -1], [-1, 0], [-2, 10], [-2, 2], [1, 6], [0, 2], [-2, 0], [-1, 3], [0, 8], [-1, 1], [0, 1], [2, 0], [0, -1], [5, 1], [0, 2], [-5, 1], [-1, 4], [-2, 3], [-5, 3], [-2, 2], [-2, 8], [-5, 2], [0, 3], [-2, 0], [0, 5], [-4, 0], [2, 10], [-1, 2], [-5, 0], [0, 3], [-5, 2], [-6, 9], [-15, 2], [-12, 5], [-2, 7], [-2, 3], [-1, 20], [0, 3], [4, 0], [2, 12], [2, -1], [0, 9], [3, 0], [1, 3], [-2, 0], [1, 16], [6, -2], [1, 4], [1, 1], [4, -1], [-1, 1], [0, 4], [1, 0], [3, 1], [0, 3], [2, 4], [6, 0], [0, 1], [-4, 2], [0, 6], [7, -1], [0, -5], [2, 0], [0, 5], [-2, 1], [0, 4], [-4, 1], [0, 3], [3, 0], [0, 4], [6, 0], [3, -1], [1, 0], [1, 1], [8, 0], [5, 3], [1, 3], [2, 3], [1, 3], [2, 1], [2, 3], [-3, 0], [1, 3], [-2, 0], [3, 11], [-3, 0], [1, 10], [-2, 3], [-3, 0], [0, 4], [-2, 0], [0, 1], [2, 1], [2, 3], [-5, -1], [-3, 1], [2, 3], [0, 2], [-1, 1], [-1, 12], [-3, 3], [0, 6], [-2, 7], [0, 4], [4, 1], [0, -3], [1, 0], [-1, 13], [8, -4], [1, 7], [-1, 1], [2, 1], [2, 3], [-3, 0], [0, 3], [5, -1], [5, -3], [0, 4], [-3, 1], [-8, 5], [1, 5], [5, 4], [3, 0], [1, 2], [3, -1], [0, 8], [3, -2], [3, 0], [0, 5], [4, 0], [2, 8], [2, 0], [3, -3], [0, 3], [2, -1], [0, 5], [4, 4], [0, -3], [5, -2], [0, 5], [5, 0], [0, 2], [-2, 0], [1, 2], [3, 1], [-2, 3], [-5, -3], [0, 3], [3, 1], [1, 1], [0, 3], [-4, 1], [-2, 3], [1, 2], [4, 1], [0, 1], [-3, 1], [1, 3], [2, -2], [0, 3], [-5, 2], [1, 2], [1, 1], [-1, 5], [4, -3], [-1, 10], [-4, 0], [0, 3], [-2, 2], [-2, 11], [1, 8], [2, 0], [2, 8], [0, 7], [-4, 5], [-2, 6], [0, 7], [1, 2], [1, 3], [5, -2], [0, 3], [6, -1], [2, 2], [2, 0], [1, -1], [0, -3], [3, 0], [-1, 2], [0, 4], [1, 1], [3, 1], [1, 5], [-4, -2], [2, 8], [3, 4], [0, 9], [3, 0], [0, 9], [1, -1], [2, -1], [-2, 6], [3, 0], [1, 23], [-1, -1], [-6, 1], [-1, -1], [0, 13], [1, 1], [5, 0], [-1, 5], [2, 0], [0, -3], [9, -3], [1, 1], [-7, 6], [-3, 2], [0, 2], [3, 0], [1, 7], [3, 0], [1, 3], [5, 6], [0, -5], [2, 0], [0, 4], [3, -2], [0, 3], [-3, 7], [4, 0], [1, 6], [1, 0], [0, -3], [4, 2], [5, 0], [1, -1], [-1, 5], [3, 0], [3, 21], [3, 7], [5, 21], [1, 2], [2, 6], [1, 2], [2, 63], [-3, 7], [0, 5], [-2, 6], [0, 44], [-1, 20], [-1, 3], [-1, 31], [-2, 10], [-4, 23], [0, 5], [-1, 3], [-1, 12], [-4, 18], [0, 5], [-5, 16], [-2, 18], [-4, 8], [-1, 8], [-3, 5], [0, 4], [-2, 3], [-2, 5], [-3, 0], [-1, 6], [-8, 4], [0, 3], [-9, 2], [1, 3], [-9, 2], [0, 3], [-9, 3], [-4, 3], [-5, 1], [0, 5], [-8, -1], [-1, 2], [-22, 0], [-2, -3], [-8, -1], [0, -10], [-7, 2], [-1, 5], [-7, 3], [0, 4], [-2, -1], [-2, 0], [-5, 2], [0, 4], [-4, 1], [-1, 4], [-3, 5], [-2, 0], [-2, 2], [-11, 2], [-2, 2], [-8, 1], [-6, 4], [-6, 1], [-1, 2], [-7, -1], [0, 5], [-10, -5], [-14, 0], [-1, -2], [-4, 1], [-1, 5], [-3, -1], [-1, -1], [-13, 0], [-2, 2], [0, 4], [-3, 0], [0, -5], [-6, -1], [-18, 5], [-5, 4], [0, -3], [-31, 3], [-9, 3], [0, 5], [-8, 4], [-2, 2], [0, 5], [-5, 3], [-5, 0], [-2, 1], [1, 3], [-2, -1], [-4, 0], [-2, 3], [-3, 1], [0, 5], [-2, 1], [-3, 3], [0, 3], [-6, 3], [1, 2], [-1, 3], [3, 0], [0, 2], [-6, 1], [0, 4], [-5, 0], [2, 5], [-4, -2], [-1, 8], [-2, 1], [0, 1], [-1, 2], [0, 2], [-2, 2], [0, 1], [-2, 0], [0, -5], [-1, -3], [0, -7], [-2, 0], [0, 5], [1, 7], [1, 4], [-1, 1], [0, 2], [1, 1], [0, 2], [-1, 2], [-3, 4], [-4, 4], [-3, 0], [-2, -2], [0, -5], [3, -3], [1, 0], [3, 1], [1, -1], [1, 0], [1, -1], [0, -6], [-1, 0], [-2, -2], [-2, 0], [-1, 1], [-1, 0], [-1, 2], [-2, 1], [-1, 1], [0, 1], [-1, 1], [-1, 2], [-4, 4], [-5, 4], [-2, 1], [0, 1], [-1, 0], [-2, -2], [0, -1], [-1, 0], [0, 1], [-2, 1], [0, 1], [1, 2], [2, 5], [3, 5], [0, 2], [1, 2], [1, 3], [2, 2], [3, 7], [2, 5], [1, 3], [3, 5], [2, 6], [1, 2], [0, 3], [1, 0], [1, 1], [0, 5], [1, 1], [0, 9], [-2, 0], [0, -7], [-1, -1], [-1, -5], [0, -4], [-2, 0], [-3, -6], [-2, -6], [-3, -5], [-2, -6], [-4, -7], [0, -2], [-1, 0], [-2, -5], [-4, -8], [-1, -1], [-1, 0], [-2, 3], [-2, 2], [-1, 2], [-6, 6], [-3, -3], [-4, -2], [0, 1], [3, 3], [1, 0], [-2, 3], [-1, 2], [0, 2], [-1, 0], [-2, -2], [-3, -2], [0, -2], [1, -2], [-1, -1], [-1, 4], [1, 1], [-1, 1], [2, 1], [-1, 2], [-1, 0], [1, -2], [-1, 0], [-1, 3], [0, 2], [2, 1], [2, 0], [-1, 3], [-2, 5], [0, 2], [-1, 0], [-2, -1], [-1, -1], [-1, -2], [0, -2], [-1, 0], [1, 3], [1, 2], [2, 2], [0, 1], [-1, 2], [0, 1], [1, 1], [1, -1], [1, 0], [2, 2], [-1, 1], [0, 1], [-1, 1], [0, 1], [-2, 0], [-1, -1], [0, -2], [-1, -1], [-5, 0], [-3, 1], [-2, 1], [-2, 3], [-2, 2], [0, 2], [-1, 1], [1, 0], [1, -2], [1, -1], [1, 0], [1, -1], [0, 1], [1, 0], [1, 2], [0, 1], [1, 2], [0, 10], [-1, 1], [0, 1], [-2, 0], [-1, -1], [-2, -1], [-1, 0], [2, 2], [2, 3], [2, 1], [1, 1], [2, 0], [2, -1], [4, 0], [0, 2], [1, 1], [-1, 1], [0, 1], [-1, 1], [-1, 0], [-2, -1], [-3, -2], [-1, 0], [0, 2], [2, 0], [1, 1], [1, 2], [1, 1], [0, 20], [-2, 4], [0, 1], [2, -1], [1, -1], [1, 2], [0, 5], [-2, 4], [-1, 0], [-1, -3], [-1, 0], [0, 1], [1, 6], [0, 5], [-2, 4], [-4, 6], [-1, 1], [0, 3], [1, 1], [18, 12], [1, 1], [-2, 4], [-19, -12], [0, 1], [-2, 6], [-1, 2], [-6, 6], [-5, 3], [-6, -1], [-4, 0], [-3, 1], [-4, 1], [-3, 2], [-5, 4], [-3, 5], [-1, 1], [-1, 3], [-2, 4], [0, 2], [-1, 2], [-1, 1], [-2, 1], [-4, 3], [-2, 4], [2, 3], [4, -2], [5, -2], [1, 1], [5, 2], [1, 6], [1, 2], [1, 4], [-2, 5], [-3, 7], [-3, 0], [-2, 3], [-2, 9], [-2, 5], [-1, 3], [-2, 2], [-1, 4], [-4, 7], [-3, 8], [-3, 12], [-2, 3], [-2, 4], [-1, 5], [-3, 11], [-3, 3], [-1, 4], [-1, 3], [-2, 8], [-2, 4], [-2, 3], [-2, 2], [-4, 5], [-6, 7], [-6, 21], [-3, 13], [-4, 8], [-1, 1], [-3, -3], [-3, -5], [2, -9], [3, -11], [8, -15], [13, -23], [10, -20], [5, -14], [3, -15], [8, -17], [-3, -3], [-9, 24], [-5, 18], [-10, 21], [-16, 26], [-4, 11], [-2, 2], [0, 1], [1, -1], [0, 1], [-2, 2], [0, 1], [-1, 1], [0, -1], [-1, 0], [1, 2], [0, 2], [-1, 0], [0, 3], [-2, 4], [-1, 14], [1, 1], [10, 11], [4, 4], [2, 3], [3, 16], [0, 3], [1, 3], [1, 6], [1, 7], [-1, 4], [0, 1], [-1, 3], [-1, 1], [-1, 0], [-3, 4], [-3, 1], [-3, -1], [-1, -1], [-1, -5], [-2, -1], [-1, 0], [0, 3], [1, 2], [1, 1], [0, 8], [1, 5], [0, 6], [-1, 4], [-1, 7], [-3, 8], [-1, 2], [-2, 2], [-6, 7], [-2, 2], [-6, 2], [-3, 0], [-1, -1], [0, 4], [1, 1], [1, 4], [0, 3], [-1, 2], [2, 5], [2, 2], [-1, 3], [2, 2], [1, 4], [-1, 5], [-1, 3], [2, 17], [-1, 14], [9, -2], [1, 9], [3, 1], [-1, 8], [2, 4], [1, 11], [1, 2], [1, 9], [3, 0], [0, 5], [4, 0], [-1, 4], [-1, 1], [-1, 13], [-6, 2], [0, 10], [-3, 0], [0, 5], [-3, 6], [0, 7], [-5, 11], [0, 8], [1, 1], [4, 0], [2, 2], [2, 4], [4, 4], [2, 1], [3, 4], [1, 4], [3, 0], [0, 3], [4, 3], [3, 8], [1, 2], [0, 8], [1, 1], [2, 1], [1, 3], [3, 3], [0, 5], [3, -1], [0, 1], [2, 21], [1, 3], [0, 4], [-2, 5], [-3, 0], [0, 6], [-3, 1], [-2, 2], [-2, 9], [3, 0], [-1, 5], [2, 9], [5, -1], [0, 1], [-4, 5], [0, 7], [-1, 3], [-1, 10], [-2, 1], [-3, 3], [-5, 0], [-1, 1], [2, 3], [6, 6], [-1, 0], [-5, -3], [-9, 0], [1, 5], [-1, 4], [0, 1], [1, 2], [1, 3], [2, 0], [0, 3], [-2, 0], [1, 3], [3, 1], [0, 3], [-3, -2], [0, 7], [3, 0], [-1, 3], [2, 0], [0, 3], [-2, -1], [1, 5], [-3, 0], [-1, 11], [4, 1], [1, -1], [-4, 20], [-4, 8], [-2, 8], [-3, 2], [-1, 5], [-3, 3], [-1, 5], [-3, 0], [-2, 6], [-3, 5], [-3, 0], [0, 4], [-6, 8], [-4, 0], [0, 5], [-2, 2], [0, 3], [-3, 5], [-4, 15], [0, 3], [-4, 8], [0, 5], [-4, 2], [-1, 8], [2, 3], [0, 2], [-3, 3], [-2, 6], [-4, 2], [-1, 5], [-2, 0], [-1, 3], [-4, 7], [-8, 2], [-1, 5], [-3, 1], [-1, 1], [-4, 2], [-6, 0], [-2, 1], [-1, 5], [-6, 0], [-2, 5], [-2, 1], [-1, 1], [-7, 5], [-9, 0], [-1, 2], [-5, -1], [0, -3], [-5, 3], [-3, 0], [-5, -3], [-1, 10], [2, 1], [1, 1], [-1, 14], [-3, 4], [-1, 16], [-4, 0], [-5, 13], [1, 13], [1, 2], [1, 3], [-3, 0], [-1, 8], [-4, 0], [0, 5], [4, -2], [-1, 4], [-1, 1], [0, 7], [1, 2], [1, 3], [-4, 0], [3, 10], [-4, 0], [2, 5], [-1, 6], [3, 0], [0, 2], [-5, 0], [2, 3], [1, 16], [-1, 2], [0, 5], [3, 14], [-2, 0], [-3, 2], [1, 7], [1, 1], [0, 5], [2, -1], [-2, 11], [-1, 2], [-1, 3], [-3, 2], [0, 4], [-5, 1], [-2, 0], [0, 4], [-2, 4], [-7, -2], [0, 4], [-6, 1], [0, 4], [-4, 0], [-1, 2], [-3, 0], [-3, 4], [-5, 20], [-3, 1], [-5, 4], [-1, 5], [-1, 3], [1, 5], [-5, 1], [-3, 2], [1, 4], [-2, 3], [-5, 1], [-2, -1], [1, 5], [-6, 2], [2, -4], [-4, 1], [-4, 3], [-22, 0], [0, 3], [-1, 0], [0, -3], [-3, 0], [0, 3], [-1, -1], [-9, -1], [-2, 2], [-7, -1], [0, 3], [-13, 1], [-9, -1], [-1, 1], [-1, 6], [-3, 0], [0, 3], [-2, 4], [-6, 1], [0, 5], [-6, 3], [-3, 4], [-2, 5], [-6, 2], [-1, 8], [2, 1], [0, 23], [-1, 5], [-4, 5], [-4, 10], [-2, 3], [0, 4], [-1, 1], [-3, 1], [-2, 2], [0, 4], [-5, 1], [0, 4], [-3, 1], [-2, 3], [-4, 3], [-4, 2], [-4, 3], [-3, 1], [0, 3], [-27, 1], [0, -4], [-5, 3], [-9, 2], [-6, -3], [-1, -5], [-2, 2], [0, -15], [-1, -1], [-5, 5], [0, 3], [-2, -2], [-2, 7], [-2, 3], [-5, 0], [0, 7], [12, 1], [0, 4], [5, 2], [4, 3], [2, 3], [3, 1], [0, 4], [1, 0], [3, -1], [0, 5], [2, 2], [2, 10], [2, 0], [0, 9], [3, 0], [0, 12], [2, 0], [1, 14], [-3, 15], [-6, -1], [-1, 13], [-4, 13], [-6, 16], [-3, 0], [0, -3], [-3, 0], [2, 7], [2, 3], [-4, -1], [-3, -3], [-3, 1], [1, 3], [-2, 0], [-1, 11], [0, 2], [-5, 2], [-1, 3], [-1, 2], [0, 6], [-2, 2], [1, 11], [0, 2], [-4, 2], [1, 13], [-1, 3], [0, 5], [-1, 5], [-2, 1], [0, 7], [-2, 6], [0, 4], [-2, 5], [-2, 0], [0, 13], [-3, 0], [0, 3], [3, 0], [0, 2], [-4, 1], [-1, 12], [-1, 3], [0, 7], [1, 3], [1, 21], [2, 11], [2, 1], [1, 1], [1, 10], [2, 6], [1, 31], [-1, 10], [-3, 7], [0, 8], [-3, 0], [0, 8], [3, 0], [0, 11], [-2, 0], [-3, 22], [-2, 0], [-1, 3], [-1, 2], [-1, 3], [-2, 0], [0, 23], [2, 0], [1, 11], [1, 2], [3, 10], [3, 3], [0, 8], [4, 3], [1, 7], [1, 0], [2, 1], [1, 10], [1, 2], [1, 9], [2, 0], [1, 33], [2, 2], [-2, 6], [0, 5], [2, 2], [3, 31], [1, 1], [5, 18], [1, 2], [2, 5], [1, 1], [2, 7], [3, -1], [2, 3], [4, 1], [0, 10], [-2, 0], [0, 8], [2, 1], [-1, 7], [4, 0], [3, 41], [6, 18], [1, 1], [3, 8], [-1, 22], [-2, 3], [-1, 10], [4, 93], [2, 4], [0, 5], [1, 5], [1, 12], [1, 1], [0, 12], [2, 11], [3, 1], [0, 6], [-2, 3], [-2, 0], [-1, 8], [-3, 1], [-5, 7], [-3, 0], [0, 4], [-5, 1], [-1, 5], [-8, 2], [0, 3], [-16, 3], [-1, 2], [-27, 0], [-3, 2], [-4, 4], [0, 5], [-3, 3], [-1, 5], [-1, 2], [-1, 3], [-3, 1], [-3, 4], [0, 3], [-4, 1], [-5, 4], [-1, 3], [-4, 7], [-2, 33], [-2, 3], [-3, 5], [0, 6], [-2, 7], [-6, 2], [0, 5], [-1, 3], [0, 6], [-1, 2], [0, 3], [-4, 7], [-4, 1], [-1, 1], [-7, 0], [-8, -1], [-7, 4], [-2, 5], [-3, 1], [-2, 2], [-6, 5], [-3, 0], [0, 4], [-3, 1], [-1, 20], [1, 3], [2, 0], [1, 12], [-3, 6], [-5, 3], [-3, 3], [-3, 1], [0, 3], [-6, 3], [-6, 8], [-9, 3], [-13, -3], [-18, 0], [0, -4], [-12, 2], [-2, 5], [-4, -2], [-3, 0], [-2, 1], [-6, 1], [-1, 0], [0, 4], [-11, 1], [-21, 10], [-2, 1], [-5, 1], [-1, 5], [-8, 4], [-6, 2], [-3, 3], [0, 3], [-7, 1], [-1, 1], [-18, 1], [-27, 5], [-5, 2], [0, -3], [-22, 0], [-2, 1], [-3, 2], [-2, 2], [-9, 3], [-1, 2], [-4, 1], [-4, 4], [-2, 3], [-8, 7], [-19, 8], [-1, 2], [-8, 0], [-4, -3], [-6, 1], [-1, 2], [-9, 3], [0, 3], [-5, 1], [0, 4], [-5, 2], [-6, 5], [-3, 4], [-1, 4], [-2, 3], [-6, 3], [-2, 7], [-2, 1], [-1, 1], [-3, 1], [0, 5], [-5, 2], [0, 3], [-4, 2], [0, 3], [-6, 3], [-8, 9], [-1, 5], [-3, 0], [0, 3], [-3, 5], [-3, 0], [-1, 5], [-5, -2], [-1, -5], [-2, -3], [-4, 0], [0, 3], [-2, 1], [-2, 2], [-5, 2], [0, 4], [-5, 1], [-1, 1], [-3, 1], [0, 3], [-2, 0], [1, 4], [-2, 4], [-4, 1], [-4, 4], [-5, -1], [2, 11], [-1, 7], [-2, -2], [0, -6], [-3, -1], [-1, -2], [-3, 1], [2, 7], [2, 3], [-6, -3], [0, -5], [-3, 0], [-2, 8], [-2, 5], [-2, 3], [-3, 1], [-4, 4], [-1, 8], [-2, 0], [-1, 4], [-2, 3], [-4, 10], [-3, 6], [3, -1], [0, 3], [-3, 1], [-5, 5], [-6, 1], [-1, -5], [-11, -1], [-12, 5], [-4, 4], [-4, 5], [-3, 3], [-3, 1], [-1, 6], [-1, 0], [-1, -5], [-6, 1], [-13, -4], [-14, 0], [-2, 1], [-3, 2], [-4, 5], [-8, 3], [-2, 4], [-3, 1], [0, 3], [-5, 6], [-2, 0], [0, 4], [-3, 1], [-7, 9], [-1, 3], [-4, 5], [-2, 6], [-2, 0], [-2, 9], [-3, 3], [-3, 11], [-2, 9], [-2, 3], [-1, 3], [-2, 0], [-1, 3], [-2, 4], [-2, 5], [-4, 5], [0, 3], [-4, 2], [-1, 3], [-2, 3], [-3, 10], [-2, 5], [-5, 11], [-4, 7], [-3, 3], [0, 4], [-5, 2], [-3, 3], [0, 3], [-4, 2], [-5, 3], [0, 3], [-9, 3], [-14, 0], [-5, 2], [0, 4], [-4, 5], [-4, 8], [-1, 5], [-4, 6], [-4, 15], [0, 15], [2, 0], [4, 13], [3, 0], [0, 1], [2, 7], [17, 7], [12, 1], [4, -1], [3, -4], [2, -23], [3, -5], [0, -5], [3, -1], [4, -5], [2, -1], [1, -3], [-1, -13], [-8, 2], [2, -7], [3, -1], [4, 2], [8, 0], [2, -4], [12, 2], [13, -1], [0, -3], [2, -1], [1, -1], [1, -3], [5, -1], [10, -5], [4, -4], [0, -4], [-14, -4], [-4, -23], [-1, -3], [0, -13], [8, -1], [1, 1], [13, 4], [0, 3], [3, 0], [-1, 28], [3, 5], [0, 10], [-1, 1], [-1, 7], [-2, 0], [-1, 8], [3, 3], [0, 9], [3, -2], [0, 3], [3, 0], [2, 16], [4, 13], [1, 2], [3, 8], [1, 15], [-1, 1], [-2, 1], [-3, 4], [-4, 2], [0, 3], [-3, 4], [-2, 6], [0, 25], [4, 22], [0, 18], [-4, 14], [0, 3], [-2, 3], [-2, 8], [-3, 1], [-1, 2], [-4, 1], [-1, 2], [-4, 2], [-2, 2], [-2, 8], [1, 25], [5, 6], [2, 1], [11, 2], [0, 4], [3, 3], [3, 6], [0, 7], [1, 10], [-1, 1], [1, 12], [-2, 6], [0, 5], [1, 2], [-1, 3], [3, 1], [1, 1], [0, 13], [-5, 10], [3, 0], [0, 3], [2, 0], [2, 8], [3, 3], [3, 25], [12, 0], [1, 3], [3, 4], [2, 1], [1, 11], [-2, 10], [-2, 3], [-4, 2], [-1, 3], [-1, 2], [0, 5], [-7, -2], [0, 3], [-8, 1], [-1, 2], [-4, 0], [-4, 3], [-2, 1], [3, 5], [4, 8], [4, 5], [4, 15], [0, 34], [-5, 24], [-2, 5], [-1, 8], [-2, 2], [-1, 8], [-2, 7], [0, 3], [-4, 8], [0, 4], [-3, 6], [-3, 17], [-2, 0], [-3, 11], [-3, 25], [-3, 11], [-2, 0], [-2, 5], [-2, 1], [-4, 4], [0, 5], [-3, 0], [0, 10], [-9, 36], [-1, 1], [-1, 22], [-5, 11], [-2, 2], [-2, 19], [-2, 5], [0, 7], [-3, 11], [-2, 5], [-3, 18], [3, 9], [4, 0], [3, -3], [9, -4], [0, 9], [-3, 0], [0, 4], [-3, 5], [-3, 0], [-1, -5], [-3, 1], [-1, -2], [-5, 0], [-4, 3], [-3, 3], [0, 5], [-3, 3], [-1, 3], [-2, 0], [1, 4], [-2, 3], [0, 3], [-1, 2], [0, 3], [-1, 2], [-2, 1], [-6, 7], [-1, 5], [-1, 3], [-2, 2], [0, 5], [-3, 6], [-2, 8], [-6, 12], [-1, 5], [-3, 5], [-5, 6], [-4, 9], [-3, 5], [-2, 6], [-5, 3], [-4, 4], [-1, 3], [-2, 3], [-4, 12], [-2, 3], [-4, 1], [-1, 2], [-3, 0], [-2, -2], [-4, 0], [-6, 3], [-3, 0], [-1, 3], [-1, 2], [-1, 3], [-2, 1], [-3, 2], [-1, 7], [-6, 3], [-2, 20], [-1, 1], [-1, 15], [-2, 0], [0, 5], [-5, 11], [-4, 5], [-1, 7], [-3, 1], [-4, 3], [-5, 7], [-4, 1], [-1, 6], [-6, 2], [0, 3], [-4, 2], [-1, 5], [-3, 0], [-1, 5], [4, 0], [0, 9], [-4, 2], [0, 5], [-5, -1], [-3, -1], [-1, 0], [-8, 4], [0, 3], [-4, 7], [-4, 5], [0, 18], [-1, 1], [-6, 4], [0, 3], [-4, 2], [-9, 0], [-2, 2], [-4, 5], [-4, 1], [1, 8], [-3, 5], [0, 5], [-8, 3], [-1, 4], [-2, 3], [-6, 2], [-3, 9], [-4, 15], [-2, 3], [0, 2], [1, 3], [-1, 4], [-2, 0], [-2, 2], [-2, 1], [0, 3], [-3, -1], [-1, 2], [-2, 1], [-2, -7], [4, 0], [-1, -3], [-8, -3], [0, -3], [-8, -4], [-2, 0], [-2, 1], [0, -4], [3, 0], [-1, -5], [-8, 1], [-5, -3], [-3, -3], [-4, -2], [-5, 0], [-1, 1], [0, -5], [-13, -2], [-5, 5], [-3, 1], [1, -3], [2, -3], [2, -1], [0, -1], [-12, 1], [-7, -2], [-11, 1], [0, 3], [-21, 0], [-6, -5], [-12, -5], [-12, -10], [-2, 1], [-5, -5], [-11, -4], [0, -4], [-1, 1], [0, 3], [-1, 0], [0, -3], [-2, 0], [0, 8], [-3, -4], [-12, -1], [0, -3], [-33, -6], [-2, -1], [-4, 0], [-2, -2], [-14, -1], [-7, -3], [-1, 0], [-1, 1], [-4, 0], [1, -4], [-12, -4], [-1, 2], [-4, 0], [-4, -2], [-3, 0], [-12, -6], [-27, 3], [-7, 6], [-6, 1], [0, 3], [-2, 1], [-5, 5], [-1, 5], [-3, 4], [0, 3], [-4, 1], [-3, 3], [-6, 3], [-2, 4], [-7, 7], [-3, 5], [-4, 4], [1, 7], [-2, 4], [-2, 2], [-5, 0], [-8, 3], [-5, -2], [-1, -5], [2, 0], [-1, -4], [-6, 0], [1, 5], [-7, 0], [0, -2], [4, 0], [0, -2], [-2, 0], [-2, -2], [-14, 0], [-1, -2], [-5, -2], [0, -3], [-7, -2], [-6, -18], [-1, -1], [0, -5], [4, -15], [0, -8], [4, -1], [2, -2], [0, -4], [1, -1], [1, -4], [4, 0], [0, -3], [1, 1], [0, 2], [2, -1], [1, -4], [2, 0], [1, -4], [1, -2], [0, -12], [1, -4], [2, -17], [3, -18], [2, 0], [1, -6], [2, -5], [3, -4], [2, -4], [7, -4], [1, -3], [2, -3], [5, -2], [0, -3], [6, -1], [7, -4], [5, -1], [1, -3], [4, -2], [2, -3], [1, -3], [6, -3], [3, -3], [8, -4], [0, -3], [3, 0], [0, -4], [5, 0], [1, -2], [8, -3], [0, -3], [-2, -1], [-7, 3], [-3, 4], [-3, -2], [6, -6], [12, -9], [3, -2], [1, -3], [3, -3], [3, -1], [0, -1], [2, -1], [2, -3], [0, -6], [3, -3], [4, -1], [0, -3], [3, 0], [-1, -8], [1, -1], [10, -2], [1, 3], [2, 2], [3, 1], [1, 3], [3, 4], [4, 2], [1, 2], [6, 0], [-2, -9], [5, -1], [1, 0], [1, 14], [2, -1], [-1, -3], [3, -1], [1, -2], [1, -12], [-5, -1], [-1, -3], [-2, -4], [-4, 0], [-3, -4], [-3, 0], [-1, -4], [-5, -4], [-2, -9], [-2, -1], [-2, -6], [-1, -4], [0, -10], [-1, -2], [0, 2], [-1, 13], [-3, 5], [-3, 0], [-1, 2], [-10, 12], [-7, 1], [0, 4], [-2, 0], [-1, 4], [-4, 2], [-1, 3], [-4, 5], [-1, 9], [-1, 3], [-3, 5], [-4, 1], [-1, 5], [-3, 1], [-1, 2], [-4, 1], [0, 3], [-13, -2], [-1, -2], [-7, -1], [-4, -5], [-1, -6], [-8, 2], [2, 3], [3, 5], [-1, 18], [-3, 5], [-3, 0], [0, 3], [-18, -1], [0, 3], [-8, 1], [-1, 1], [-5, 2], [-1, 2], [-10, 4], [-1, 5], [-4, 6], [2, 0], [0, 2], [-2, 1], [-3, 2], [0, -3], [-5, 2], [-1, 15], [-6, 14], [-3, 5], [-5, 3], [-4, 3], [-9, 7], [-14, 4], [-1, 5], [-9, 5], [-1, 5], [-2, 3], [-4, 0], [-3, 10], [-1, 2], [-3, 9], [-3, 0], [0, 7], [-3, 7], [-3, 3], [1, 5], [-2, 8], [4, 0], [2, 10], [1, 1], [0, 18], [-1, 3], [0, 15], [-1, 5], [0, 8], [-2, 4], [-4, 0], [1, 3], [0, 1], [3, 0], [0, 5], [-4, 1], [-1, -1], [-2, -6], [-2, 0], [0, -3], [-3, 0], [-1, 5], [-7, 2], [-2, 3], [-3, 1], [0, 8], [-3, 5], [0, 30], [-1, 5], [0, 6], [-1, 3], [0, 7], [1, 2], [0, 13], [-1, 5], [-1, 16], [-3, 5], [-3, 0], [0, 3], [-2, 2], [0, 3], [-4, -1], [-4, 4], [-3, 10], [-2, 4], [-9, 0], [-1, 1], [0, 5], [-14, 0], [-3, 2], [0, 3], [-2, 4], [-5, 1], [0, 4], [-9, 3], [0, 3], [-9, 4], [0, 3], [-8, 2], [-8, 0], [0, 3], [-14, 1], [-11, -4], [-2, -5], [-2, 1], [-4, -3], [-3, 0], [-1, 1], [0, 3], [-3, 1], [-2, 2], [-1, 5], [-4, 5], [0, 3], [-4, 1], [-4, 3], [-14, 8], [0, 3], [-2, 1], [-4, 3], [-4, 1], [0, 3], [-4, 2], [-1, 5], [-4, -2], [1, 27], [-3, 3], [-4, 13], [-1, 2], [0, 3], [-3, 1], [-3, 2], [0, 7], [1, 1], [1, 12], [-9, -2], [3, 10], [3, 3], [0, 4], [3, -1], [0, 5], [3, 0], [2, 12], [3, 0], [1, 13], [3, 0], [0, 10], [2, -1], [0, 12], [3, 0], [1, 15], [-1, 9], [-3, 4], [0, 18], [-5, 14], [-1, 2], [-3, 8], [-1, 2], [0, 32], [-2, 4], [-1, 6], [-6, 7], [-1, 18], [-3, 11], [-2, 1], [-4, 5], [-4, 1], [0, 3], [-4, 0], [-1, 5], [-4, 2], [0, 3], [-3, -1], [0, -9], [-2, 2], [-1, 15], [-2, 3], [0, 10], [-3, 15], [0, 4], [-3, 14], [-4, 9], [-2, 0], [-1, 4], [-2, 3], [-2, 7], [-3, 0], [-1, 2], [-4, 1], [0, 5], [-9, 3], [0, 3], [-2, 1], [-2, 2], [-5, 2], [0, 4], [-4, 1], [-1, 1], [-2, 1], [-1, 3], [-2, 4], [-4, 0], [-1, 2], [-6, 0], [-2, 1], [0, 3], [-2, -1], [-2, 5], [-9, -1], [-10, -5], [-4, -3], [-9, 2], [-1, 1], [-9, 3], [0, 3], [-8, 1], [-5, 7], [-6, 5], [-21, 3], [-4, 2], [-1, 1], [-7, 3], [-2, 5], [-6, 2], [0, 3], [-8, 4], [-2, 3], [-7, 4], [-1, 5], [-3, 0], [1, 4], [5, 0], [4, 11], [3, 6], [5, 5], [3, 10], [1, 2], [1, 6], [1, 1], [2, 1], [1, 8], [4, 5], [4, 19], [2, 6], [2, 4], [3, 8], [3, 5], [1, 1], [1, 0], [2, 10], [-1, 1], [0, 6], [2, 13], [1, 2], [0, -1], [-1, -3], [2, 0], [2, 4], [3, -1], [5, 0], [6, 2], [3, 2], [3, 1], [-1, 2], [-11, -3], [-10, -3], [-1, 1], [0, 5], [2, 1], [1, 1], [3, 13], [0, 4], [2, 7], [1, 46], [2, 1], [-2, 56], [-7, 39], [-1, 4], [0, 4], [1, 2], [-3, 0], [0, 3], [-3, 4], [-2, 9], [0, 7], [-2, 2], [0, 3], [-4, 2], [-1, 3], [-1, 1], [-1, 5], [-1, 2], [-2, 5], [-4, 7], [-2, 9], [-8, 12], [-4, 5], [0, 3], [-3, 0], [-1, 5], [-8, 3], [-1, 7], [-2, 1], [-4, 4], [0, 3], [-3, 1], [-1, 2], [-5, 2], [0, 3], [-7, 2], [0, 5], [-11, 4], [-9, 7], [-5, 2], [0, -3], [-2, 0], [1, 3], [-7, 4], [-2, 8], [0, 6], [-8, 2], [0, 3], [-13, 1], [0, 3], [-2, 0], [0, -2], [-1, -8], [-5, 0], [0, -5], [-5, 0], [0, 7], [-2, 1], [0, 7], [4, 0], [-3, 5], [-5, -1], [-4, 5], [-6, 2], [-2, 1], [-24, 6], [-8, 3], [-4, 3], [-6, 2], [-1, 1], [-1, 3], [-4, 7], [-3, 0], [-1, 6], [-4, 1], [-4, 3], [-2, 0], [-2, -1], [-4, 0], [-1, 1], [0, 3], [-2, 0], [0, 3], [-3, 1], [-3, 3], [-1, 4], [-4, 2], [0, 3], [-3, 2], [0, 3], [-9, 5], [-8, 2], [0, 3], [-5, 1], [-3, 2], [-5, 6], [-1, 3], [-2, 3], [-1, 3], [-5, 1], [0, 3], [-2, 0], [-2, 5], [-2, 1], [-5, 4], [0, 3], [-9, 3], [-2, 5], [-5, 2], [0, 3], [-2, 0], [0, 4], [-5, 2], [-5, 7], [-7, 2], [0, 3], [-8, 4], [1, 3], [-15, 3], [-3, 2], [-2, 5], [-5, 2], [-1, 5], [-4, 0], [0, 3], [-5, 0], [0, 3], [-9, 4], [-1, 5], [-5, 0], [-2, 2], [-9, 5], [-1, 2], [-9, 6], [-6, 3], [0, 3], [-4, 1], [-1, 2], [-4, 1], [-5, 5], [-3, 1], [-1, 3], [-3, 5], [-2, 1], [-3, 3], [-4, 2], [-4, 3], [-5, 7], [-4, 2], [1, 5], [-3, 1], [-5, 6], [-1, 5], [-8, 3], [0, 3], [-9, 4], [0, 3], [-9, 2], [0, 3], [-6, 3], [-4, 5], [-4, 1], [-3, 4], [-7, 4], [-2, 5], [-11, 1], [0, 2], [5, 2], [1, 2], [12, -1], [-1, 5], [-16, -2], [-2, -2], [-9, 0], [-2, 1], [0, 2], [3, 0], [0, 1], [-5, 1], [-3, -1], [-1, 0], [-7, 5], [-3, 4], [-1, 5], [-1, 1], [-1, 3], [-2, 1], [-3, 3], [1, 3], [-3, 7], [0, 6], [-1, 12], [-3, 6], [-2, 3], [-1, 4], [-6, 2], [-3, 3], [-6, 4], [-3, 3], [-7, 3], [-3, 7], [-2, 3], [-9, 9], [-2, 4], [-2, 2], [-3, 0], [-2, 1], [-3, 3], [-1, 4], [-2, 2], [1, 5], [1, 2], [-1, 10], [2, 2], [0, 3], [3, -1], [0, -1], [3, -1], [11, -3], [4, 2], [2, 5], [0, 9], [-1, 1], [-2, 5], [-1, 2], [-3, 3], [-1, 2], [-1, 1], [-1, 2], [-4, 5], [-4, 2], [-1, 2], [-6, 2], [-1, -1], [0, -3], [-4, -7], [-9, 0], [-3, -2], [-4, 0], [-7, 6], [-4, 4], [0, 4], [-1, 3], [-24, 1], [-6, 4], [-4, 5], [-4, 1], [-4, 5], [-6, 6], [0, 3], [-6, 2], [-1, 11], [-4, 5], [0, 4], [-2, 4], [-2, 10], [-3, 7], [-4, 4], [-2, 3], [-4, 1], [0, 3], [-4, 2], [-1, 5], [-3, 0], [0, -3], [-2, 0], [-1, -7], [-9, 2], [0, -7], [1, -1], [1, -3], [13, -2], [0, -4], [2, 0], [0, -3], [1, -1], [3, -8], [9, -2], [-1, -4], [-3, 0], [-1, -2], [-12, -2], [-1, 2], [-7, 4], [-1, -1], [-2, 0], [-3, 4], [-2, 1], [-1, 3], [-2, 5], [-4, 5], [-5, 2], [-6, 5], [-14, 2], [-2, 2], [-6, 2], [0, 3], [-4, 2], [0, 3], [-2, 0], [1, -3], [-3, 1], [-1, 2], [-3, 0], [-1, -1], [0, 3], [-8, 2], [1, 5], [-3, 1], [-3, 2], [0, 20], [-1, 3], [-1, 8], [-17, 5], [0, 3], [-5, -2], [-4, -4], [-1, 6], [-1, 0], [-2, -4], [-10, 2], [-4, 3], [-6, 2], [-10, 8], [0, -4], [-9, 3], [-2, 2], [-5, 0], [0, 4], [-1, 0], [0, -4], [-1, 0], [0, 4], [-3, 1], [-18, -1], [0, -3], [-3, -1], [-19, 1], [-2, 8], [-3, 1], [-1, 2], [-5, 0], [-8, -2], [-9, 3], [-1, 2], [-8, 3], [-1, 3], [-3, 5], [-4, 2], [-9, 2], [-31, 3], [1, 1], [1, 12], [-5, 1], [0, 4], [-8, 1], [-1, 5], [-3, 1], [-2, 3], [-3, 1], [0, 5], [-3, 0], [0, 4], [-2, 3], [-3, 0], [0, 3], [-5, 3], [-1, 1], [-3, 1], [0, 3], [-2, 1], [-4, 4], [0, 7], [-5, 1], [-4, 3], [-9, 4], [-1, 7], [-16, 6], [-2, 2], [-1, 5], [-8, -6], [-5, -6], [-7, -3], [-5, 1], [0, 4], [-10, 5], [-13, 1], [0, -5], [-18, -3], [-4, 1], [0, 4], [-4, 0], [-1, 4], [-12, 5], [-3, 3], [-3, -1], [1, -3], [-11, 1], [-9, 3], [-2, 2], [-6, 1], [-3, 3], [-1, 8], [3, 0], [-4, 7], [-1, 0], [0, -4], [-4, 4], [-1, 6], [-1, 2], [-1, -1], [-2, 1], [-2, 33], [1, 1], [-4, 2], [-2, 6], [0, 4], [-2, 1], [-9, 11], [-6, 3], [-4, 5], [-7, 1], [0, 3], [-5, 2], [0, 3], [-2, 2], [-2, 7], [-2, 0], [-2, 3], [-1, 0], [2, 6], [-3, 1], [-3, 4], [-2, 0], [-1, 5], [-4, 2], [-1, 5], [-2, 5], [-3, 28], [-2, 3], [-5, 0], [0, -3], [-1, 0], [-1, 5], [-11, 5], [1, 1], [0, 3], [-1, 2], [-2, 1], [-3, 2], [1, 4], [-3, 10], [-6, 0], [0, 4], [-1, 4], [-2, 3], [0, 5], [-2, 3], [-1, 5], [3, 0], [1, 15], [-1, 1], [-3, 0], [1, 4], [-4, 10], [-2, 3], [-1, 6], [-3, 1], [-1, 2], [-5, 1], [-1, 2], [-6, 2], [-2, 1], [0, 3], [-7, 6], [-3, 3], [0, 4], [-1, 2], [-2, 2], [-1, 2], [-1, 0], [-1, 1], [-1, 2], [-1, 0], [-1, 2], [0, 1], [-2, 2], [0, 5], [-1, 2], [-1, 3], [-2, 3], [-1, 0], [0, 1], [-1, 0], [-1, 3], [0, 1], [-1, 2], [0, 2], [1, 2], [1, 3], [3, 4], [1, 0], [0, 1], [2, 1], [1, 1], [-2, 6], [-5, 7], [-1, -2], [-1, -1], [-1, 0], [0, -2], [-1, 1], [2, 4], [2, 1], [0, 4], [2, 3], [7, 12], [0, 2], [1, 1], [1, 0], [1, 2], [-1, 1], [-1, 2], [-2, -2], [0, -2], [-2, -1], [-3, -5], [-3, -9], [-1, -2], [0, -5], [-1, -1], [-2, -3], [0, 1], [2, 4], [0, 3], [-1, 1], [-3, -5], [-1, 0], [0, 1], [1, 0], [1, 3], [0, 1], [1, 0], [1, 1], [1, 2], [1, 4], [-1, 3], [-2, 4], [-3, 1], [-3, 0], [-3, -1], [-1, -5], [0, -2], [-3, -6], [-3, -1], [-5, -4], [0, -3], [-9, -1], [-15, 7], [-6, -3], [-1, -6], [2, -3], [-14, 1], [-2, 3], [-5, 2], [-1, 12], [-2, 5], [-13, 6], [1, 4], [-1, 1], [-3, 13], [0, 7], [1, 5], [4, 2], [4, 3], [2, 4], [1, 0], [2, -2], [2, -1], [0, 3], [3, 0], [-1, 7], [2, 1], [2, 5], [4, 5], [3, 10], [0, 1], [3, 1], [2, 14], [-1, 4], [0, 8], [-2, 3], [2, 7], [0, 11], [4, 0], [0, 5], [-2, 1], [-2, 23], [1, 30], [2, 0], [-2, 3], [1, 7], [-3, 3], [-1, 3], [3, 0], [-2, 7], [-3, 3], [1, 5], [-2, 5], [-3, 1], [-3, 3], [-16, 2], [-4, -2], [-5, 0], [-4, -2], [-4, 1], [-5, -5], [-7, 0], [-9, -3], [-4, -5], [0, -3], [-10, -1], [1, 1], [0, 4], [-1, 1], [-13, 6], [-1, 2], [-4, 1], [0, 3], [-2, 3], [-27, 1], [-9, -5], [-6, -4], [-10, 0], [-1, 1], [-5, 0], [-12, 4], [0, 4], [-9, 3], [0, 3], [-8, 2], [0, 3], [-3, 2], [0, 3], [-4, 1], [-16, -1], [-3, -2], [-2, -3], [-6, -3], [-18, -3], [-7, -2], [-5, -2], [-4, -2], [-5, -6], [0, -2], [8, -20], [-1, -1], [0, -1], [-10, 18], [-4, -9], [-4, -8], [-3, -1], [-21, 0], [-5, 5], [-4, 0], [-1, 1], [-1, 3], [-2, 3], [-10, 1], [-5, 3], [0, 3], [-3, 0], [-4, 13], [-2, 2], [-1, 5], [-4, 5], [-1, 5], [-1, 8], [-3, 1], [-1, 7], [-8, 25], [-2, 3], [-2, 5], [-3, 1], [-1, 1], [-2, 1], [0, 5], [-2, 5], [-2, 1], [-5, 5], [-1, 7], [-3, 5], [-4, 0], [-1, 5], [-8, -3], [-4, 4], [-3, 2], [-1, 10], [-4, 7], [-3, 11], [-3, 0], [-1, 7], [-1, 3], [-3, 0], [0, 3], [-3, 0], [0, 2], [3, 0], [0, 1], [-3, 0], [0, 4], [-3, 3], [-1, 5], [-3, 6], [-3, 1], [-1, 11], [-3, 0], [0, 3], [-2, 4], [-3, 0], [-6, 8], [-1, 6], [-4, 2], [0, 3], [-4, -1], [-3, -2], [2, 7], [-3, 0], [-1, 2], [-17, 3], [0, 3], [-6, -2], [0, -3], [-3, -1], [-4, -3], [-5, 0], [-6, 3], [-3, 3], [-1, 5], [-3, 1], [-4, 4], [-1, 6], [-6, 3], [-4, 4], [-1, 3], [-2, 3], [-2, 1], [-5, 4], [0, 18], [3, 5], [1, 8], [-1, 7], [-1, 2], [-3, 9], [0, 10], [2, 0], [-1, 5], [4, 0], [0, 5], [-4, 0], [-1, 3], [-1, 2], [-1, 3], [-2, 1], [-3, 2], [1, 4], [-6, 18], [-4, 18], [-4, 5], [-1, 5], [-2, -1], [-2, 1], [0, 8], [-2, 6], [-3, 0], [-4, 18], [0, 5], [-3, 12], [-8, 3], [0, 11], [-4, 10], [-2, 0], [0, 5], [2, 2], [1, 10], [2, 2], [3, 1], [0, 5], [-3, 0], [-4, 5], [1, 1], [0, 2], [-2, 6], [-6, 3], [-4, 5], [-4, 3], [-3, 1], [0, 3], [-16, 3], [-8, 6], [0, 3], [-4, -2], [0, 5], [-13, -1], [-6, 4], [-13, -1], [0, 5], [-1, -1], [-8, 0], [-1, 2], [-8, 1], [0, 3], [-5, 1], [-9, 6], [-5, 6], [0, 4], [2, -1], [0, 4], [-2, 0], [-2, 5], [-2, 1], [-1, 1], [-10, 1], [1, 3], [-13, 2], [0, 3], [-18, 1], [-6, 3], [0, 3], [-10, 6], [-5, 2], [-8, 0], [-1, -1], [0, 3], [-10, -2], [0, 4], [-17, 2], [0, 3], [-17, 4], [-2, 2], [0, 4], [-3, -3], [-2, 0], [0, 3], [-11, 1], [-1, -2], [-5, -2], [-3, -8], [-2, 2], [-13, 0], [-2, -2], [-7, -3], [-3, -3], [-3, 0], [-3, -5], [-6, -3], [-3, -5], [-7, -2], [0, -5], [-3, 0], [0, -3], [-2, -4], [-4, 0], [-5, -6], [0, -5], [-4, 0], [-1, -5], [-8, 4], [-22, 0], [-4, -2], [0, 3], [-1, -1], [-18, 2], [-4, -1], [1, 3], [4, 1], [0, 1], [-11, 0], [-4, -2], [-16, 1], [-1, -7], [-13, 5], [-26, 2], [0, 5], [-35, 8], [-10, 0], [-5, -4], [-1, -7], [-3, 0], [-2, -6], [-1, -15], [-2, 0], [0, -13], [6, -7], [1, -4], [4, -5], [4, -1], [2, -3], [3, -8], [1, -1], [2, -9], [2, -8], [-2, -1], [-2, -7], [-5, 1], [-4, -3], [-2, -3], [0, -3], [-2, 0], [1, 3], [-8, 3], [-2, 1], [-6, 0], [-5, -4], [-3, -11], [-1, -7], [-5, 0], [-2, -2], [-2, 0], [-5, 3], [-1, 3], [-2, 3], [-2, 1], [-2, 2], [-1, -2], [-2, -1], [-2, 1], [-1, 0], [-2, -1], [-11, -25], [0, -1], [1, -1]], [[25982, 24595], [-3, -1], [-17, -40], [-1, -3], [-1, 0], [0, 1], [-3, 2], [-1, 2], [-1, 0], [-1, 1], [0, 3], [1, 0], [0, 0], [1, 0], [3, 8], [0, 1], [15, 31], [10, 20], [1, 4], [2, 6], [0, 2], [-2, 3], [-3, 1], [-7, 0], [-1, -1], [1, -2], [-1, 0], [0, 1], [-1, 0], [-4, -2], [-1, -3], [-2, -2], [0, -1], [2, -8], [1, 0], [0, -1], [-2, 0], [0, 1], [-1, 8], [-1, 0], [-1, 1], [-8, 0], [-2, 1], [-3, 1], [-2, 2], [-3, 1], [-1, 0], [-1, -1], [-2, 0], [-1, 1], [-7, -10], [-1, 1], [7, 10], [0, 1], [-1, 2], [0, 3], [-2, 1], [-1, 1], [-1, 0], [0, 2], [1, 3], [-1, 1], [0, 2], [-1, 2], [-3, 11], [0, 4], [-3, 7], [-4, 2], [0, 3], [-4, 0], [-1, 7], [-4, 1], [-2, 8], [0, 9], [-12, 0], [-1, 1], [-1, 8], [-3, 1], [-5, 6], [-1, 5], [-2, 3], [-5, 2], [0, 3], [-6, 3], [-5, 5], [-8, 0], [-5, -4], [-1, 13], [0, 1], [-13, -1], [0, -4], [-6, 0], [-1, 1], [0, -5], [-4, 3], [1, 2], [0, 14], [-1, 2], [-2, 1], [-5, 6], [-4, 4], [-9, 0], [-3, 2], [1, 2], [0, 10], [1, 1], [-3, 1], [-1, 2], [-12, 5], [0, 4], [-4, 1], [-2, 3], [-7, 3], [-5, 7], [-6, 1], [-1, 4], [-8, 3], [-4, 0], [-1, -1], [0, -3], [-3, 1], [-10, 7], [0, 3], [-5, 3], [-4, 5], [-4, 1], [0, 5], [-4, 0], [-9, 7], [-2, 3], [-4, 9], [-2, 4], [-55, -5], [-9, 0], [-4, -1], [-4, -3], [-2, -2], [0, -4], [-3, 1], [-3, -1], [-6, -1], [0, -3], [-10, -2], [-2, -2], [-2, -4], [-4, -6], [-2, -4], [2, -4], [0, -5], [-3, -4], [-3, 1], [-3, -1], [-6, -12], [-4, -7], [3, -7], [1, -4], [2, -2], [4, -2], [2, -3], [10, 0], [6, 3], [10, -3], [1, -2], [9, -1], [8, 0], [-1, -3], [4, -6], [5, -1], [3, -3], [0, -13], [1, -6], [5, -5], [6, -1], [1, -2], [7, -3], [1, -2], [18, 0], [8, -3], [1, -2], [5, 0], [2, 2], [18, -1], [0, -4], [-3, 0], [-1, -8], [4, -6], [3, -7], [5, -5], [0, -3], [-3, -2], [-1, -13], [4, -5], [0, -4], [8, -8], [8, 0], [0, -1], [1, -10], [6, 0], [4, -5], [0, -3], [8, 4], [1, 2], [8, 1], [-3, -7], [-2, 0], [-2, -8], [-1, -2], [-1, -3], [4, 4], [2, 1], [0, 3], [3, -1], [1, 2], [3, 1], [0, 3], [2, 0], [-1, -11], [-11, -5], [-2, -5], [-5, -2], [-3, -3], [0, -5], [-3, -3], [-2, -10], [-4, 0], [0, 8], [-6, 2], [0, 3], [-8, 2], [0, 3], [-6, 1], [-12, 5], [-1, 2], [-9, 3], [-13, 3], [-10, 5], [-2, 2], [-9, 4], [1, 3], [-8, 3], [-1, 2], [-8, 1], [-2, 2], [-15, 2], [0, 5], [-15, 3], [-12, 5], [-1, 2], [-8, 2], [0, 3], [-6, 3], [-7, 5], [-1, 2], [-3, 2], [-7, 4], [-3, 2], [-5, 4], [-3, 3], [-6, 3], [-7, 4], [-3, 2], [-2, 2], [-3, 1], [-2, 3], [-3, 2], [-2, 0], [-7, -18], [-2, 1], [0, -1], [-1, 1], [1, 4], [0, 7], [1, -1], [2, 3], [3, 6], [-1, 4], [0, 1], [-1, 1], [-1, 0], [0, -1], [-1, -1], [0, -1], [2, -1], [-1, -1], [-1, 2], [-1, 0], [0, 4], [1, 1], [-1, 1], [0, -1], [-1, -1], [-1, 0], [0, 1], [1, 1], [0, 1], [-1, 0], [-2, -2], [-1, 1], [2, 3], [-2, 1], [-1, 0], [-1, -2], [-2, 1], [-4, -5], [0, -1], [6, -5], [1, -2], [0, -2], [-2, -4], [-1, -1], [1, 0], [4, -3], [0, -1], [-1, 0], [-5, 3], [-1, 3], [-1, 2], [2, -2], [2, 4], [0, 2], [-3, 3], [-4, 3], [0, 4], [1, 2], [1, 3], [2, 3], [0, 3], [-2, 2], [-9, 6], [-5, 3], [-2, 2], [-3, 1], [-3, 2], [-4, 4], [-3, 1], [-5, 4], [-4, 3], [-4, 2], [-3, 3], [-5, 4], [-5, 3], [-3, 3], [-4, 3], [-3, 3], [-4, 3], [-5, 4], [-4, 3], [-2, 2], [-6, 3], [-3, 2], [-20, 10], [-8, 3], [-7, 1], [-5, 0], [-9, 2], [-1, 3], [-6, 12], [-2, 8], [-3, 7], [-4, 1], [0, 4], [-2, 3], [-5, 2], [-3, 4], [-4, 3], [-2, 1], [0, 3], [-8, 3], [0, 4], [-7, 2], [-1, 2], [-2, 1], [-1, 3], [-6, 8], [-1, 3], [-4, 2], [0, 3], [-2, 1], [-3, 2], [0, 4], [-3, 1], [-2, 2], [-1, 3], [-2, 5], [-2, 3], [-3, 1], [0, 3], [-3, 3], [-1, 3], [-7, 4], [-1, 3], [-2, 3], [-3, 1], [-2, 2], [0, 4], [-3, 0], [-1, 5], [-4, 1], [0, 4], [-2, 0], [-2, 2], [-2, 1], [-1, 6], [-7, 1], [-5, 5], [-8, 4], [0, 4], [-2, 0], [-5, 5], [0, 3], [-9, 3], [0, 3], [-6, 3], [-2, 2], [0, 4], [-4, 0], [-3, 4], [-2, 1], [-1, 3], [-3, 5], [-3, 0], [0, 6], [-8, 10], [-1, 5], [-9, 3], [0, 4], [-2, 3], [-3, 0], [-1, 5], [-3, 0], [0, 3], [-2, 1], [-1, 2], [-4, 0], [0, 4], [-3, 1], [-4, 3], [-3, 4], [0, 3], [-6, 3], [-2, 3], [-8, 4], [-1, 5], [-7, 3], [-2, 3], [-5, 1], [0, 3], [-7, 1], [-2, 1], [-9, 2], [-2, 2], [-9, 1], [-7, 5], [-2, 6], [-16, 2], [-2, 5], [-5, 1], [-20, 10], [-17, 4], [0, 3], [-3, 0], [-1, 10], [-4, 0], [0, 5], [-9, 3], [0, 3], [-8, 2], [0, 3], [-3, 1], [-3, 3], [-3, 1], [0, 3], [-7, 4], [-2, 5], [-2, 0], [-1, 2], [-3, 1], [0, 3], [-6, 1], [-6, 5], [-6, 2], [0, 4], [-9, 1], [0, 5], [-6, 1], [-9, 5], [-3, 3], [-3, 1], [0, 4], [-4, 4], [-2, 7], [-3, 1], [-3, 4], [0, 3], [-3, 1], [-8, 10], [-2, 1], [0, 3], [-3, 0], [0, 3], [-6, 3], [-3, 2], [0, 3], [-4, 5], [-5, 2], [0, 3], [-4, 1], [-5, 4], [0, 4], [-8, 3], [0, 3], [-2, 3], [-4, 0], [0, 4], [-3, 0], [0, 3], [-9, 4], [-7, 1], [-2, 5], [-6, 2], [0, 3], [-5, 1], [-1, 5], [-4, 0], [0, 4], [-7, 3], [-1, 5], [-4, 1], [0, 4], [-5, 10], [-3, 0], [-2, 3], [-1, 3], [-2, 5], [-2, 3], [-3, 0], [0, 4], [-7, 9], [-3, 0], [-1, 4], [-3, 5], [-4, 1], [-2, 7], [-3, 5], [-2, 0], [-1, 3], [-3, 5], [-4, 1], [-3, 3], [-7, 3], [-3, 4], [-23, 1], [-2, 1], [0, 5], [-7, 3], [-3, 10], [0, 15], [3, 0], [0, 10], [-5, 0], [-2, 8], [-1, 8], [-4, 0], [-1, 5], [-9, 4], [-3, 3], [-3, 2], [-4, 0], [-7, 3], [-2, 4], [-4, 2], [1, 2], [-2, 6], [-2, 4], [-3, 5], [-1, 3], [-2, 0], [-1, 3], [-2, 5], [-8, 10], [-1, 3], [-2, 1], [-4, 3], [-3, 3], [-1, 5], [-2, 0], [-2, 2], [-2, 1], [0, 3], [-6, 2], [1, 5], [-4, 1], [-1, 9], [-3, 4], [-3, 5], [-2, 0], [-2, 7], [-1, 6], [3, 0], [-2, 7], [-5, 2], [0, 3], [-2, 3], [-5, 3], [-2, 1], [-7, 0], [-1, 9], [-1, 2], [-7, 2], [0, 3], [-6, -1], [-3, 2], [-6, 0], [-1, 1], [1, 6], [2, 4], [2, 1], [4, 10], [0, 8], [-7, 4], [-3, 3], [-6, 4], [-4, 1], [-4, 3], [0, 3], [-3, 0], [-2, 8], [-4, 2], [0, 3], [-9, 3], [-12, -2], [-6, -5], [-3, -3], [-5, 0], [-3, 3], [-7, 1], [0, 3], [-8, 3], [-4, 3], [-3, 3], [0, 3], [-1, 2], [-1, 14], [3, 0], [0, 3], [3, 4], [0, 3], [3, 0], [1, 3], [1, 2], [1, 6], [0, 15], [-9, 2], [0, 3], [-3, 1], [-1, 1], [-3, 1], [-1, 5], [-4, 1], [-5, 5], [-8, 3], [-2, 4], [-6, 3], [-2, 3], [-7, 1], [0, 3], [-2, 4], [-16, 4], [0, 4], [-2, 3], [-3, 1], [-4, 4], [0, 3], [-2, 0], [0, 4], [-5, 1], [-2, 8], [3, 1], [7, 8], [3, 3], [1, 5], [6, 7], [2, 1], [2, 21], [-1, 10], [-1, 1], [0, 9], [1, 1], [2, 10], [-1, 15], [11, 0], [2, -1], [1, 1], [-1, 3], [0, 5], [-3, 3], [-11, 1], [-2, -1], [0, -3], [-5, -2], [0, -3], [-6, -2], [-2, -2], [-9, 0], [-7, 3], [-3, 4], [-8, 4], [0, 6], [-3, 7], [0, 8], [-1, 3], [1, 13], [2, 0], [1, 3], [1, 2], [1, 3], [2, 0], [2, 1], [4, 1], [0, 3], [-6, -1], [0, 22], [-1, 2], [-2, -2], [-3, -1], [-3, -8], [-6, 0], [0, -2], [3, 0], [0, -2], [-4, 1], [-3, 4], [-5, 0], [-9, -4], [-10, 1], [-4, 18], [-1, 3], [-2, 20], [-4, 7], [-1, 6], [-2, 2], [-4, 15], [-1, 1], [0, 20], [-3, 0], [2, 11], [3, 5], [1, 8], [1, 26], [-2, 5], [-2, 8], [-3, 7], [0, 3], [-2, 7], [13, 1], [0, 4], [3, 0], [2, 6], [2, 0], [2, 16], [-1, 4], [0, 1], [1, 1], [2, 1], [0, 2], [-6, 2], [-4, 4], [1, 3], [-5, 0], [0, 4], [-4, 0], [-2, -13], [-2, -4], [-2, 3], [-8, 2], [-3, -1], [-1, 6], [-2, 0], [-1, -3], [-2, -3], [-3, 1], [-2, -4], [-14, -9], [-6, 0], [-27, -5], [-2, 2], [-2, 17], [-2, 1], [-1, 1], [-6, 3], [-2, 6], [-5, 7], [-2, 5], [-7, 1], [0, 4], [-5, 1], [-1, 5], [-1, 2], [0, 13], [-2, 6], [-5, 12], [0, 3], [-4, 1], [-3, 2], [-2, 9], [-7, 0], [0, 3], [-6, 2], [-26, 3], [-1, 3], [-4, 7], [0, 11], [2, 0], [1, 3], [5, 4], [5, 0], [8, 3], [1, 16], [5, 3], [2, 4], [1, 9], [2, 0], [-2, 4], [0, 1], [3, 4], [1, 8], [1, -1], [2, 0], [7, 3], [2, 3], [1, 3], [3, -1], [3, 2], [3, 5], [2, 13], [-2, 1], [-3, 3], [0, 3], [-8, -1], [-1, 2], [-6, -1], [0, -5], [-10, -1], [0, 3], [-6, -1], [-1, 2], [-12, -2], [-2, -2], [0, -7], [-4, 0], [-1, 8], [-1, 2], [-3, 10], [-2, 5], [-2, 3], [-9, 0], [2, -7], [0, -4], [3, -10], [3, -4], [1, -6], [2, -4], [5, -4], [3, -8], [2, -1], [1, -4], [1, -2], [2, -16], [1, -4], [-1, -9], [-2, -2], [-6, -18], [-6, 0], [0, 3], [-3, 1], [-3, 5], [-6, 3], [0, 4], [-3, 5], [-6, 3], [-1, 1], [-8, 5], [0, 3], [-6, 3], [-1, 3], [-4, 7], [-3, 0], [-1, 5], [-5, 2], [-7, 8], [-2, 6], [-2, 4], [-3, 8], [-4, 5], [-3, 11], [-2, 8], [-2, 5], [0, 3], [-3, 7], [0, 3], [-4, 7], [-2, 8], [-4, 8], [-7, 13], [-3, 0], [0, 3], [-2, 1], [-5, 6], [-2, 10], [-6, 10], [-3, 0], [0, 3], [-2, 1], [-5, 5], [-3, 1], [-1, 3], [-4, 6], [-3, 0], [0, 4], [-2, 1], [-6, 25], [-2, 16], [-3, 1], [-2, 2], [-1, 30], [2, 1], [1, 9], [10, 5], [2, 3], [0, 3], [3, 0], [0, 5], [2, 4], [6, 3], [5, 0], [4, -5], [5, -3], [2, -4], [0, -4], [3, -1], [0, -3], [17, -3], [1, 2], [6, -2], [25, 2], [1, -3], [2, -3], [3, -5], [0, -3], [3, -1], [3, -4], [4, -7], [2, -8], [-5, 2], [0, -8], [2, -1], [1, -1], [2, -7], [3, 0], [0, -1], [1, -7], [2, -1], [3, -3], [3, -2], [1, -5], [8, -2], [0, -3], [7, -1], [5, -3], [3, -1], [1, -2], [2, -2], [1, -2], [5, -2], [1, -3], [4, -3], [5, -6], [0, -3], [3, -1], [1, -1], [1, -6], [2, -2], [1, -3], [-5, 1], [-3, 3], [-4, 2], [-1, 1], [-2, 4], [-4, 2], [-8, 6], [-1, -6], [-5, 2], [4, -8], [4, -4], [2, -3], [6, -11], [2, -2], [3, -4], [2, -1], [6, -8], [4, -1], [2, 1], [3, -1], [4, 5], [2, 3], [2, 4], [-1, 2], [-2, 3], [-2, 2], [1, 3], [2, 1], [0, 9], [-3, 6], [0, 3], [-2, 3], [-2, 1], [-2, 3], [-3, 5], [-1, 5], [-2, 4], [-6, 14], [-4, 1], [-4, 3], [-4, 2], [-2, 3], [-8, 6], [0, 3], [-8, 0], [0, 3], [-2, 0], [0, -5], [-4, 0], [-1, 4], [-2, 4], [-3, 5], [0, 4], [-3, 5], [0, 6], [-1, 2], [-1, 8], [1, 16], [-4, 0], [2, 7], [0, 10], [1, 1], [3, 9], [3, 1], [0, 10], [2, 1], [1, 8], [-4, 15], [-3, -1], [-1, -1], [-4, -2], [-4, -5], [-6, -2], [-2, -5], [-4, -2], [0, -3], [-2, -1], [-24, 5], [-5, 3], [-1, 5], [-3, 0], [-1, 8], [-2, 0], [0, -3], [-4, 2], [-2, 0], [-2, -2], [-13, 1], [-4, -3], [-1, -3], [-1, -2], [-1, -3], [-6, -3], [1, -8], [-2, -2], [-3, -13], [-12, 1], [-3, 5], [-3, 0], [-1, 4], [-2, 3], [-5, 2], [-1, 6], [-3, 1], [-3, 4], [-1, 8], [-3, 5], [-1, 5], [-3, 3], [-1, 5], [-3, 1], [-4, 4], [-3, 12], [-3, 5], [0, 18], [2, 1], [1, 8], [-2, 7], [-4, 1], [0, 4], [-2, 1], [-2, 4], [-2, 8], [-5, 1], [-1, 4], [-6, 8], [-1, 3], [-3, 1], [-3, 4], [-2, 7], [-2, 3], [-3, 0], [1, 3], [-3, 5], [-1, 7], [1, 1], [-3, 0], [-3, 12], [-4, 14], [2, 3], [-6, 12], [0, 1], [-1, -1], [-36, -25], [-1, -6], [-2, -2], [-1, 1], [-4, 8], [-3, 1], [-2, 0], [0, 2], [2, 4], [-3, 12], [0, 1], [-3, 1], [-1, 0], [0, 1], [1, 0], [4, -1], [5, -18], [3, -1], [40, 28], [1, 4], [-2, 4], [-4, 1], [-6, 14], [-5, -5], [-12, -5], [-5, -2], [-3, -1], [-1, 0], [-2, 2], [-1, -1], [-3, -2], [-2, -2], [-2, -6], [-2, -5], [0, -1], [-2, 0], [0, 1], [1, 0], [1, 4], [1, 2], [2, 5], [2, 3], [0, 1], [5, 3], [1, 0], [9, 7], [10, 8], [2, 0], [-2, 3], [-2, -2], [-10, -7], [-8, -6], [-5, -4], [-1, 0], [-1, -1], [0, -1], [-1, -1], [-2, -4], [-2, -6], [-3, -5], [0, -1], [-1, 0], [0, 2], [2, 3], [1, 2], [2, 5], [-1, 2], [-3, -3], [-1, 0], [-1, 1], [0, 1], [2, 1], [0, 1], [1, 1], [1, 0], [7, 7], [-2, 6], [-5, -4], [-1, -1], [-3, -2], [0, 1], [-3, 5], [1, 1], [1, -1], [0, -1], [1, -4], [2, 2], [-2, 4], [1, 1], [1, -3], [1, 0], [0, -1], [5, 4], [-2, 6], [-5, 9], [-1, -1], [-3, -2], [-4, -3], [-1, -1], [-1, 0], [-1, 1], [-1, 3], [-1, 4], [0, 1], [3, 3], [6, 4], [-4, 11], [-7, -5], [-3, -3], [-2, 0], [-3, 3], [0, 2], [2, 2], [2, 1], [3, 2], [0, 1], [-8, 16], [-2, 0], [-2, 1], [-7, 2], [-5, 2], [-3, 0], [-1, -1], [-1, -2], [0, -2], [-3, 0], [1, 4], [0, 2], [1, 2], [2, 1], [1, 0], [1, 1], [1, -1], [2, 0], [0, 3], [-2, 2], [-1, 2], [-2, 1], [-5, 5], [-4, 5], [1, 1], [-6, 12], [-3, 5], [-4, 6], [-2, 4], [-1, 1], [-1, 0], [-2, 3], [-1, 3], [-4, 6], [-3, 3], [-4, -3], [0, -1], [-1, 1], [-1, 9], [3, 2], [1, 0], [1, -3], [2, 1], [1, 1], [0, 3], [-1, 0], [0, 30], [1, 13], [-1, 4], [0, 16], [-1, 0], [0, 3], [1, 3], [-1, 2], [0, 2], [-1, 5], [0, 5], [-2, 6], [-1, 1], [0, 2], [-2, 4], [-3, 5], [-1, 2], [-1, 0], [-1, -1], [0, -1], [-1, -1], [0, 1], [-4, -4], [0, -1], [-1, -1], [-1, 0], [-3, -4], [0, -1], [-1, -1], [-1, 0], [-1, -2], [-2, -2], [-1, 0], [-1, 2], [0, 1], [5, 4], [13, 13], [-1, 2], [0, 1], [-1, 0], [-1, -1], [1, 2], [-3, 11], [-2, 5], [-6, 6], [-2, 5], [-2, 9], [-2, 0], [1, 2], [-3, 4], [-2, 2], [-1, 0], [0, 6], [-2, 1], [-1, 1], [-8, -17], [-1, 1], [-2, 0], [2, 5], [2, 2], [5, 9], [2, 5], [-4, 7], [0, 2], [-1, 0], [-5, 9], [-1, -1], [-3, -2], [0, 1], [2, 2], [-2, 0], [-1, -1], [-1, 1], [1, 1], [4, 0], [1, 1], [0, 1], [-1, 0], [0, 2], [-1, 0], [-3, 4], [-6, 3], [-2, 2], [-5, 10], [0, 4], [-1, 0], [-4, -3], [0, -3], [-1, 0], [0, 2], [-1, 0], [-2, 4], [0, 1], [1, 0], [4, 8], [-1, 4], [0, 2], [-1, 0], [-1, 5], [-1, 2], [0, -1], [-1, -2], [0, -6], [-3, -3], [-1, 1], [-2, 5], [0, 9], [-8, 16], [-8, -2], [-2, 0], [0, 1], [-2, 3], [0, 1], [2, 1], [3, 0], [4, 1], [0, 1], [1, 0], [1, 3], [-1, 4], [-6, 13], [-3, 0], [-4, 4], [-1, 5], [-3, 0], [0, 4], [-13, 5], [0, 3], [-2, 1], [-5, 4], [-1, 3], [-2, 5], [-2, 8], [-4, 12], [-3, 4], [-2, 7], [-3, 1], [-5, 4], [0, 3], [-3, 0], [0, 3], [-2, 1], [-11, 13], [-8, 26], [-1, 1], [-1, 7], [-2, 2], [-4, 14], [-3, 0], [-3, 13], [-4, 9], [-2, 9], [-2, 2], [-1, 7], [-1, 1], [-6, 18], [-4, 0], [-1, 8], [-2, 7], [-3, 3], [-2, 12], [-3, 8], [-5, 11], [0, 2], [6, 7], [2, 2], [5, 0], [4, 3], [3, 2], [4, 4], [5, 0], [1, 2], [24, 4], [-1, 3], [1, 1], [1, 0], [4, -3], [4, 0], [1, 1], [5, 0], [2, 3], [3, 10], [-1, 9], [-9, 1], [-4, -3], [-5, -4], [-1, 3], [-1, 4], [-1, 1], [-7, 25], [1, 10], [3, 0], [0, 6], [7, 1], [4, 1], [8, 0], [8, 4], [2, 2], [4, 29], [1, 2], [0, 3], [-1, 2], [-1, 3], [-5, 2], [-1, 5], [-3, 8], [-5, 1], [-3, 2], [0, 4], [-2, 0], [0, 3], [-12, 2], [-1, 2], [-9, 5], [-3, 3], [-2, 1], [0, 3], [-3, 0], [-1, 8], [2, 2], [0, 7], [2, -2], [2, -3], [0, -12], [2, -2], [5, -1], [-1, 3], [1, 18], [4, 5], [2, 7], [3, 0], [-2, 13], [4, 9], [0, 7], [-1, 2], [-1, 3], [-8, 1], [0, -9], [1, -7], [-2, 0], [0, 3], [-9, 2], [-1, 5], [3, 5], [-1, 2], [-1, 1], [-4, 1], [-6, -3], [-3, -3], [0, -3], [-7, 0], [0, 3], [-2, 4], [-7, 1], [1, 6], [-3, 2], [-1, 5], [-6, 9], [-3, -5], [-6, -4], [0, -4], [-5, 0], [-9, 4], [0, 4], [-4, 0], [0, 3], [-2, 1], [-3, 2], [1, 5], [2, 2], [-2, -5], [18, 1], [6, 5], [6, 1], [1, -1], [3, -1], [1, -8], [5, -7], [2, -8], [4, 0], [0, -3], [2, -2], [0, 4], [-2, 3], [-3, 1], [-1, 5], [-6, 8], [0, 15], [-1, 1], [-9, 1], [0, 3], [-9, 3], [0, 3], [-15, 1], [-2, 2], [-3, 1], [-17, 1], [-5, 3], [-17, -2], [-2, -1], [0, -3], [-11, 1], [-4, 3], [-3, 3], [0, 8], [-2, 0], [-1, 3], [-2, 4], [-1, 11], [-3, 0], [0, 2], [3, 0], [0, 1], [-3, 0], [0, 2], [3, 0], [0, 11], [-6, 2], [0, 3], [1, 2], [-1, 21], [-1, 2], [0, 3], [1, 2], [-9, 2], [-4, 3], [-3, 0], [-1, 4], [-3, 7], [-1, 0], [1, -10], [-5, 1], [-1, 2], [-5, 0], [-16, -6], [0, -3], [-6, 1], [-7, -5], [-2, -3], [-2, -5], [-2, 0], [0, -3], [-3, -1], [-4, -5], [-5, -2], [3, -13], [3, -3], [0, -4], [3, -7], [3, -1], [0, -3], [5, -3], [4, -3], [2, -2], [1, -7], [3, 0], [0, -3], [3, 0], [0, -3], [2, -3], [5, -4], [2, -8], [2, 0], [0, -3], [-2, 0], [0, -5], [-3, 1], [1, -8], [-1, -1], [3, 0], [0, 3], [2, 0], [1, -10], [3, -4], [5, -3], [3, 0], [0, -3], [8, -1], [1, -9], [-1, 1], [-4, 0], [-2, -1], [-2, 0], [-2, -8], [3, 0], [-1, -3], [4, -6], [2, -1], [0, -3], [4, -1], [5, -5], [0, -4], [3, 0], [1, -2], [3, -1], [0, -3], [9, -3], [0, -4], [4, -2], [3, -1], [1, -3], [4, -5], [3, -8], [2, -4], [0, -3], [4, -6], [2, -6], [2, -1], [1, -3], [4, -4], [2, -6], [2, 0], [1, -3], [3, -5], [4, -8], [3, 0], [0, -4], [2, -1], [2, -2], [1, -3], [3, -1], [2, -3], [3, -1], [0, -3], [2, -1], [2, -3], [5, -11], [2, -3], [5, -1], [7, -5], [2, -3], [2, -6], [4, -5], [1, -5], [9, -3], [1, -4], [4, -4], [3, -1], [0, -3], [3, -5], [4, -4], [4, -1], [2, -2], [2, -1], [1, -2], [1, -1], [0, -2], [-2, -2], [0, -4], [1, -1], [0, -2], [-1, -1], [-1, 0], [-1, -2], [0, -1], [-1, -2], [1, -1], [0, -1], [-1, -2], [1, -1], [0, -1], [-1, -2], [0, -3], [-1, -1], [-1, 0], [0, -1], [-1, -1], [-3, 0], [-1, 1], [-1, -1], [-1, 0], [-2, -2], [-2, 0], [-2, 1], [-1, 1], [-1, 2], [-2, 3], [-3, 2], [-2, 3], [-2, 5], [-6, 9], [-1, 4], [-3, 5], [0, 2], [-2, 2], [0, 2], [-1, 1], [0, 3], [-2, 4], [-2, 2], [0, 1], [-1, 1], [-1, 0], [-2, 2], [0, 2], [-5, 5], [-6, 2], [-4, 1], [-2, -1], [-1, 0], [-2, -1], [-1, -1], [-1, 1], [-2, 0], [-2, 2], [-3, 0], [-3, 1], [-3, 0], [-5, 1], [-5, 0], [-1, 1], [-2, 0], [-1, 1], [-6, 3], [-1, 0], [-2, 2], [-3, 0], [0, 1], [-1, 1], [-3, 0], [-3, 1], [-2, 1], [-9, 0], [-2, -2], [-4, 0], [-3, 1], [-2, 1], [-5, 4], [-4, 4], [-1, 2], [-2, 2], [-2, 4], [-8, 8], [-1, 3], [-1, 4], [-2, 5], [0, 3], [-1, 2], [0, 4], [-1, 3], [-1, 2], [-4, 5], [-2, 3], [-2, 4], [-1, 1], [-2, 4], [-2, 5], [-2, 3], [-1, 4], [-5, 15], [-2, 5], [-2, 4], [-2, 1], [-1, 2], [-1, 1], [-1, 2], [-2, 2], [0, 2], [-2, 2], [0, 1], [-2, 5], [-1, 9], [-1, 3], [-2, 8], [-2, 9], [-2, 11], [-4, 5], [-5, 17], [-3, 17], [-1, 2], [-3, 23], [-2, 5], [-5, 20], [-3, 3], [-1, 5], [-13, 29], [-1, 7], [-2, 1], [0, 4], [-6, 2], [-3, 0], [-7, -2], [-4, 5], [-2, 6], [-1, 2], [-1, 8], [-2, 1], [-1, 30], [-2, 8], [-3, 3], [-4, 8], [-3, 10], [-2, 3], [-3, 5], [-3, 15], [-2, 44], [-1, 7], [-2, 3], [-2, 4], [-1, 3], [-1, 9], [-4, 9], [-1, 9], [3, 1], [7, 4], [6, 1], [0, 4], [4, 3], [3, 0], [2, 1], [4, -5], [2, -2], [3, -7], [0, -5], [4, -2], [2, -6], [5, -10], [2, -6], [4, -3], [2, -4], [0, -5], [3, 0], [4, -7], [3, -1], [0, -3], [6, -2], [2, -8], [6, -8], [1, -5], [4, -1], [1, -2], [0, -2], [-3, -5], [-2, -5], [0, -6], [2, -3], [9, 0], [2, 2], [6, 0], [6, 3], [7, -1], [0, -3], [5, 2], [1, -7], [3, -6], [4, 0], [0, -4], [3, -3], [2, -4], [18, -3], [1, 1], [8, 2], [3, 1], [2, 0], [4, 4], [4, 5], [7, 4], [5, 2], [0, 1], [1, 3], [3, 1], [1, 2], [3, 0], [5, 6], [2, 1], [0, 6], [-4, 2], [-1, 5], [-2, 0], [-1, 3], [-3, 5], [-3, 1], [-1, 2], [-8, 1], [-2, 2], [-4, 0], [-3, 2], [-8, 2], [0, 3], [-5, 2], [0, 3], [-10, 4], [-3, 8], [-4, -1], [-2, 2], [1, 13], [-6, 0], [-3, 3], [-3, 1], [0, 6], [3, 1], [1, 1], [0, 3], [8, 3], [4, 3], [5, 1], [1, -4], [2, -2], [4, -1], [-1, 3], [-4, 5], [0, 10], [2, 0], [0, -6], [4, -1], [0, 5], [1, 0], [0, -5], [5, 2], [1, 3], [2, 2], [0, -5], [1, 0], [0, 21], [-3, 5], [0, 3], [-3, 1], [-4, 5], [-5, 3], [-1, 3], [-6, 8], [-2, 1], [-25, -1], [0, -1], [3, 0], [-1, -4], [-1, -1], [-1, -4], [-9, 0], [-6, -4], [-7, 0], [-2, 4], [-2, 0], [-1, -2], [-4, 0], [-1, 2], [-3, 1], [0, 3], [-4, 1], [0, 7], [2, 7], [0, 4], [4, 7], [1, 3], [3, 0], [-3, 8], [-5, 1], [-1, 2], [-25, 0], [-1, 2], [-12, 4], [-8, 1], [-1, -1], [1, -8], [2, -4], [1, -3], [2, -1], [8, -10], [5, 0], [1, -3], [2, -4], [-3, 0], [0, 3], [-4, -1], [-1, -5], [3, 0], [0, -4], [4, -4], [6, 0], [0, -5], [-8, -3], [-2, -2], [0, -5], [-4, -1], [-5, 0], [-5, -3], [-2, -2], [-3, -4], [-1, -1], [-4, -6], [-5, 0], [-2, 2], [-4, 0], [-2, 1], [-1, 0], [0, -1], [-9, 2], [-4, 28], [-3, 3], [-1, 5], [-2, 0], [-1, 3], [-4, 5], [-5, 10], [-4, 5], [-4, 6], [-2, 5], [-3, 4], [-2, 4], [-4, 5], [-4, 7], [-2, 5], [-3, 3], [-4, 7], [-3, 3], [-1, 5], [-4, 6], [-3, 0], [-1, 4], [-2, 3], [-2, 1], [-4, 5], [-5, 3], [-21, 2], [-6, 3], [-2, 2], [-2, 0], [-2, -1], [0, 5], [-2, 1], [0, 5], [-3, 1], [-5, 4], [-1, 5], [-3, 1], [-1, 1], [-3, 1], [-1, 7], [-5, 1], [-1, 7], [-4, 0], [-1, 3], [-4, 7], [-5, 6], [-2, 7], [-2, 1], [-6, 5], [-5, 2], [0, 3], [-2, 0], [-1, 4], [-2, 3], [-5, 2], [-1, 4], [-6, 3], [-3, 5], [-6, 2], [0, 4], [-4, 0], [-3, 4], [-3, 3], [-6, 2], [0, 4], [-3, 0], [-1, 2], [-4, 1], [0, 5], [-7, 1], [0, 4], [-9, 1], [0, 4], [-4, 2], [-5, 1], [0, 3], [-5, 1], [-5, 3], [-23, 9], [-7, -1], [0, 3], [-3, 5], [-1, 20], [5, 11], [0, 3], [-5, 7], [-2, 1], [-8, 5], [0, 15], [-3, 0], [-3, 21], [-4, 1], [-3, 3], [0, 4], [-4, 0], [-4, 11], [-1, 1], [0, 6], [1, 0], [1, -4], [3, -5], [0, -4], [4, 0], [0, -1], [-2, 0], [0, -2], [6, 1], [3, 1], [2, 0], [0, 8], [4, 0], [1, 3], [1, 2], [0, 1], [-1, 2], [-1, 3], [5, 2], [0, 5], [-3, 3], [-2, 15], [1, 1], [2, 12], [2, -1], [4, -3], [2, -4], [3, -4], [6, -2], [2, -3], [3, -5], [5, -3], [0, -3], [8, -3], [0, -4], [6, 0], [5, 1], [4, -3], [3, 0], [1, 2], [5, 2], [1, 3], [1, 1], [2, 1], [2, 8], [0, 10], [-1, 1], [-1, 4], [-1, 0], [0, -4], [-1, 0], [0, 4], [-7, 0], [0, 3], [-2, 1], [-3, 3], [-3, 1], [0, 3], [-3, 5], [-1, 8], [1, 1], [4, 8], [1, 1], [2, 1], [2, -3], [8, -2], [2, 5], [-2, 8], [-3, 2], [-1, 3], [-2, 2], [-1, 2], [-2, 2], [0, 2], [-3, 9], [-2, 3], [-3, 3], [-7, 2], [-4, 2], [-5, 2], [-7, 4], [-11, 2], [-2, 8], [0, 18], [-2, 7], [-1, -1], [-3, 0], [-4, 3], [-2, -1], [0, 4], [-5, 2], [-4, 3], [-2, 0], [-2, -1], [-1, 0], [-4, 2], [-1, 4], [-3, 4], [-3, 5], [-1, 4], [-5, -4], [-1, 13], [-3, 9], [-3, 0], [1, 3], [-1, 2], [-4, 1], [-1, 8], [-2, 4], [-4, 0], [0, 9], [-4, 0], [0, 4], [-3, 0], [-1, 5], [-3, 0], [2, 3], [-11, 1], [-2, 3], [-7, -1], [0, -8], [-2, -5], [0, -5], [2, -3], [-2, 0], [-2, -13], [-5, 2], [-2, 4], [-7, 2], [-2, 10], [-2, 3], [-14, 1], [-1, 1], [0, 3], [-13, 1], [-8, -3], [-3, -4], [-3, 0], [0, -4], [-3, 0], [-2, -6], [-6, -8], [-2, -5], [-22, -2], [0, 4], [-6, 0], [0, 3], [-3, 5], [-7, 2], [-5, 1], [-1, 3], [-3, 5], [-3, 0], [0, 3], [-2, 0], [-1, 5], [-2, 4], [-11, 0], [-4, 2], [-3, 3], [1, 4], [-1, 2], [-9, 4], [-4, 3], [-6, 0], [3, 13], [-1, 1], [0, 5], [1, 4], [0, 6], [-1, 3], [-8, 10], [-2, 7], [-5, 1], [-3, 8], [-4, 2], [-3, 10], [-2, 3], [-4, 10], [-3, 3], [-2, 7], [-4, 0], [0, 3], [-2, 0], [-2, 5], [-3, 2], [-1, 3], [-3, 6], [-4, 7], [0, 5], [-3, 1], [-5, 6], [-2, 1], [-1, 3], [-7, 10], [-3, 0], [-2, 7], [-2, 3], [0, 3], [-2, 0], [-1, 3], [-3, 4], [-1, 5], [-6, 8], [-1, 5], [-6, 1], [0, 4], [-3, 0], [-1, 2], [-4, 1], [-1, 3], [-4, 5], [-4, 12], [0, 3], [-1, 1], [-4, 12], [-5, 6], [0, 4], [-3, 0], [-2, 8], [0, 6], [-5, 17], [-1, 1], [-1, 5], [-5, 2], [-1, 6], [-9, 17], [-1, 5], [-3, 3], [-2, 6], [-4, 5], [-4, 2], [-4, 18], [-1, 2], [-2, 5], [0, 8], [2, 5], [1, 1], [0, 8], [4, 17], [-2, 5], [3, 0], [-1, 1], [0, 7], [1, 1], [1, 4], [2, 0], [6, 11], [7, 7], [2, 9], [2, 2], [-2, 21], [-2, 7], [0, 3], [-1, 2], [0, 6], [2, 39], [-2, 5], [0, 18], [4, 5], [0, 12], [-4, 6], [-2, 0], [0, 3], [-9, 4], [-1, 3], [-4, 6], [-3, 0], [-1, 4], [-1, 1], [-1, 8], [-2, 4], [-11, 1], [-6, 2], [1, 2], [-2, 14], [-3, 0], [-1, 9], [2, 0], [-1, 4], [-5, 0], [-1, 5], [1, 1], [3, 1], [0, 2], [-6, 2], [-4, 4], [0, 4], [-1, 1], [0, 2], [1, 0], [1, -1], [3, 0], [2, 2], [1, 4], [5, 0], [1, 21], [1, 3], [1, 8], [-1, 2], [-1, 8], [-11, -1], [-3, 1], [1, -7], [-1, -1], [-4, -1], [-1, 2], [-5, -2], [-1, -2], [-2, 0], [-1, 2], [-4, 0], [-8, 3], [-1, 2], [-3, 1], [2, 13], [0, 21], [-3, 1], [-5, 4], [-1, 7], [-8, 1], [-1, 8], [-2, 4], [-4, 9], [-4, 1], [-6, 4], [0, 13], [-3, 0], [0, 10], [3, 0], [1, 23], [-1, 1], [-3, 1], [0, 11], [-4, 5], [-3, 8], [-3, 1], [-4, 4], [-1, 5], [-3, 1], [-3, 5], [-6, 0], [-1, -2], [-5, -2], [0, 3], [4, 1], [1, 1], [3, 1], [-1, 3], [-4, 5], [0, 5], [-4, 7], [2, 6], [0, 5], [-2, 2], [0, 5], [-8, -4], [1, -11], [-5, 2], [-1, 6], [3, 3], [1, 12], [2, 2], [4, 1], [-1, 3], [-12, -2], [-3, -2], [0, -4], [-2, 0], [1, 8], [1, 4], [0, 6], [7, 0], [0, 4], [4, 0], [-1, 13], [-4, 6], [0, 3], [-4, 5], [0, 4], [-4, 0], [-1, 2], [-4, 0], [-7, -2], [-6, -4], [1, -2], [4, -1], [0, -2], [-13, -2], [-4, 2], [-4, 0], [-4, -3], [0, 12], [1, 6], [-3, 5], [-2, 7], [3, -2], [-1, 6], [-1, 5], [-3, 0], [0, 4], [-14, 0], [-3, 2], [-3, 0], [-2, -2], [-1, 1], [-2, 1], [-2, 0], [-3, -2], [1, -2], [0, -15], [3, -1], [0, -5], [-5, -1], [-2, 1], [-1, 13], [-4, 6], [-2, 0], [0, 9], [-1, 3], [0, 2], [2, 6], [-3, -2], [-1, 12], [-2, 1], [-3, 2], [-1, 5], [-2, 5], [-3, 3], [-4, 12], [1, 3], [-4, 2], [-1, 8], [-3, 8], [-2, 3], [-3, 1], [-1, 2], [-7, 2], [-1, 7], [-8, 1], [0, 3], [-15, 7], [0, 3], [-11, -1], [-2, -3], [-4, -2], [0, -5], [-2, 0], [0, 3], [-5, -1], [0, -7], [-6, 1], [-3, 1], [-4, 5], [0, 3], [-2, 3], [-3, 1], [-1, 2], [-1, 0], [-8, -5], [-2, 7], [-4, 7], [-2, 6], [-3, 0], [-2, 8], [-3, 0], [0, 5], [-4, 1], [-1, 1], [-8, 2], [1, 5], [3, 6], [0, 4], [-1, 4], [-3, 6], [-1, 8], [0, 1], [-2, 5], [0, 3], [-2, 11], [-2, 0], [-2, 13], [-2, 2], [-2, 8], [0, 10], [-3, 7], [5, -4], [4, -2], [1, -2], [2, 3], [3, 9], [-3, 9], [-3, 7], [-5, 9], [-2, 1], [-6, -3], [-5, 9], [0, 4], [-1, 3], [-5, 7], [-5, 4], [-1, 2], [-8, 12], [-3, 5], [-1, 3], [-2, 5], [-2, 6], [-2, 2], [-1, 13], [-2, 5], [0, 4], [1, 1], [0, 12], [1, 1], [2, 15], [-2, 11], [1, 2], [-4, 0], [-1, -8], [-4, 1], [-1, 9], [-2, 3], [-5, -1], [-3, 3], [-1, 6], [3, 0], [-3, 7], [-1, 21], [-3, 0], [0, 8], [-3, 5], [-2, 8], [3, 0], [0, 5], [-2, 8], [-1, 2], [-2, 6], [-10, -1], [-2, -1], [-4, 4], [1, 0], [-1, 1], [6, 7], [-1, 2], [-1, 3], [-3, 10], [3, -3], [-1, 6], [-1, 3], [2, 3], [0, 6], [-3, 10], [-1, 5], [-2, 8], [1, 5], [0, 1], [2, 0], [3, -1], [1, -2], [4, 0], [2, 3], [0, 3], [1, 5], [0, 4], [-1, 0], [1, 3], [1, 1], [0, 11], [-1, 2], [-2, 3], [-1, 3], [0, 3], [2, 3], [1, 3], [1, 5], [0, 3], [5, 10], [3, 7], [1, 4], [0, 4], [-2, 2], [-2, -1], [-2, -3], [-4, -2], [-2, -3], [-1, -2], [0, -5], [-2, -2], [-1, -3], [-2, 0], [-4, 2], [0, 3], [-1, 2], [0, 4], [2, 2], [-1, 3], [2, 2], [0, 7], [1, 4], [2, 3], [-1, 2], [0, 3], [3, 21], [5, -1], [4, 3], [1, 3], [-5, 1], [2, 2], [-1, 9], [10, 0], [3, 4], [2, 16], [-1, 2], [1, 1], [0, 3], [-1, 1], [-1, -1], [0, -3], [-1, 1], [0, 3], [2, 3], [-1, 5], [-2, 5], [-2, 6], [-2, -1], [-1, 2], [-3, 0], [0, 7], [-1, 2], [-1, 12], [-2, 2], [-2, 6], [-3, 3], [2, -14], [-13, 14], [10, 16], [-4, 11], [-6, -4], [0, 1], [-3, -1], [-64, -95], [-12, 13], [-2, 2], [0, 5], [42, 63], [4, 11], [5, 18], [4, -2], [2, 9], [-3, 1], [-1, -4], [-1, 0], [0, 2], [1, 3], [1, 4], [1, 5], [1, 9], [0, 4], [1, 6], [0, 5], [1, 10], [0, 15], [-1, 10], [-1, 6], [-2, 16], [-1, 4], [-3, 4], [-2, 1], [-3, 2], [1, 7], [-4, 8], [-2, 10], [-4, 1], [-1, 1], [-3, 1], [-2, 7], [-2, 5], [-3, 3], [-1, 3], [-16, 8], [-6, 4], [-7, 7], [-3, 1], [-6, 5], [-2, 2], [-9, 2], [-1, -2], [-3, 0], [-1, 1], [0, 3], [3, 0], [-1, 3], [-1, 2], [-3, 8], [-2, 3], [-4, 1], [-2, 3], [-1, 5], [-3, 5], [-6, 13], [-3, 9], [0, 9], [-1, 3], [0, 5], [-1, 5], [0, 6], [-3, 16], [-3, 3], [-2, 5], [0, 4], [-2, 4], [-6, 1], [-1, 9], [-3, 2], [-1, 4], [-2, 3], [-5, 2], [-5, 8], [-2, 4], [-4, 11], [-2, 5], [-3, 19], [-4, 6], [-2, 8], [2, 1], [1, 1], [0, 5], [-2, 4], [-5, 0], [-5, 4], [-4, 9], [-5, 1], [-7, 3], [0, 5], [-4, 7], [0, 3], [-5, 0], [0, 2], [4, 0], [1, 1], [2, 4], [-1, 4], [-7, 8], [-2, 9], [-1, 6], [-5, 7], [-3, 5], [-1, 5], [-2, 6], [-2, 10], [0, 7], [-2, 8], [-3, 5], [-4, 6], [-3, 5], [-4, 4], [-1, 4], [-3, 9], [-2, 8], [-2, 11], [-3, 8], [-4, 7], [-8, 8], [-3, 2], [-3, 3], [-4, 2], [-5, 5], [-5, 6], [-1, 3], [-3, 6], [0, 11], [1, 9], [1, 7], [-2, 11], [-5, 23], [0, 6], [2, 2], [1, 8], [3, 3], [1, 7], [2, 3], [2, 12], [-1, 4], [-2, 4], [0, 10], [-1, 4], [3, 9], [2, 5], [2, 4], [1, 5], [0, 11], [-1, 3], [0, 4], [-1, 1], [-1, 0], [0, -1], [-17, -9], [-5, -2], [-7, -5], [-2, -1], [-1, 0], [-1, 1], [1, 0], [1, 1], [1, 0], [6, 3], [14, 8], [8, 4], [5, 5], [3, 4], [1, 2], [12, 9], [2, 2], [2, 5], [0, 1], [-2, -1], [0, 2], [1, 2], [4, 2], [3, 2], [5, 2], [3, 1], [1, -1], [15, 0], [5, 2], [6, 1], [6, 2], [4, 4], [0, 2], [-1, 1], [0, 2], [-2, 0], [0, 3], [-2, 2], [0, 0], [-1, 0], [0, 3], [-1, 1], [-3, 4], [-3, 3], [0, 1], [-1, 1], [-1, 0], [-2, 4], [-4, 2], [-4, 0], [-5, 1], [-10, 0], [-5, -1], [-3, 0], [-3, -1], [-4, -2], [-5, -2], [-2, -2], [-2, -1], [-1, -1], [0, -9], [-1, -1], [0, -2], [1, -1], [1, 0], [1, -2], [0, -2], [-1, 0], [0, 2], [-1, 0], [-1, -1], [-2, -1], [-2, 0], [0, 6], [1, 6], [2, 6], [1, 5], [1, 4], [0, 6], [-2, 3], [-1, 3], [-1, 2], [-1, 1], [0, 3], [-1, 3], [0, 2], [1, 5], [3, 8], [1, 6], [4, 8], [2, 3], [5, 5], [6, 7], [0, 1], [3, 3], [3, 2], [3, 0], [1, -1], [1, 0], [3, -3], [2, -1], [1, -2], [0, -1], [1, -2], [-1, -2], [0, -1], [-1, -1], [0, -7], [1, -2], [1, -1], [1, -2], [1, -1], [2, -4], [0, -3], [1, -1], [2, -4], [0, -1], [1, -2], [2, -1], [3, -3], [0, -3], [-1, -1], [0, -1], [-1, -2], [0, -4], [-1, -1], [-2, 0], [0, -7], [4, -6], [1, -1], [0, -1], [3, -2], [1, -2], [1, 0], [0, -1], [1, 0], [1, -1], [0, -1], [1, -2], [3, -3], [1, 0], [1, -2], [0, -1], [2, -3], [1, -2], [3, -5], [1, -1], [1, 0], [2, 2], [-1, 1], [0, 1], [1, -1], [0, -1], [6, 3], [2, 2], [3, 1], [0, 1], [1, 0], [1, 1], [1, 2], [1, 0], [0, 1], [-1, 0], [0, 1], [2, 1], [2, 0], [1, -1], [5, 0], [2, 1], [1, 0], [1, 1], [-1, 1], [-1, 0], [0, 1], [-2, 3], [-1, 0], [0, 1], [-1, 2], [-1, 1], [1, 1], [0, -1], [1, 0], [1, -2], [3, -4], [2, -3], [2, -2], [1, 0], [1, 1], [2, 0], [1, 1], [2, 1], [1, 1], [0, 1], [3, 6], [2, 3], [2, 4], [0, 9], [-2, 3], [-3, 2], [-1, 2], [-2, 0], [-2, 1], [-1, 0], [-2, 1], [-1, 1], [-9, 0], [-2, -1], [-1, -1], [-1, 0], [0, -1], [-1, 0], [0, 4], [-2, 2], [-1, 0], [-2, 2], [-1, 0], [0, -1], [1, 0], [0, -1], [1, -1], [0, -1], [1, -1], [1, -2], [0, -1], [1, 0], [0, -1], [1, -1], [0, 1], [1, 0], [-1, -1], [1, -1], [0, -3], [-1, 1], [0, 2], [-1, 1], [0, 1], [-3, 3], [-2, 4], [0, 1], [-1, 1], [0, 3], [1, 1], [1, 2], [2, 2], [0, 3], [-1, 2], [1, 1], [0, 3], [2, 4], [0, 2], [1, 1], [0, 1], [-1, 1], [0, 10], [1, 1], [0, 5], [-2, 0], [-1, -1], [0, -1], [1, -1], [-5, 0], [0, -1], [1, -1], [0, 0], [0, -1], [2, -2], [-1, 0], [-1, 1], [-1, 0], [0, -1], [1, -2], [1, -3], [1, -1], [1, 0], [1, -1], [-1, 0], [0, -1], [-1, 0], [-1, 2], [-2, 3], [-1, 3], [0, 6], [2, 4], [1, 1], [0, 7], [1, 2], [0, 3], [-1, 1], [-1, 2], [0, 1], [-1, 2], [0, 2], [1, 2], [1, 7], [1, 5], [2, 7], [1, 3], [0, 2], [1, 1], [1, 3], [1, 2], [2, 3], [2, 2], [1, 2], [0, 1], [1, 1], [0, 2], [-1, 0], [-1, 1], [-2, 0], [0, -1], [1, 0], [0, -1], [-2, 0], [0, 1], [-1, 0], [0, 1], [-10, 0], [-1, -1], [-1, 0], [0, -3], [-1, 0], [0, 2], [-1, 0], [0, 2], [1, 0], [1, 1], [2, 0], [2, 1], [7, 0], [3, 1], [2, 0], [2, 1], [1, 0], [1, 1], [2, 0], [4, 4], [1, 2], [1, 1], [0, 1], [2, 2], [0, 1], [1, 0], [0, 9], [1, 0], [0, 3], [1, 1], [0, 1], [1, 0], [0, 1], [5, 5], [1, 3], [1, 0], [0, 1], [-1, 0], [0, 1], [1, 0], [0, 1], [1, 0], [1, 1], [1, 0], [0, -1], [1, 0], [0, -1], [2, 0], [0, -1], [1, 0], [0, -1], [1, 0], [0, -1], [5, 0], [1, -1], [0, -4], [1, -1], [-1, 0], [0, -4], [1, -1], [0, -1], [1, -1], [0, -1], [1, -1], [-1, -1], [0, -2], [-1, -1], [-1, 0], [0, 1], [-2, -2], [0, -1], [2, -2], [1, 0], [0, 0], [-2, 0], [-3, -1], [-4, 0], [-4, -2], [-3, -1], [-2, -1], [-1, -1], [-3, -2], [-1, -1], [0, -1], [-1, -1], [0, -1], [-1, -1], [-1, 0], [0, -3], [-1, -1], [0, -1], [-4, -4], [0, -1], [-1, 0], [0, -5], [-1, -1], [0, -10], [-1, 0], [0, -1], [-4, -4], [0, -1], [-1, -1], [-1, -2], [0, -1], [-1, -2], [0, -1], [-1, -1], [0, -5], [3, -3], [0, -1], [2, -1], [4, -4], [1, -2], [1, -1], [0, -3], [-1, -2], [0, -1], [1, -1], [0, -5], [1, -1], [0, -7], [-1, -1], [0, -2], [-1, -2], [0, 2], [2, 4], [0, 3], [-1, 1], [-1, 0], [-2, 1], [-5, 0], [-1, -1], [-1, 0], [-1, -1], [0, -1], [-1, -1], [0, -2], [-1, -2], [0, -3], [1, -1], [0, -6], [1, -1], [3, -1], [4, 0], [1, -1], [1, 0], [0, -1], [3, 0], [4, -1], [4, 0], [1, -1], [2, 0], [2, -1], [6, 0], [4, 2], [1, 0], [1, 1], [2, 0], [2, 1], [2, 0], [2, 1], [1, 0], [4, 2], [4, 0], [2, 1], [5, 0], [1, 1], [2, 1], [3, 1], [3, 2], [2, 1], [1, 1], [3, 0], [2, 1], [2, 2], [2, 0], [4, 2], [2, 2], [1, 0], [1, 1], [0, 2], [1, 1], [1, 2], [1, 1], [0, 1], [1, 1], [1, 0], [0, 1], [2, 2], [1, 0], [1, 1], [4, 0], [1, 1], [4, 0], [2, 2], [8, 4], [1, 0], [1, 1], [1, 0], [1, 1], [1, 0], [6, 6], [0, 1], [3, 0], [2, 2], [2, 1], [1, 1], [1, 0], [2, 1], [1, 0], [2, 1], [1, 0], [3, 2], [2, 2], [1, 2], [0, 1], [1, 2], [1, 0], [5, 5], [1, 2], [1, 1], [1, 2], [1, 1], [0, 2], [1, 1], [1, 2], [0, 2], [1, 2], [1, 1], [1, 2], [2, 2], [1, 2], [3, 3], [0, 1], [8, 8], [2, 1], [0, 2], [3, 3], [3, 0], [1, 1], [2, 0], [2, 1], [1, 1], [2, 1], [4, 4], [0, 1], [2, 4], [1, 1], [0, 2], [-1, 0], [0, 1], [-2, 0], [-1, 1], [0, 3], [2, 2], [0, 1], [6, 6], [0, 1], [1, 1], [1, 0], [0, 1], [4, 4], [1, 2], [0, 1], [1, 1], [0, 1], [1, 2], [0, 4], [1, 1], [0, 1], [-1, 1], [0, 2], [1, 2], [0, 2], [1, 1], [0, 1], [-1, 1], [0, 2], [1, 1], [0, 1], [-1, 0], [0, 3], [1, 2], [0, 1], [3, 3], [1, 0], [0, 1], [2, 1], [0, 1], [1, 0], [1, 1], [0, 1], [2, 1], [2, 2], [1, 0], [1, 1], [0, 1], [1, 0], [0, 5], [1, 2], [0, 4], [-1, 0], [0, 4], [-2, 2], [0, 5], [1, 1], [0, 3], [2, 2], [1, 2], [2, 2], [0, 2], [1, 1], [1, 2], [1, 1], [0, 2], [2, 4], [2, 2], [0, 3], [-24, 15], [-15, 9], [-13, 8], [1, 2], [2, -1], [0, -2], [1, 0], [6, -4], [10, -6], [12, -8], [3, 0], [0, 4], [2, 4], [0, 1], [2, 4], [1, 0], [0, -1], [2, -1], [1, 0], [0, -5], [-1, 0], [-1, -1], [-2, -1], [-2, -2], [0, -1], [-1, -1], [-1, 0], [0, -1], [1, 0], [2, -2], [3, -2], [1, 0], [2, -1], [7, -5], [2, -1], [0, 1], [-1, 2], [-1, 1], [0, 4], [1, 2], [1, 0], [2, 1], [1, 1], [0, 3], [1, 1], [0, 3], [1, 1], [0, 1], [2, 1], [1, 1], [1, 2], [0, 3], [1, 1], [1, 2], [1, 0], [0, 4], [5, 5], [0, 4], [3, 6], [2, 2], [0, 1], [1, 1], [0, 2], [1, 0], [0, 1], [-1, 1], [0, 3], [-1, 0], [-1, 1], [0, 1], [-1, 1], [-1, 0], [0, 1], [-1, 0], [0, 2], [-1, 0], [0, 5], [1, 0], [0, 1], [-9, 8], [0, 7], [7, 4], [4, 4], [0, 9], [1, 1], [0, 5], [1, 1], [1, 0], [1, -1], [1, 1], [1, 0], [1, -1], [5, 0], [1, -1], [1, 1], [4, 0], [1, 1], [0, 1], [1, 1], [0, 1], [-1, 1], [-1, 0], [0, 7], [-1, 1], [0, 1], [-2, 2], [-4, 0], [0, -1], [-2, -2], [-1, 0], [-3, -3], [-2, 0], [-2, 1], [-1, 0], [0, 2], [-2, 2], [1, 1], [0, 1], [-1, 1], [0, 4], [-1, 1], [0, 2], [-2, 1], [-1, 1], [-1, -1], [0, -1], [-2, 0], [-1, 1], [-2, 1], [0, 1], [-1, 1], [-1, 0], [-10, 2], [0, 1], [-1, -3], [-1, 0], [-1, -3], [0, -4], [1, -2], [0, -1], [-1, 1], [0, 3], [-1, 1], [0, 2], [2, 5], [1, 5], [-1, 1], [-1, 0], [0, 1], [-1, 0], [-2, 2], [0, 1], [1, 0], [0, -1], [4, 0], [0, -1], [2, 0], [0, -1], [2, 0], [0, -1], [1, 0], [0, -1], [1, 0], [2, -2], [2, 0], [2, -2], [1, 0], [2, -1], [0, -1], [2, 0], [2, -2], [1, 0], [2, 2], [0, 1], [-1, 2], [0, 6], [-1, 0], [0, 7], [1, 1], [0, 5], [1, 1], [1, 2], [1, 1], [0, 1], [1, 2], [0, 1], [1, 1], [0, 2], [4, 0], [1, -1], [1, -2], [0, -1], [1, 0], [2, -2], [0, -4], [1, -1], [0, -1], [-1, -2], [0, -2], [1, -2], [0, -8], [1, -1], [0, -1], [-1, -2], [0, -10], [1, -1], [1, -2], [0, -1], [1, 0], [0, -1], [1, -1], [2, -1], [3, 0], [1, 1], [0, 3], [-1, 1], [-1, -1], [0, 5], [1, 0], [2, 2], [0, 1], [1, 1], [0, 8], [1, 1], [0, 8], [1, 1], [1, 0], [0, 11], [2, 0], [0, 3], [-1, 2], [-1, -1], [0, 6], [-2, 1], [-1, 1], [0, 4], [1, 1], [2, 0], [1, -1], [1, 1], [0, 1], [1, 1], [0, 1], [1, 1], [1, 0], [0, 3], [-1, 2], [0, 5], [-3, 6], [0, 1], [-1, 1], [-2, 1], [-2, -2], [-1, 0], [-1, -1], [-2, 1], [-2, 2], [0, 2], [-1, 1], [-1, 0], [-1, 1], [0, 1], [-1, 1], [-1, 2], [0, 6], [1, 1], [0, 1], [-1, 1], [0, 1], [-1, 0], [0, 1], [-2, -1], [-1, 0], [-2, -1], [-2, 1], [-1, -1], [-1, 0], [-3, 1], [-2, 0], [0, 1], [-2, 1], [-1, 0], [-1, 1], [0, 3], [1, 1], [1, 2], [0, 1], [1, 1], [0, 1], [1, 0], [0, 1], [1, 1], [0, 3], [-1, 0], [0, 1], [-1, 1], [-4, 0], [0, 1], [-2, 0], [0, -1], [-1, 0], [-1, 1], [0, 1], [-3, 0], [-6, 1], [-4, 0], [0, 14], [-1, 0], [0, 1], [-1, 0], [0, 2], [-1, 1], [-1, 0], [-4, 2], [-1, 0], [-1, -1], [0, -7], [1, -2], [0, -7], [1, -1], [1, 0], [-1, -1], [0, 0], [-2, 0], [0, -1], [-1, -1], [-2, 0], [-1, -1], [0, -1], [-1, 0], [1, 1], [0, 1], [1, 0], [1, 1], [1, 0], [0, 1], [1, 0], [0, 1], [-1, 1], [1, 0], [0, 9], [-9, 0], [-1, -1], [0, 1], [3, 0], [1, 1], [1, 0], [0, -1], [1, 1], [4, 0], [0, 1], [-1, 4], [0, 2], [-5, 0], [0, -1], [-4, 0], [0, -1], [-1, 0], [-2, -2], [-4, 0], [-1, 1], [1, 1], [3, 0], [0, 1], [1, 0], [0, 1], [2, 0], [1, 1], [0, 1], [3, 0], [0, 1], [1, 0], [0, -2], [7, 0], [0, -1], [8, 0], [0, 2], [-2, 0], [0, 1], [-6, 6], [-1, 0], [-3, 1], [0, 3], [-2, 0], [0, -1], [-9, -1], [0, 1], [6, 1], [0, 6], [-7, -1], [0, 1], [6, 1], [0, 6], [-9, -2], [0, 2], [9, 1], [-2, 12], [-7, -1], [0, 2], [7, 1], [0, 5], [-7, -1], [-1, 2], [2, 0], [0, 1], [-2, 0], [0, 1], [7, 1], [-2, 22], [0, 3], [-1, 0], [0, 1], [-2, 1], [-3, 5], [-1, 0], [0, -1], [-1, 0], [0, 2], [1, 0], [0, 1], [-1, 0], [0, 2], [-1, 1], [0, 1], [-1, 0], [0, 1], [1, 0], [0, 1], [-1, 0], [0, 2], [-1, 0], [0, 1], [-1, 1], [0, 1], [-1, 1], [0, 1], [-1, 2], [0, 3], [-1, 2], [0, 2], [-1, 1], [0, 5], [-1, 2], [-1, 8], [-1, -1], [-7, -1], [-5, -1], [-2, -1], [-3, 0], [0, -2], [1, -1], [0, -1], [-1, 0], [-2, -1], [0, 2], [-1, 2], [-2, 0], [-3, -1], [-2, 0], [0, -1], [-3, 0], [0, -6], [1, -4], [0, -3], [-1, -1], [1, -1], [0, -7], [1, -1], [0, -2], [1, -1], [0, -5], [1, 0], [0, -1], [1, 0], [0, -1], [-1, 0], [0, -4], [1, -1], [0, -6], [1, 0], [0, -1], [-1, -1], [0, -2], [1, 0], [0, -1], [-1, 0], [0, -9], [1, -1], [0, -2], [1, 0], [1, -1], [0, 1], [1, 0], [0, 2], [1, 0], [0, -1], [1, 0], [-1, -1], [-1, 0], [-1, -1], [0, -1], [-1, 0], [0, -1], [-1, 0], [0, -1], [-1, -1], [-1, 0], [-9, -9], [-1, 0], [0, 1], [-1, 1], [0, 1], [-1, 2], [0, 1], [-1, 1], [1, 1], [0, 3], [-1, 1], [0, 7], [-1, 0], [0, 1], [1, 0], [0, 5], [-1, 1], [0, 9], [-1, 2], [0, 7], [2, 2], [0, 3], [-1, 0], [0, 6], [1, 1], [0, 5], [-1, 0], [-1, 1], [0, 6], [-1, 0], [0, 3], [-18, -3], [0, -4], [-1, 0], [0, -1], [-1, -1], [0, -15], [-1, -13], [0, -26], [1, -2], [0, -4], [1, -3], [0, -2], [1, 0], [0, -1], [-1, 0], [1, -3], [1, -7], [0, -2], [1, 0], [0, -2], [-3, -3], [-5, 0], [0, 4], [-2, 8], [-1, 5], [0, 3], [-1, 4], [0, 3], [1, 1], [0, 1], [2, 6], [1, 1], [-1, 0], [1, 1], [0, 4], [1, 1], [-1, 0], [0, 3], [1, 1], [0, 2], [-1, 1], [0, 2], [1, 0], [0, 24], [1, 2], [-1, 0], [0, 3], [1, 1], [0, 1], [0, 0], [0, 17], [-1, 1], [-1, 0], [0, 1], [1, 0], [2, -2], [1, 0], [0, -6], [3, 0], [2, 1], [6, 1], [2, 0], [2, 1], [3, 0], [1, 1], [0, 7], [2, 0], [1, 1], [2, 0], [2, 1], [3, 0], [0, -1], [1, -1], [0, -1], [1, 0], [1, -2], [0, 1], [-1, 0], [0, 1], [1, 0], [0, -2], [4, 0], [7, 1], [5, 1], [8, 2], [3, 1], [1, 1], [1, -1], [2, 1], [2, 0], [1, 1], [1, 0], [2, 1], [1, 1], [0, 1], [1, 0], [0, -1], [1, 1], [2, 0], [0, 1], [2, 0], [1, 1], [0, -1], [1, 0], [3, 1], [1, 0], [4, 1], [1, 0], [1, 1], [1, 0], [0, -2], [2, 1], [-1, 4], [-1, 0], [0, -2], [-1, 0], [0, -1], [-11, 0], [-1, -1], [-2, 0], [0, -2], [-1, 1], [-1, 0], [-1, -1], [-1, 0], [0, -1], [-1, 1], [2, 0], [0, 1], [2, 0], [0, 1], [-3, 0], [-1, -1], [-1, 1], [-1, -1], [-2, 0], [0, 1], [-4, 0], [-3, -1], [-12, -2], [0, -1], [-16, -4], [-1, 1], [-11, -3], [-3, 3], [-6, -1], [-11, -3], [-1, 0], [0, 2], [-1, 9], [-1, 5], [0, 1], [1, 0], [0, -1], [1, 0], [0, -1], [19, 4], [4, 1], [-12, 85], [2, 12], [16, -5], [14, -98], [22, 5], [-16, 116], [-32, 11], [-1, 11], [20, 4], [2, 1], [1, -4], [7, 1], [-1, 4], [1, 0], [0, 3], [1, 0], [1, 1], [1, 0], [-1, 5], [-1, -1], [-2, 0], [0, 1], [-1, 0], [0, 1], [1, 0], [0, 1], [-1, 0], [-5, 38], [-4, 25], [-22, -5], [6, -40], [0, -2], [-1, -1], [0, -1], [-23, -35], [-1, -1], [-2, 0], [0, 1], [1, 1], [-1, 0], [-1, 1], [0, 3], [-1, 7], [-3, 22], [-11, -2], [2, -17], [4, 1], [1, -7], [-1, 0], [-1, 6], [-3, -1], [2, -11], [3, 0], [-3, -1], [0, -6], [4, 1], [0, -1], [-3, -1], [-1, 0], [-1, -1], [0, -1], [-1, 0], [-1, -1], [-1, 0], [-1, 1], [-1, 0], [0, 1], [-1, 1], [0, 2], [-2, 13], [-1, 5], [0, 5], [-2, 11], [0, 1], [11, 3], [6, 1], [2, 1], [0, 3], [-1, 4], [0, 3], [-4, -1], [0, 1], [4, 1], [-1, 6], [-4, -1], [0, 1], [4, 1], [0, 7], [-1, 1], [0, 4], [-1, 7], [-2, -2], [0, 2], [2, 0], [0, 4], [-1, 4], [-1, 8], [4, 1], [1, 0], [0, 2], [-1, 1], [0, 1], [14, 3], [-5, 42], [2, 0], [6, 1], [8, 2], [2, 0], [1, 1], [9, 2], [2, 0], [10, 2], [1, 1], [4, 1], [11, 3], [2, 0], [2, -1], [1, 0], [2, -1], [1, -1], [1, -2], [2, -2], [0, -2], [2, -10], [3, -14], [1, -1], [0, -1], [-1, -1], [1, -6], [5, 0], [0, 1], [5, 0], [2, -1], [1, -2], [0, -1], [1, -1], [0, -1], [1, -1], [0, -1], [4, 0], [2, 1], [3, 0], [0, -1], [1, 1], [1, 0], [0, 1], [2, 0], [1, 1], [2, 1], [6, 0], [3, -1], [0, -1], [2, -1], [0, -8], [-1, -2], [-2, -3], [-1, -2], [0, -2], [2, -3], [0, -2], [-2, -2], [-1, -2], [0, -2], [1, -4], [1, 0], [2, 4], [1, 3], [1, 2], [1, 0], [1, 1], [1, 2], [-1, 2], [0, 7], [1, 1], [0, 2], [1, 6], [2, 4], [5, 5], [3, 4], [3, 6], [1, 1], [-1, 1], [1, 1], [2, 4], [1, 3], [2, 1], [3, 1], [1, 1], [1, 0], [6, 4], [0, 12], [-1, 1], [-3, 2], [0, 1], [2, 1], [0, 1], [-1, 0], [-2, -2], [-2, 2], [-2, 0], [-3, -1], [-5, -11], [-2, -8], [-1, -11], [1, -3], [0, -2], [-4, -4], [-5, -3], [-2, -1], [0, -1], [-1, -2], [-1, 0], [-2, 2], [-5, 0], [-3, 2], [0, 3], [-4, 0], [-1, 1], [-3, 0], [-4, 1], [-4, 0], [0, 1], [-2, 0], [-1, 3], [-2, -3], [-1, 1], [3, 2], [0, 4], [-4, 0], [0, 1], [3, -1], [-1, 4], [0, 1], [1, 1], [3, 0], [1, 1], [1, -3], [1, -1], [1, 0], [1, 1], [0, 1], [-1, 4], [-1, 0], [-1, 2], [-2, -1], [-1, -1], [-1, 0], [-1, 1], [0, 4], [-1, 0], [-4, -3], [-4, 7], [7, 6], [0, 2], [-1, 1], [-1, 0], [0, 2], [-2, 1], [-3, 5], [1, 2], [-4, 2], [-2, 2], [-2, 5], [0, 6], [-1, 2], [2, 4], [1, 3], [3, 3], [1, 2], [4, 0], [0, 1], [1, 0], [4, 1], [2, 0], [4, 2], [4, 1], [1, 0], [1, 1], [1, -1], [4, 4], [0, 1], [1, 2], [0, 4], [-1, 3], [-2, 2], [-3, -1], [-1, 3], [-2, 2], [-4, -10], [-2, -1], [-2, 0], [1, -3], [-1, -1], [-1, -2], [-3, 0], [-3, -1], [-1, 0], [-10, -5], [-1, -2], [0, -1], [-1, -2], [-2, -1], [-4, -4], [0, -1], [-1, -1], [-6, -5], [-4, 7], [-1, -1], [-4, 7], [1, 1], [-2, 2], [-1, -1], [-2, -3], [-1, 1], [-1, -1], [-1, 1], [-7, -4], [-2, -1], [-1, 1], [-3, 4], [-1, 3], [1, 4], [2, 1], [5, 5], [4, 6], [2, 4], [4, 2], [1, 1], [1, 2], [-1, 3], [-2, 3], [0, 3], [1, 1], [2, 1], [1, 1], [0, 4], [-1, 0], [0, 2], [1, 0], [1, 2], [0, 3], [-1, 0], [-2, 1], [-1, 0], [-1, 1], [0, 2], [1, 1], [0, 2], [1, 0], [0, 3], [-1, 2], [-5, 8], [-4, 3], [-2, 5], [-4, 2], [-2, 2], [-1, -1], [-1, 1], [-2, -2], [-5, -4], [1, -1], [4, -7], [0, -7], [-1, -2], [-1, 0], [-2, 1], [-2, 2], [0, 7], [-1, 1], [-4, -3], [-2, 0], [-1, 2], [1, 5], [0, 4], [-3, 5], [-3, 6], [-1, 6], [0, 1], [-2, 6], [-1, 6], [-3, 8], [1, 4], [-3, 4], [-4, 14], [-1, 1], [-4, 3], [-1, 2], [-2, 2], [0, 2], [2, 2], [2, 4], [0, 4], [3, 5], [2, 2], [1, 2], [3, 3], [9, 10], [5, 6], [2, 2], [3, 7], [5, 0], [1, -1], [1, 1], [1, 0], [-7, 1], [0, 2], [3, 2], [-1, 0], [1, 2], [0, 6], [-4, 8], [-1, 1], [0, 1], [1, 1], [-1, 3], [-2, -2], [0, -2], [-4, 2], [-4, 0], [-4, -2], [-6, 3], [-3, 0], [-2, 1], [-6, 0], [-6, -3], [-2, 0], [-2, -3], [-2, 0], [-1, 1], [-1, 2], [0, 3], [-1, 1], [-4, 1], [-5, 0], [0, -4], [-2, -1], [-5, -3], [-1, 1], [-6, 9], [-4, -1], [-3, -21], [-1, -9], [0, -2], [-2, -9], [1, -6], [0, -4], [-1, -1], [-2, -5], [-1, -5], [-2, -9], [-3, 0], [1, -2], [-1, 0], [-1, 1], [-3, -24], [1, -3], [0, -6], [-3, 0], [-2, -3], [-3, -8], [-3, -7], [2, -5], [-1, -1], [-2, -1], [-1, 1], [-4, 9], [-1, 1], [0, 1], [-2, 0], [-2, -1], [-1, -1], [0, -1], [1, 0], [1, -7], [0, -1], [-2, 7], [0, 1], [-1, 1], [-2, 0], [-6, -2], [0, -2], [2, -8], [-1, -1], [-2, 9], [0, 1], [-3, 0], [0, -1], [-1, -1], [-3, -1], [0, -1], [14, -36], [-2, -1], [-16, 42], [2, 1], [3, 7], [0, 1], [5, 10], [6, 13], [-1, 1], [4, 10], [1, 0], [2, 5], [1, 1], [7, 16], [-2, 0], [-1, -1], [-4, 0], [-6, -10], [-4, -7], [-3, -7], [-3, 2], [-4, 1], [0, 5], [1, 3], [3, 4], [5, -2], [4, 5], [2, 3], [1, 4], [-2, 3], [-3, 2], [-2, 2], [-1, 2], [-1, -2], [-5, 2], [-5, 3], [-4, -11], [-3, -3], [-3, -10], [-2, -2], [-1, 1], [1, 2], [1, 1], [4, 10], [2, 6], [-1, 2], [-1, 1], [-8, 6], [-9, 9], [-3, -4], [-3, 1], [0, 3], [2, 3], [-9, 9], [-3, 2], [-5, 10], [-1, 4], [-2, 5], [-3, 4], [-4, -3], [-2, -2], [-1, 1], [0, 1], [1, 1], [1, 0], [4, 3], [-1, 2], [-14, -8], [-1, -1], [0, -1], [-1, -1], [0, -1], [-2, -4], [-2, 0], [-1, 1], [-2, 0], [0, 1], [-1, 1], [1, 1], [0, 2], [1, 1], [2, 0], [3, 2], [2, 0], [14, 8], [1, 2], [-1, 9], [-1, 5], [-2, 6], [-2, 3], [-8, -6], [-2, 7], [-2, 2], [-2, -1], [-1, 2], [1, 5], [-1, 4], [0, 1], [3, 1], [4, 3], [7, 2], [2, 3], [-1, 1], [0, 1], [-3, 2], [0, 7], [-4, -1], [0, 2], [-1, 0], [-1, -5], [-2, -2], [-7, -1], [-2, 2], [2, 2], [-1, 3], [2, 9], [1, -1], [2, 6], [1, 0], [1, 4], [0, 3], [2, 8], [2, 1], [0, 5], [-2, 1], [0, 13], [-3, 1], [0, 4], [1, 0], [2, 2], [0, 3], [-1, 0], [-1, 1], [0, 1], [6, 0], [1, 4], [-3, -1], [-3, 5], [-2, -1], [0, -3], [-1, 4], [3, 3], [-1, 4], [-3, 0], [-4, 1], [-1, 10], [-1, 7], [-1, 10], [-1, 13], [1, 1], [0, 2], [-1, 0], [0, 1], [1, 2], [-1, 7], [-1, 5], [-4, 17], [-1, 8], [-1, 2], [-1, 1], [1, 4], [-1, 4], [0, 3], [1, 1], [0, 2], [-1, 1], [2, 1], [0, 7], [1, 3], [0, 2], [-1, 0], [0, 2], [-2, 6], [0, 2], [1, 3], [-1, 6], [1, 1], [-1, 11], [-1, 5], [0, 5], [-1, 12], [-1, 8], [-4, 16], [-3, 0], [-5, 8], [-1, 3], [1, 1], [1, 9], [-1, 8], [0, 1], [-1, 1], [1, 1], [1, 0], [0, 6], [-1, 1], [0, 2], [1, 0], [0, 1], [-1, 5], [-1, 1], [0, 1], [1, 1], [1, 3], [0, 3], [-2, 1], [-1, 1], [0, 3], [1, -1], [0, 1], [1, 2], [-1, 3], [1, 1], [2, 3], [1, 0], [0, 6], [1, 0], [0, 3], [-1, 1], [1, 1], [0, -1], [2, 6], [-1, 1], [1, 1], [-1, 6], [0, 1], [-1, 0], [0, 4], [1, -1], [0, 0], [1, 0], [0, -1], [2, 2], [0, 1], [-1, 1], [0, 8], [-1, 3], [-1, 1], [-1, -1], [-1, 0], [0, 3], [0, 0], [0, 1], [1, 1], [0, 13], [-1, 0], [0, 1], [1, 0], [1, 1], [0, 5], [1, 2], [-1, 1], [1, 1], [0, 2], [-2, 0], [0, 2], [2, -2], [1, 1], [0, 2], [-2, 1], [-1, -1], [-1, 1], [2, 1], [1, 0], [0, -1], [1, 0], [0, 7], [-1, 2], [0, 4], [-2, 0], [-1, 1], [1, 1], [1, 0], [0, 8], [1, 1], [0, 2], [-1, 1], [0, 2], [-1, -1], [-5, 0], [0, 1], [4, 0], [-1, 1], [1, 0], [0, 0], [1, 0], [0, -1], [1, 0], [0, 3], [-4, 4], [-2, 8], [0, 2], [1, 0], [0, 1], [1, 0], [0, 2], [-1, 0], [0, 2], [-1, 0], [0, 3], [0, 0], [0, 1], [-1, 0], [0, 3], [0, 0], [0, 1], [-1, 0], [0, 14], [1, 0], [0, 1], [-1, 0], [0, 1], [-1, 0], [0, 3], [1, 0], [0, 1], [1, 0], [0, 3], [-1, 0], [0, 2], [-2, 0], [-1, 1], [-1, 0], [0, -1], [-1, 0], [0, 4], [1, 0], [0, 2], [-1, 0], [0, 4], [-1, 0], [0, 3], [1, 0], [1, 1], [-2, 2], [-2, 4], [-1, 4], [-1, 1], [-1, 2], [-2, 8], [-1, 5], [0, 2], [1, 3], [2, 5], [1, 3], [1, 4], [-1, 1], [-1, 0], [-2, 2], [-1, 3], [0, 5], [2, 3], [1, 1], [-1, 5], [-2, 4], [-2, 5], [-1, 6], [0, 16], [-1, 3], [-1, 4], [-1, 3], [0, 8], [-1, 1], [1, 1], [1, 2], [-1, 1], [0, 1], [2, 0], [0, 3], [1, 0], [0, 4], [2, 0], [0, 1], [-1, 1], [0, 1], [1, 0], [1, 1], [0, 4], [-1, 1], [0, 2], [1, 1], [-2, 4], [-2, 1], [-1, -2], [-1, 0], [0, 0], [-1, 0], [1, 4], [2, 0], [-1, 2], [-1, 0], [-1, 1], [0, 1], [1, 0], [-1, 1], [-1, 5], [-2, 1], [-1, 3], [-1, 0], [-1, 9], [-1, 7], [-1, 5], [-1, 1], [3, 6], [-1, 0], [-1, -2], [-1, 0], [8, 23], [-2, -1], [-6, -16], [-1, 1], [6, 16], [-1, 1], [-8, -5], [0, -2], [-1, 1], [-1, 2], [-2, 3], [1, 1], [0, 1], [-1, 0], [0, 1], [1, 1], [0, 1], [-2, 0], [0, 1], [1, 0], [1, 1], [0, 1], [-1, 0], [-1, -1], [-1, 1], [16, 7], [0, 4], [-12, -5], [-2, -3], [-2, -1], [-1, 2], [0, 4], [16, 6], [-1, 4], [-13, -6], [-2, -2], [-1, 2], [3, 6], [1, -3], [7, 3], [-1, 5], [-11, -5], [0, 2], [2, 2], [3, 0], [3, 1], [1, 2], [1, -1], [1, 2], [-1, 0], [0, 3], [1, 2], [-3, 3], [-2, 0], [0, 1], [1, 1], [0, 1], [-1, -1], [-2, -1], [-2, 1], [-3, -2], [1, -9], [-1, 0], [-1, 4], [0, 9], [4, 0], [7, 2], [-1, 7], [-4, -1], [-3, -4], [-1, 1], [3, 4], [5, 1], [2, -7], [2, 0], [-1, 1], [0, 11], [-2, 7], [-1, 9], [-1, 0], [0, 6], [-2, 8], [0, 3], [-3, 10], [-2, 1], [-10, -4], [-1, -1], [-3, 1], [1, 1], [0, 7], [4, -6], [11, 4], [1, 3], [0, 4], [-2, 7], [-2, 1], [-1, 6], [-1, -1], [-2, 6], [1, 0], [-1, 4], [-1, 0], [-5, -2], [-2, -1], [0, 1], [-2, -1], [1, -6], [1, 1], [1, -4], [-1, 0], [1, -6], [-1, 0], [-2, 1], [-4, 14], [2, 1], [7, 3], [-1, 3], [3, 1], [-4, 13], [-7, -1], [-2, -1], [0, 1], [1, 1], [-1, 1], [0, 2], [1, 0], [0, -2], [1, -1], [7, 0], [3, 5], [-3, -1], [0, 1], [4, 2], [-1, 4], [-4, -1], [-1, 1], [6, 2], [-1, 1], [-5, -2], [0, 1], [-1, 5], [0, 1], [-5, -2], [-2, 10], [-3, -1], [3, 2], [-1, 1], [-3, -1], [0, 1], [3, 1], [-1, 5], [-4, -1], [0, 1], [2, 0], [-1, 3], [-3, -1], [0, 1], [5, 5], [1, 3], [3, 2], [0, 1], [-3, -1], [-2, 4], [1, 2], [-1, 2], [-6, -2], [0, -1], [1, -7], [-1, -1], [-2, 9], [0, 1], [8, 3], [0, 3], [-2, 0], [-2, 4], [-1, 1], [-1, -1], [-3, 0], [0, -1], [1, -4], [-2, -1], [0, 7], [3, 1], [1, 1], [2, 1], [0, 3], [-2, 2], [1, 2], [-1, 0], [0, 1], [-4, -1], [1, -2], [-2, -1], [-1, 6], [9, 0], [5, 1], [-3, 11], [-5, -1], [-1, -1], [-2, 0], [-3, -1], [0, -3], [2, -1], [2, 1], [0, -2], [-1, 0], [-5, 1], [0, 1], [-1, 2], [0, 5], [4, 0], [1, 1], [1, -1], [0, 2], [-1, 1], [0, 1], [1, 1], [-1, 1], [0, 1], [1, 3], [-1, 1], [-1, 0], [-3, -1], [-2, -2], [1, -4], [0, -2], [-1, 0], [0, 2], [-1, 1], [0, 2], [-1, 5], [6, 2], [1, -1], [1, 0], [0, 1], [1, 0], [1, 1], [2, 0], [0, 2], [-1, 0], [0, 2], [1, 1], [0, 1], [-1, 2], [-1, -2], [0, -1], [-1, 0], [0, 1], [-1, 0], [0, -1], [-3, -1], [-5, 0], [-1, -1], [0, 2], [2, 0], [3, 1], [0, 1], [1, 0], [0, 1], [-4, -1], [0, 0], [8, 3], [-1, 1], [-8, -2], [0, -1], [-1, 0], [0, 2], [4, 1], [0, -1], [4, 1], [-1, 1], [-6, -1], [0, 1], [-1, 0], [1, 1], [0, -1], [1, 1], [5, 1], [0, -1], [3, 1], [0, 2], [-1, -1], [0, 1], [-2, -1], [-5, -2], [-3, 0], [-1, 2], [0, 9], [1, 6], [2, 4], [1, 1], [2, 1], [2, 0], [1, -1], [0, -2], [-1, -1], [-2, -1], [0, -1], [-1, -1], [-1, -2], [0, -2], [1, -4], [4, 1], [1, 1], [0, 1], [-1, 4], [0, 1], [2, 1], [1, 0], [1, 1], [0, 1], [1, -1], [0, 1], [3, 0], [0, -2], [2, -2], [2, 0], [0, 3], [1, 0], [-1, -1], [0, -1], [1, -1], [3, 0], [0, 2], [1, -1], [1, 1], [-1, 2], [1, 0], [1, -3], [1, 0], [-1, 3], [1, 0], [0, -2], [3, 1], [0, 2], [1, 0], [0, -1], [1, 0], [0, 1], [1, 1], [0, -1], [2, 0], [2, 2], [0, 1], [2, -1], [0, 1], [4, 9], [1, 1], [-1, 2], [1, 0], [0, -1], [1, 1], [0, 1], [-2, 0], [0, -2], [-1, 0], [1, 2], [3, 0], [2, 4], [0, 2], [-1, 0], [1, 2], [0, 4], [1, 4], [0, 8], [2, 7], [0, 5], [-1, 4], [0, 2], [1, 2], [0, 2], [2, 2], [4, 2], [0, 3], [2, 0], [0, -1], [3, 0], [0, -1], [3, 0], [-3, 7], [1, 1], [1, 0], [1, -1], [0, -3], [1, -2], [1, 0], [0, 4], [-1, 1], [0, 2], [1, 0], [0, 1], [2, -6], [3, -3], [2, 2], [-1, 1], [-1, 0], [-2, 2], [0, 2], [2, 1], [-1, 2], [1, 1], [1, -1], [3, 0], [1, -6], [3, 0], [-1, 6], [1, 1], [1, -6], [3, 1], [-1, 4], [2, 1], [0, -5], [4, -2], [9, 5], [11, 3], [1, -1], [6, 2], [12, 13], [4, 10], [4, 7], [1, 2], [1, 3], [1, 8], [4, 18], [1, 10], [2, 7], [-1, 1], [0, 3], [1, -1], [1, 1], [0, 1], [-1, 1], [-1, 0], [0, 1], [1, 1], [-1, 0], [1, 1], [0, 1], [1, 0], [0, 2], [2, 4], [1, -1], [7, 11], [5, 5], [-1, 2], [2, 0], [0, 1], [3, 3], [3, 1], [0, -1], [1, 1], [1, 0], [0, 0], [-1, 0], [4, 3], [1, -1], [4, 4], [3, 5], [4, 5], [2, 3], [1, 3], [2, 3], [3, 1], [4, 6], [3, 5], [4, 12], [4, 9], [3, 5], [5, 6], [2, 14], [1, 4], [1, 1], [1, 2], [-2, 1], [0, 3], [1, 2], [0, 5], [1, 0], [0, 3], [-1, 2], [-1, 1], [-2, 1], [-1, 2], [1, 2], [2, 2], [2, 4], [0, 3], [-1, 0], [2, 2], [2, 5], [1, 2], [1, 1], [0, 3], [22, 43], [2, 4], [1, 4], [0, 2], [1, 0], [1, 5], [1, 3], [0, 1], [-1, 0], [6, 4], [12, 4], [2, 1], [1, 1], [5, 2], [4, 2], [2, 4], [1, 4], [1, 2], [5, 2], [7, 9], [34, 36], [2, 1], [4, 0], [2, -1], [3, -3], [4, -3], [3, -1], [2, -1], [10, 2], [23, 4], [8, 1], [2, 0], [4, 4], [2, 0], [2, -4], [2, 2], [-3, 4], [-1, 1], [-3, 0], [-4, -4], [-2, -1], [-7, -1], [-15, -2], [-9, -1], [-9, -2], [-2, 1], [-1, 0], [-4, 4], [-2, 1], [-2, 2], [-2, 1], [-3, 0], [0, 3], [5, 8], [11, 22], [-2, 2], [-12, -22], [-4, -9], [-4, -6], [-34, -36], [-6, -6], [-5, -3], [-2, -1], [-2, 2], [-1, 3], [-3, 1], [-4, -1], [-5, -5], [-4, -3], [-15, -7], [-5, -3], [-4, -2], [-2, -3], [-1, -3], [-1, -2], [0, -7], [-1, 0], [-1, 1], [-1, 0], [0, -1], [1, -1], [-1, 0], [0, -2], [2, -2], [1, 0], [0, -2], [-1, -1], [-2, 0], [0, 1], [1, 0], [-2, 5], [-1, 0], [-1, -1], [0, -1], [-1, -1], [0, 1], [-1, 0], [0, -1], [1, -1], [1, 0], [1, -1], [0, -1], [-3, -2], [-7, -7], [-2, 7], [-1, 0], [0, -1], [-1, -1], [-2, 1], [-1, -1], [1, -1], [0, 1], [1, -1], [-1, -1], [0, 1], [-1, 1], [-1, -1], [0, -1], [2, -1], [0, -2], [1, -1], [0, -1], [1, 0], [0, -2], [-1, 0], [0, 0], [0, 0], [0, 0], [-2, 0], [0, -3], [2, 0], [0, -1], [-1, 0], [-1, 1], [0, -1], [-1, 0], [0, -1], [-1, -2], [0, -2], [-1, 0], [0, -1], [1, -3], [2, -3], [1, -2], [5, -5], [-5, 0], [-4, -3], [-1, -2], [-2, -3], [1, -6], [-1, 0], [-1, -2], [0, -5], [-1, -1], [0, 1], [-2, -2], [1, -1], [0, -1], [2, -1], [0, 0], [-3, 2], [-2, 0], [-1, -2], [2, -1], [0, -1], [-3, -12], [5, -2], [-1, -4], [-2, 1], [-1, -2], [-1, -3], [1, -8], [-2, -2], [-4, -3], [-3, 1], [0, 3], [-5, -1], [0, -1], [-7, -2], [2, -12], [-2, -2], [-2, 1], [2, 5], [-2, 3], [-4, -1], [1, -6], [-2, -2], [-1, 3], [1, 0], [0, 11], [-4, 1], [0, -6], [-2, 0], [0, 5], [-7, 0], [-5, -1], [-4, -3], [3, -10], [-2, 0], [-3, 6], [-1, 0], [1, -3], [-5, 0], [-1, 1], [-2, -1], [1, -2], [0, -1], [2, -2], [-1, -1], [-2, 3], [-3, -5], [5, -7], [-3, -2], [-3, 3], [-1, -2], [-2, -1], [0, -7], [-1, -5], [2, 0], [0, -7], [-1, -4], [-2, -7], [0, -4], [2, -1], [1, -9], [-1, -2], [-2, -3], [-5, -1], [-3, 3], [-4, -3], [1, -2], [-2, -2], [4, -4], [-2, -8], [-7, 0], [0, -7], [-1, -3], [1, -3], [-1, -3], [0, -2], [1, -3], [0, -6], [3, 0], [0, -2], [-4, 1], [1, -3], [8, -1], [-4, -1], [-4, 0], [0, -3], [5, -1], [0, -1], [-6, 2], [-1, -2], [2, -4], [3, -5], [1, -2], [2, -3], [0, -11], [-1, -9], [-2, -4], [-1, 3], [-15, 6], [0, -5], [-5, 0], [0, 2], [-1, 1], [0, 2], [-1, 0], [0, 3], [-2, 0], [1, -3], [-1, -1], [2, -5], [-3, -1], [1, -3], [-2, 0], [2, -10], [1, 0], [0, -2], [-1, 0], [-4, 19], [-2, -2], [-2, 0], [1, -1], [-4, -4], [1, -3], [-2, -1], [1, -2], [-6, 0], [-6, -2], [-4, -4], [-2, 2], [-6, -1], [-7, -7], [0, -2], [-5, -6], [-1, -2], [-3, -3], [1, -1], [-2, 0], [0, -5], [-2, -2], [0, -2], [-1, -1], [1, -1], [0, -1], [-1, -1], [0, -19], [-1, 0], [1, -3], [0, -4], [-1, 0], [0, -1], [-1, 0], [0, -2], [-2, -6], [0, -4], [2, -1], [0, -1], [-1, 0], [0, 1], [-1, 0], [0, -1], [-1, 0], [0, -3], [-2, -3], [-2, -4], [-1, -1], [0, -1], [-1, 0], [-1, -1], [-2, 0], [-2, -1], [-4, 0], [-1, 1], [-3, 0], [0, 1], [-2, 1], [-5, 3], [-1, 0], [0, -2], [-1, 1], [-1, 4], [-2, 0], [-1, -1], [1, -1], [0, -3], [-2, -1], [-2, 2], [2, 5], [0, 1], [-3, 4], [-8, -6], [-1, 1], [1, 0], [0, 1], [1, -1], [3, 3], [0, 1], [-1, 2], [-1, 1], [-5, -5], [0, -1], [-2, 0], [-1, 1], [1, 1], [2, 1], [-1, 1], [-2, -2], [-1, 0], [9, 8], [-1, 3], [-1, 2], [-2, 1], [0, 1], [-1, 2], [-2, 1], [-5, -4], [0, -1], [-1, 0], [-1, -1], [0, -1], [-1, 0], [0, 2], [1, 0], [1, 1], [0, 1], [1, 0], [5, 4], [-1, 2], [1, 1], [-2, 4], [-1, 0], [-1, 2], [0, 3], [-1, 0], [-1, 1], [0, 2], [-1, 2], [-3, -2], [-1, 1], [-3, -2], [0, -1], [-2, -1], [-1, 2], [0, 1], [5, 3], [0, 3], [-2, -1], [-4, 10], [0, 2], [-3, 7], [-1, 4], [0, 1], [5, 3], [0, 2], [-1, 0], [-1, 2], [0, 2], [-1, 2], [0, 3], [-1, 0], [0, 1], [-3, -1], [0, 1], [-3, -1], [0, 2], [5, 2], [-1, 1], [0, 1], [1, 0], [0, 3], [-1, 1], [0, 4], [-1, 2], [-1, 0], [-2, 4], [-1, 3], [-3, 3], [-1, 2], [0, 2], [-1, 0], [0, 4], [-9, -6], [0, -1], [-1, 0], [0, 2], [3, 2], [-1, 2], [3, 0], [0, 2], [-1, 0], [0, 1], [-2, 0], [0, -2], [-3, 0], [0, -3], [-1, 0], [-1, 2], [8, 8], [-1, 2], [-2, 3], [-8, -9], [-2, 5], [-2, 2], [0, 1], [1, 3], [5, 5], [-2, 4], [-6, -7], [0, -1], [-1, -1], [1, -2], [-1, 0], [-2, 3], [0, 1], [1, 1], [1, -1], [6, 7], [1, 1], [-3, 3], [-8, -9], [0, 2], [1, 0], [6, 7], [-1, 3], [-8, -8], [0, 1], [6, 8], [0, 1], [-2, 0], [0, -1], [-1, -1], [-1, 0], [1, 1], [0, 2], [-1, 1], [0, 2], [-3, -4], [0, -1], [-1, 1], [-1, -1], [0, 1], [-1, 1], [1, 1], [1, 2], [-4, -3], [-1, 0], [0, 1], [-1, 3], [-1, 1], [0, 1], [1, 0], [0, -1], [2, 2], [0, 1], [1, 0], [0, 1], [-1, 1], [-1, 0], [-2, -2], [0, -1], [-1, -1], [-1, 2], [1, 1], [2, 0], [5, 6], [-2, 2], [-6, -8], [4, 5], [-1, 1], [2, 3], [-1, 1], [0, 3], [-8, -7], [0, 1], [2, 2], [0, 1], [-1, 1], [-2, -2], [-1, 1], [1, 1], [-2, 0], [-1, 1], [2, 1], [1, 0], [3, 2], [-2, 2], [-4, -3], [-2, 6], [1, 1], [5, 2], [0, 1], [2, 1], [-2, 4], [0, 1], [-8, -5], [-1, -1], [0, 2], [1, 1], [7, 4], [0, 1], [-2, 4], [-1, 0], [-6, -5], [-1, -1], [-1, 1], [8, 6], [-1, 3], [1, 0], [-2, 5], [-9, -7], [-1, 1], [0, 1], [-1, 0], [1, 1], [0, 0], [1, 0], [0, -1], [6, 4], [0, 1], [-1, 1], [0, 1], [-1, 0], [0, -1], [-1, 0], [-1, 1], [0, 0], [0, 1], [-1, 0], [-2, 1], [-1, 0], [0, -1], [-1, 0], [0, -3], [1, -1], [-1, -1], [-1, 1], [0, 1], [-1, 1], [-1, 0], [0, 2], [2, 0], [7, 7], [-1, 4], [-8, -7], [0, -2], [-1, 0], [-1, 1], [6, 6], [0, 2], [3, 3], [0, 2], [-1, 1], [-2, 4], [-1, 1], [-1, 2], [-3, -2], [0, -1], [-3, -3], [-1, 1], [-1, 0], [-1, 2], [1, 1], [-1, 1], [1, 1], [1, 0], [6, 6], [-1, 2], [-4, 5], [-1, 4], [-6, -4], [1, -6], [-5, 1], [0, 4], [2, 0], [0, 3], [3, 0], [1, 3], [0, 2], [-3, 3], [-1, 7], [-2, 0], [0, 3], [-4, -2], [-3, -6], [-1, 0], [1, 3], [2, 4], [0, 7], [-3, 0], [-1, -2], [0, -1], [-2, -1], [-1, -2], [-2, 0], [1, 2], [2, 2], [0, 1], [2, 1], [2, 2], [-2, 10], [-4, 0], [0, 3], [-4, 0], [-3, -5], [-2, 0], [0, 3], [2, 0], [0, 2], [-2, 0], [0, 3], [5, 3], [1, 1], [0, 3], [-1, 2], [-3, -3], [-2, 0], [-2, 1], [0, 3], [-1, 1], [-2, -2], [-3, 0], [-1, 4], [6, 2], [-2, 4], [1, 1], [-1, 1], [-1, 3], [2, 1], [-2, 4], [-1, 1], [-2, 8], [-5, 6], [0, 15], [-2, 7], [-6, -2], [0, 3], [9, 2], [-2, 5], [-7, 0], [0, 3], [4, 0], [0, 3], [-4, -1], [-2, 1], [0, 2], [2, 0], [0, -1], [7, 2], [2, -1], [0, 3], [-5, 0], [0, 4], [6, 1], [1, 15], [-1, -1], [-21, 2], [0, 5], [5, 0], [0, -3], [16, -2], [-1, 5], [2, 0], [0, 4], [-9, 0], [-6, 3], [0, 2], [4, 0], [-1, 1], [-2, 0], [0, 2], [2, 0], [3, 3], [2, -2], [11, 0], [0, 4], [-1, 1], [4, 1], [0, 1], [1, 10], [-5, -2], [0, 5], [3, 0], [0, 2], [-4, 0], [0, 4], [-1, 2], [-2, 0], [1, 3], [1, 2], [1, 3], [-3, -2], [-3, -1], [0, 8], [-1, 2], [-4, 1], [-2, 2], [0, 3], [-3, 0], [0, 4], [-4, 0], [-4, 4], [-1, 0], [-1, -2], [0, -1], [-2, -1], [-5, 3], [1, 3], [0, 1], [3, 1], [0, -6], [1, 0], [1, 2], [1, 1], [-2, 6], [-6, -2], [1, 3], [4, 1], [-2, 6], [-1, 10], [-4, 10], [-2, 14], [-1, 5], [-6, 18], [-5, -2], [-1, 2], [2, 1], [-2, 5], [1, 1], [-1, 4], [-3, -2], [0, 1], [-2, -1], [-2, 3], [1, 3], [-1, 3], [-2, -2], [-2, 1], [-3, 8], [3, 1], [-5, 14], [-2, 0], [-3, 4], [-2, -1], [0, 2], [3, 2], [3, 1], [0, 1], [-1, 1], [-2, -1], [-4, -3], [-1, 2], [0, 2], [2, 1], [-1, 2], [-3, -1], [0, 1], [-5, -3], [-1, 1], [1, 1], [0, -1], [4, 2], [0, 2], [2, 4], [5, 2], [1, 3], [0, 5], [-1, 1], [-1, -1], [-3, -5], [-4, -3], [-3, -6], [-2, 3], [5, 8], [-3, 2], [-2, -1], [-5, 3], [-2, 2], [-1, -1], [-1, 2], [-2, 0], [-2, -1], [1, -8], [-10, -14], [-2, 2], [3, 5], [-3, 3], [-3, -2], [-6, 9], [-2, 2], [-4, 5], [-3, 3], [-2, 6], [-5, 5], [-3, -1], [-16, 18], [-1, 1], [-13, 19], [-1, -1], [-3, 4], [1, 1], [-6, 7], [0, 1], [-1, 3], [-2, 0], [-4, 6], [-1, 2], [-1, 0], [-1, 2], [9, 9], [0, 1], [-1, 1], [10, 14], [1, -2], [-1, 0], [1, -1], [3, 4], [-2, 5], [2, 2], [3, -4], [1, 1], [-3, 6], [3, 2], [3, -5], [2, 1], [-4, 7], [3, 2], [3, -7], [2, 2], [-3, 6], [2, 3], [4, -7], [1, 0], [0, 1], [-3, 7], [2, 2], [5, -6], [1, 2], [-4, 7], [2, 2], [4, -6], [2, 0], [0, 1], [-4, 7], [2, 3], [5, -7], [1, 0], [0, 1], [-4, 8], [2, 2], [5, -7], [1, 1], [-4, 7], [3, 3], [4, -7], [1, 0], [1, 1], [-4, 7], [3, 2], [3, -7], [2, 0], [0, 4], [-2, 4], [10, 9], [-7, 7], [-3, -4], [0, -2], [-2, -3], [-2, 1], [0, 3], [1, 3], [-3, 4], [-5, -4], [2, -4], [-2, 0], [-3, 6], [1, 4], [4, 4], [2, -1], [1, 3], [-3, 3], [1, 2], [2, -3], [2, 2], [2, 0], [1, 1], [-1, 4], [4, -1], [0, -3], [3, -3], [2, 0], [3, -3], [-1, -2], [-2, 0], [-1, -2], [1, -2], [-1, -2], [1, -2], [4, -5], [2, 4], [0, 1], [3, 4], [8, 0], [2, -4], [1, 1], [-4, 6], [0, 2], [16, 15], [10, 9], [4, 2], [4, 1], [1, 3], [1, 4], [1, 1], [-1, 3], [-2, -2], [-2, 1], [-4, 0], [-4, -3], [-27, -24], [-6, 6], [18, 16], [13, 12], [2, 3], [3, 9], [-4, 3], [-1, -3], [-2, 1], [-1, 0], [-2, -3], [-3, -5], [-5, -5], [-19, -17], [-16, -11], [-1, 1], [-1, -1], [0, -1], [-4, -3], [-1, 0], [-1, -2], [1, -1], [-1, -2], [-1, 1], [-3, -6], [-2, 0], [-3, 5], [-2, 1], [-1, -2], [5, -8], [-2, -2], [-6, 7], [-1, -1], [4, -7], [-2, -3], [-5, 7], [-1, -1], [4, -7], [-3, -3], [-4, 8], [-1, 0], [0, -2], [4, -8], [-2, -3], [-5, 10], [-2, -1], [6, -12], [-2, -4], [-7, 13], [-1, 0], [0, -3], [3, -3], [0, -2], [4, -8], [-2, -6], [-4, 3], [1, 11], [0, 1], [-2, 2], [-1, -7], [-1, -6], [-2, 0], [-1, 9], [-4, -1], [1, -6], [1, -3], [-1, -2], [-5, 7], [-3, -3], [6, -6], [-1, -3], [-8, 5], [-1, -1], [1, -5], [7, -1], [0, -3], [-8, -1], [1, -5], [8, 3], [1, -2], [-7, -7], [3, -4], [6, 8], [4, -2], [-5, -11], [-9, -14], [-4, -6], [-3, -2], [4, 7], [0, 2], [1, 2], [1, 4], [0, 4], [-1, 2], [-2, 2], [-2, 1], [-2, 0], [1, 2], [0, 2], [-1, 2], [-2, 1], [1, 1], [0, 1], [-1, 1], [-1, 0], [0, 2], [-1, 1], [-1, -1], [0, 1], [-1, 1], [-1, 0], [0, 1], [-1, 2], [0, 4], [-2, 0], [-2, -2], [9, -15], [0, -6], [1, -3], [2, -1], [1, -1], [0, -1], [-1, 0], [0, -5], [-2, 1], [-2, -1], [-1, -1], [-1, -2], [-4, 4], [3, -1], [2, 1], [1, 4], [0, 6], [1, 2], [-1, 3], [-4, 9], [-5, 6], [-4, -4], [0, -1], [1, -8], [0, -2], [-1, -3], [5, -8], [-1, -1], [-5, 7], [-3, 3], [-1, 4], [-4, 3], [7, 7], [7, 6], [-3, 6], [-1, 3], [-2, 2], [-2, 4], [-2, 3], [-1, 21], [-3, 13], [-7, 0], [-6, -5], [-4, -5], [-3, 0], [-1, 1], [1, 3], [7, 4], [1, 2], [3, 0], [0, 4], [4, 0], [-2, 5], [-4, -1], [-6, -5], [-4, -3], [-4, 0], [1, 4], [3, 2], [7, 8], [3, 1], [0, 7], [-3, 0], [-6, -6], [-6, -3], [-4, 0], [0, 4], [3, 0], [0, 3], [3, 2], [3, 4], [5, 4], [0, 3], [-2, 3], [-3, -1], [-6, -8], [-8, -2], [0, 5], [5, 5], [5, 4], [3, 3], [-174, 298], [1, 3], [6, 4], [3, 0], [3, 3], [4, 1], [0, 4], [-10, -3], [-5, -5], [-3, -1], [-4, 20], [-2, 2], [-1, 8], [-3, 6], [-4, 2], [-2, 10], [-5, 9], [-3, 5], [-4, 5], [-1, 4], [-2, 0], [-2, 6], [-3, 3], [-2, 8], [-4, 5], [-1, 4], [3, 0], [-2, 5], [-1, -1], [-9, 1], [0, 3], [3, 0], [-1, 3], [-3, 0], [0, -3], [-7, 1], [-1, 1], [-7, 1], [0, 2], [3, 1], [1, 2], [-8, 2], [0, 6], [-2, 8], [17, 6], [6, 4], [0, 2], [-3, 5], [0, 5], [-4, 6], [-2, 11], [-1, 0], [0, -3], [-16, -5], [2, 3], [5, 1], [3, 6], [-1, 3], [-2, -2], [-5, -3], [-2, 10], [5, 1], [1, 1], [0, 2], [-2, 3], [-5, -1], [0, -1], [-1, 0], [0, 2], [1, 1], [5, 0], [0, 2], [-6, 0], [0, 5], [6, -2], [0, 7], [-1, -1], [-7, -1], [1, 5], [-1, 2], [7, -2], [0, 3], [-7, 1], [-1, 1], [0, 3], [1, -1], [3, 0], [1, 1], [0, 5], [-6, 2], [-1, 3], [3, 0], [0, 1], [15, 1], [5, -1], [6, -4], [7, -4], [1, -2], [5, -5], [2, -1], [0, -1], [-3, 0], [0, 1], [-4, 0], [0, -3], [5, -2], [2, -3], [1, -8], [4, 1], [4, 3], [3, 3], [-1, 6], [-2, 0], [0, 2], [2, 0], [2, -4], [1, -3], [1, 0], [0, 5], [3, 3], [6, -5], [8, -5], [11, -11], [7, -4], [4, -3], [2, 1], [2, 4], [0, 3], [-3, 1], [-1, -3], [-1, 1], [0, 3], [-19, 16], [-10, 6], [-8, 2], [-8, -2], [-2, 2], [-3, 2], [-4, 4], [-3, 2], [-4, 2], [-5, 3], [-4, 2], [-9, 0], [0, 5], [-15, -1], [-4, 0], [3, 5], [10, 4], [5, -2], [-2, 10], [-5, -2], [-10, -3], [0, 2], [-1, 0], [0, 4], [2, 4], [4, 0], [2, 1], [8, 2], [2, 1], [4, 1], [5, 3], [2, 2], [2, 1], [10, 0], [5, 3], [3, 0], [3, 2], [1, 2], [-1, 4], [-2, 3], [-2, 1], [-1, 3], [0, 1], [-1, 2], [1, 2], [1, 3], [0, 1], [-1, 5], [-2, 2], [-2, 1]], [[21071, 35225], [0, 3], [-1, 2], [1, 3], [1, 4], [-1, 3], [4, 5], [3, 0], [1, -1], [1, 0], [5, 2], [0, 2], [-1, -1], [-3, 1], [-1, 1], [0, 1], [2, 3], [2, 0], [1, -1], [1, 2], [0, 1], [-1, 3], [-1, 1], [-3, -3], [-3, 0], [-2, -1], [-1, -3], [1, -4], [-1, -1], [-5, -8], [-3, 3], [-4, 1], [-4, -1], [-2, 0], [-1, 2], [-1, -1], [1, 2], [-1, 4], [0, 1], [3, 1], [1, 1], [-2, 6], [0, 1], [-1, 1], [-9, -3], [-1, -1], [1, -2], [0, -3], [1, -3], [1, 0], [-1, -1], [2, 0], [0, -3], [3, 0], [0, 0], [-4, 0], [0, -2], [-2, -1], [-2, -2], [-2, -3], [-4, -2], [-6, 0], [0, 2], [-1, 2], [0, 2], [1, 2], [1, 1], [2, -1], [1, 3], [0, 2], [-2, 2], [-2, 3], [-1, 0], [1, 2], [1, 3], [-1, 4], [-1, 0], [-2, -1], [1, 2], [1, 5], [1, 3], [3, 1], [9, 1], [3, 1], [8, 3], [3, 2], [8, 4], [10, 2], [10, 3], [10, 6], [4, 1], [6, 2], [5, 3], [4, 2], [0, 8], [-6, 1], [-2, -2], [-2, 1], [-1, 2], [0, 2], [-1, 3], [7, 3], [3, 3], [0, 1], [4, 2], [3, 1], [-1, 2], [-3, -1], [-3, 0], [-3, 2], [-2, 1], [-2, 0], [-5, -2], [-1, 1], [-1, 2], [0, 6], [1, 0], [0, -1], [4, 2], [1, 2], [1, 3], [0, 1], [2, 1], [0, 1], [-2, 0], [-1, 1], [-1, 2], [-1, 1], [-2, 0], [-1, 1], [-3, -1], [-1, 0], [-1, 2], [0, 5], [3, 1], [2, 2], [2, 5], [1, 1], [0, 1], [-1, 0], [-4, 4], [-2, -1], [-4, -1], [-1, 0], [-1, 2], [0, 3], [-1, 3], [1, 1], [1, -1], [4, 2], [2, 2], [2, 6], [3, 1], [3, 2], [0, 2], [-4, -1], [-3, -2], [-3, 3], [-2, 0], [-5, -2], [-1, 1], [-1, 2], [0, 5], [2, 1], [3, 1], [2, 1], [0, 5], [-1, 5], [-2, 2], [-2, 0], [-5, -2], [-8, -4], [-4, 0], [-4, -1], [-3, -2], [-7, -4], [-11, -2], [-13, -5], [-3, 0], [-5, -3], [-5, -5], [-3, 1], [-2, 2], [-1, 2], [0, 7], [3, 3], [3, 1], [0, 5], [1, 1], [1, 3], [3, 0], [0, 4], [3, 5], [3, 3], [1, 6], [1, 2], [1, 15], [-2, 16], [-1, 2], [0, 5], [-2, 1], [-3, 12], [-3, 0], [0, 6], [-4, 8], [-3, 4], [-2, 5], [-1, 4], [-9, -1], [0, 5], [-12, 0], [0, -4], [-5, -1], [1, 8], [1, 5], [2, 3], [4, 8], [2, 12], [-2, 5], [-1, 1], [-2, 7], [-3, 0], [-1, 6], [0, 4], [-3, 6], [0, 5], [-4, 8], [0, 3], [-3, 5], [0, 5], [-1, 3], [0, 7], [-2, 8], [-3, -2], [0, 4], [3, 0], [-1, 13], [-1, 1], [1, 7], [0, 5], [-2, 3], [-1, 21], [-3, 4], [0, 11], [-4, 5], [-1, 3], [-2, 0], [-1, 7], [1, 5], [0, 5], [-10, -1], [-1, -1], [-1, 0], [0, 2], [1, 1], [8, 1], [3, -1], [-2, 10], [6, 2], [-1, 8], [1, 3], [1, 10], [-5, 0], [0, -3], [-8, 1], [-1, 5], [7, -1], [3, 2], [8, 1], [5, 21], [3, 0], [2, -12], [-4, -1], [4, -13], [2, -3], [1, -4], [4, 1], [0, 3], [-2, 3], [0, 2], [3, 1], [1, 5], [3, 4], [3, 2], [2, 4], [2, 5], [1, 13], [0, 1], [-5, 2], [0, -3], [-4, 0], [0, -4], [-9, -1], [1, 2], [4, 4], [4, 0], [4, 28], [2, 0], [-1, 5], [3, 1], [3, 3], [8, 2], [3, 3], [4, 2], [1, 4], [4, 1], [3, 3], [4, 0], [3, -9], [1, -2], [1, -3], [2, -1], [1, -1], [0, -3], [2, -7], [1, 0], [1, 4], [4, 5], [0, 8], [2, 0], [1, -21], [3, -1], [0, -1], [2, -7], [3, 0], [2, -8], [2, -3], [0, -3], [4, -6], [4, -2], [3, -4], [1, -3], [0, -3], [3, 0], [1, -7], [1, -1], [45, -9], [0, 4], [-3, 6], [2, 0], [-2, 7], [0, 5], [1, 3], [0, 3], [1, 1], [3, 1], [0, 3], [-3, -1], [0, 4], [3, 0], [1, 4], [3, 0], [1, 3], [-5, -2], [-2, 5], [-1, 0], [0, -5], [-2, -1], [-3, -2], [1, -2], [-1, -3], [-3, 2], [1, 3], [-4, 5], [-1, 18], [0, 1], [3, 1], [-1, 17], [-4, 0], [-1, 5], [-2, 7], [0, 3], [2, 3], [1, 4], [13, 2], [1, 2], [4, 1], [1, 2], [3, 0], [5, 5], [7, 1], [0, 3], [1, 1], [4, 1], [1, 3], [3, 8], [2, 3], [6, 1], [1, 2], [3, 1], [0, 3], [6, 1], [4, -2], [2, -4], [0, -3], [-1, -2], [-5, 0], [1, -3], [-2, 0], [-1, -5], [-1, -2], [1, -8], [3, -6], [3, 0], [-3, -7], [4, 0], [1, 5], [1, 1], [2, 1], [0, -4], [7, 3], [8, 1], [-2, 3], [5, -3], [2, 0], [1, 2], [9, 5], [2, 2], [10, 4], [0, 3], [3, -1], [3, 3], [6, 2], [2, 0], [6, 4], [0, -3], [-6, -3], [-2, -5], [-2, -4], [-4, -1], [-3, -18], [-3, 0], [-1, -5], [-2, -5], [-2, -8], [-2, -5], [-3, -1], [-6, -6], [-6, -4], [-3, 0], [-4, 4], [-2, 3], [-4, 3], [-3, 1], [0, -3], [-1, 1], [-4, -1], [-1, 5], [-2, 0], [0, -7], [-6, 3], [-4, -1], [-7, -4], [0, -6], [-2, -1], [-3, -2], [1, -9], [-2, 0], [0, -4], [2, 0], [-2, -7], [1, -6], [5, 2], [21, -2], [0, -2], [-2, 0], [0, -2], [4, 0], [-2, -3], [3, 0], [-1, -3], [2, -3], [4, -1], [-1, -3], [-2, -3], [-2, 0], [0, -11], [-4, 0], [-1, -17], [-1, -1], [-4, -15], [-1, -41], [1, -2], [1, -9], [4, -12], [2, -1], [0, -2], [-4, -8], [-1, -5], [-4, -2], [1, -16], [-6, -1], [-5, -6], [-2, -5], [-6, -3], [-1, -3], [-1, -2], [-3, -5], [-3, -2], [-2, -2], [-3, -4], [0, -19], [-3, 0], [1, -8], [2, -5], [0, -4], [2, -1], [0, -5], [-5, 3], [0, 3], [-5, 0], [1, -2], [4, -3], [3, -3], [3, -6], [1, -7], [-7, 0], [1, 5], [-2, 8], [-4, -2], [-3, 1], [3, -9], [-5, 2], [1, 3], [-3, 0], [0, 1], [-6, 6], [0, 3], [1, 1], [0, 4], [-1, 0], [0, -3], [-3, 0], [0, -5], [3, -13], [4, 0], [0, -3], [2, -1], [2, -4], [7, -7], [1, -3], [2, -1], [2, -2], [3, 0], [-1, -5], [3, 0], [1, -1], [1, 0], [4, 1], [2, 3], [-4, 1], [-2, -1], [1, 6], [5, 5], [0, -3], [3, 2], [-1, 1], [0, 2], [1, 0], [1, -1], [5, 2], [2, 2], [-1, 8], [-3, 0], [1, 5], [-1, 2], [-2, 0], [0, 2], [6, -3], [3, 0], [1, -1], [0, 7], [12, -2], [0, -1], [-3, -1], [-7, -9], [0, -5], [4, -7], [0, -3], [1, -1], [2, -1], [0, -3], [9, -1], [3, -1], [1, 0], [1, 1], [1, 11], [-2, -1], [-4, 1], [0, 3], [-1, 2], [-1, 3], [5, -1], [0, 1], [1, 0], [0, -1], [-1, -2], [3, -1], [2, -2], [0, 5], [3, -1], [2, 2], [2, 8], [2, 1], [1, 1], [-1, 6], [4, 0], [-1, 9], [5, -2], [2, 8], [1, 1], [2, 0], [2, 2], [3, 9], [2, 3], [-4, -2], [-1, -2], [0, -1], [-2, 0], [0, 2], [2, 1], [1, 2], [4, 4], [12, 0], [2, -3], [0, -3], [2, 0], [0, 3], [3, -3], [2, -4], [6, -3], [2, -2], [22, -3], [5, -2], [0, -4], [3, 0], [0, 4], [1, 0], [0, -5], [10, -1], [7, -8], [3, -1], [0, -3], [19, 2], [1, 1], [0, 3], [2, 3], [5, 1], [1, 3], [-4, 0], [0, 1], [3, 0], [0, 4], [8, 0], [0, 1], [2, 25], [-2, 3], [0, 3], [-2, 12], [-3, 11], [-2, 7], [-1, 6], [-4, 0], [1, 3], [3, 3], [2, 4], [3, 3], [-1, -6], [5, -1], [3, -3], [1, 0], [3, 1], [2, 0], [3, 3], [8, 0], [2, 4], [3, 1], [0, 3], [2, 1], [1, 0], [1, 9], [-4, 1], [1, 10], [3, 0], [-1, 11], [-1, 2], [-1, 7], [3, 0], [0, 9], [1, 1], [3, 1], [-1, 8], [-1, 3], [0, 5], [-1, -1], [-1, 0], [0, 1], [-2, 2], [1, 2], [-3, 24], [0, 12], [-6, 8], [-3, 8], [0, 1], [1, 1], [4, 0], [1, 3], [-5, 1], [-1, 5], [-3, 0], [-1, 12], [2, 0], [-1, 8], [-3, 0], [1, 5], [-2, 11], [-5, 1], [-3, 3], [-6, 3], [0, 14], [2, 0], [-3, 13], [0, 7], [2, 8], [3, 0], [0, 3], [2, 2], [1, 7], [1, 1], [0, 12], [2, 1], [0, 2], [-2, 3], [0, 10], [2, 2], [4, 1], [2, 18], [0, 26], [2, 10], [-3, 0], [-1, 7], [-4, 0], [1, 13], [4, 5], [1, 4], [3, 3], [3, -1], [1, 8], [-1, 2], [3, 0], [0, 2], [-3, 0], [-3, 3], [-1, 11], [3, -1], [0, 9], [2, 1], [4, 6], [2, 2], [2, 1], [0, 5], [3, 0], [0, 3], [2, 2], [0, 3], [2, 6], [5, 1], [0, 3], [4, 1], [1, 1], [11, 6], [1, 7], [2, 0], [3, 4], [7, 3], [6, -2], [4, 0], [1, -1], [8, -1], [0, -3], [5, -3], [4, -5], [3, -1], [3, -4], [0, -4], [6, 0], [4, -4], [9, -3], [1, -2], [-2, -1], [-4, -4], [-8, 1], [0, -3], [-3, -1], [-3, -3], [-3, 0], [-1, -1], [3, -8], [1, -11], [0, -4], [-2, 0], [0, 4], [-1, 0], [0, -4], [-5, -1], [0, -4], [-2, 1], [-2, -1], [0, -1], [2, -1], [8, 1], [0, -4], [9, 4], [0, -4], [6, 2], [1, 8], [5, 0], [0, 4], [3, 0], [1, 2], [4, 2], [14, 0], [5, -4], [2, -3], [2, -2], [5, -1], [3, -1], [4, 2], [2, -4], [2, 0], [2, 2], [0, 5], [4, 3], [3, 2], [1, 3], [2, 3], [1, 2], [0, 3], [-1, 1], [1, 0], [0, 1], [1, 1], [1, -2], [2, -2], [0, -1], [3, -3], [2, -1], [0, -1], [3, 1], [3, 3], [3, 5], [-1, 2], [-3, 3], [1, 2], [0, 6], [-1, 1], [4, 4], [3, 9], [-1, 1], [-4, 11], [-5, 7], [-2, 11], [-2, 20], [-4, 1], [-1, 4], [-2, 3], [-4, 1], [-2, 10], [-2, 3], [-4, 12], [0, 10], [-3, 8], [0, 11], [-1, 2], [-1, 5], [3, -2], [-1, 13], [1, 8], [3, 4], [3, 9], [0, 31], [1, 9], [-1, 1], [3, 0], [2, 12], [1, 1], [2, 5], [1, 3], [6, 3], [5, 5], [4, 0], [1, 1], [3, 1], [0, 12], [2, 0], [-1, 3], [-5, -1], [-7, 3], [-2, 3], [0, 6], [-3, 0], [-1, 17], [4, 0], [0, 5], [4, 9], [2, 3], [3, 1], [0, 3], [4, 0], [0, 3], [2, 1], [2, 4], [3, 3], [3, 17], [2, 6], [4, 18], [1, 12], [2, 0], [3, 4], [8, 4], [-1, 5], [-1, 1], [-1, 5], [-2, 2], [-2, 31], [-4, 6], [-2, 4], [2, 11], [1, 3], [0, 8], [1, 5], [6, 7], [2, 6], [1, 12], [2, 0], [0, 10], [4, 0], [1, 4], [0, 7], [-1, 5], [0, 5], [1, 1], [-1, 12], [-4, 1], [-5, 5], [-2, 0], [0, -3], [-12, 1], [-1, 1], [0, 6], [-4, -1], [0, 6], [-2, 3], [-1, 4], [3, 0], [-1, 3], [-3, 5], [-4, 2], [0, 4], [-4, 0], [0, 4], [3, -1], [3, 3], [4, 1], [4, 10], [0, 6], [-3, 13], [0, 8], [1, 2], [0, 7], [-2, 3], [-6, 3], [-1, 5], [-5, 7], [-1, 3], [-10, -1], [-5, -4], [-1, -5], [-5, -11], [-3, -4], [0, -4], [6, 0], [1, 8], [3, 0], [1, 1], [0, 4], [3, -1], [1, -1], [0, -3], [-2, -2], [0, -5], [-6, -2], [-1, -2], [-3, -1], [-1, -10], [-4, -1], [0, -2], [3, -1], [4, -7], [-4, 0], [1, -11], [5, 0], [3, 2], [8, 2], [10, -1], [-1, -3], [-5, -3], [-3, -2], [-1, -10], [-4, -2], [0, -3], [-3, 0], [-1, -8], [-5, -2], [-1, -5], [-3, -6], [-3, 0], [-2, -8], [-2, -5], [-3, -5], [-2, -3], [-3, 0], [1, -7], [-1, -3], [-2, 0], [-1, -12], [-4, -18], [-1, -1], [-1, -8], [-2, -2], [-1, -10], [-1, -1], [0, -9], [-4, 0], [-2, -13], [-1, -1], [-1, -7], [-1, -1], [-2, -10], [-3, 0], [-3, -21], [-2, -4], [0, -6], [1, -2], [-3, 0], [0, -8], [-2, -3], [-1, -30], [-3, 0], [1, -1], [-2, -31], [-4, -2], [0, -5], [-2, -5], [-2, -4], [-1, -10], [-1, -2], [-2, -10], [-4, -7], [-1, -6], [1, -21], [2, -9], [3, -1], [3, 0], [3, 1], [4, -3], [0, -2], [-3, -5], [-4, -5], [-1, -3], [-5, -6], [-3, -1], [0, -2], [-2, 0], [-3, -8], [-3, -2], [-7, -2], [-2, -2], [-1, -3], [0, -6], [-1, -2], [1, -7], [-2, 1], [-4, -6], [-1, -3], [4, -14], [-1, 0], [-3, 10], [-11, -7], [-9, 2], [0, 3], [-4, 5], [-3, 5], [-1, 5], [-3, 5], [-3, 1], [-3, 2], [0, 5], [-4, 5], [-2, 13], [2, -2], [1, 10], [1, 2], [3, 10], [8, 0], [0, 9], [3, 0], [1, 8], [-2, 5], [1, 9], [3, 0], [-2, 8], [-2, 1], [-3, 2], [-1, 11], [2, 2], [0, 10], [3, 0], [-1, 5], [-1, 1], [-2, 10], [7, -3], [0, 3], [1, 1], [3, 1], [0, 6], [3, 5], [3, 9], [3, 1], [1, 10], [3, 0], [0, 8], [3, 5], [3, 8], [1, 2], [1, 5], [3, 4], [1, 10], [1, 2], [2, 10], [-2, 0], [-1, 5], [1, 3], [4, -1], [1, -2], [1, 0], [2, 2], [5, 1], [1, 10], [3, 0], [0, 6], [3, 3], [3, 5], [0, 7], [3, 0], [0, 5], [4, 11], [1, 5], [4, 1], [3, 9], [0, 3], [2, 0], [0, 2], [-4, 1], [0, 2], [3, 0], [0, 3], [2, 1], [4, 4], [2, 12], [2, 1], [0, 3], [-2, 0], [4, 8], [2, 1], [6, 18], [4, 4], [1, 23], [-2, 4], [-3, 4], [0, 7], [3, 3], [0, 5], [-2, 2], [0, 5], [-1, 1], [-3, 13], [-4, 2], [1, 5], [-6, 16], [2, 0], [0, 4], [3, 0], [1, 1], [0, 5], [-1, 2], [6, 2], [1, 1], [0, 11], [1, 4], [0, 1], [-1, 4], [0, 9], [1, 2], [2, 15], [-2, 5], [-5, 1], [-2, 5], [-6, 2], [-1, 8], [-4, 6], [-1, 22], [3, 9], [3, 0], [0, 12], [1, 1], [7, 0], [11, 6], [4, 3], [4, 5], [1, 3], [-1, 10], [-6, 1], [0, 5], [-9, 1], [-2, 0], [-2, -1], [-1, 1], [0, 1], [1, 1], [13, 0], [0, 9], [-2, 8], [-4, 6], [-2, 10], [-1, 2], [0, 21], [1, 3], [0, 23], [-1, 2], [0, 6], [1, 3], [0, 4], [-1, 2], [-1, 0], [-1, 1], [-2, 1], [1, 1], [1, -1], [0, 1], [1, 1], [-1, 1], [0, 1], [1, 0], [0, 1], [-3, 1], [0, 1], [2, 0], [3, 3], [0, 1], [1, 1], [0, 1], [2, 1], [1, 1], [-1, 1], [1, 1], [1, 0], [1, 3], [-1, 3], [-2, 1], [-2, 0], [1, 1], [-1, 1], [2, 0], [0, 4], [1, 1], [1, 0], [0, -1], [-1, 0], [0, -1], [-1, 0], [1, -1], [0, -1], [1, -1], [2, 0], [1, 1], [0, 2], [1, 1], [0, 1], [1, 1], [0, 4], [1, 1], [0, 1], [1, 1], [0, 5], [1, 1], [2, 1], [-1, 2], [1, 1], [1, 2], [1, 3], [1, 4], [1, 2], [0, 2], [-1, 1], [0, 1], [-4, 3], [4, -2], [7, 0], [7, 4], [1, 12], [14, 1], [1, -6], [3, 0], [2, 4], [4, 1], [2, 3], [2, 11], [4, -1], [0, 13], [-1, 1], [-4, 0], [0, -6], [-7, -1], [-2, -2], [-3, 0], [-1, 1], [0, 2], [4, 0], [0, 3], [4, 4], [5, 1], [0, 3], [6, 1], [1, 1], [1, 6], [2, 2], [2, 10], [2, 0], [2, 8], [2, 2], [4, 21], [3, 9], [2, 1], [2, 9], [4, 0], [0, 7], [2, 2], [3, 1], [1, 5], [2, 3], [6, 11], [7, 2], [-1, 4], [1, 8], [2, 0], [1, 6], [6, 2], [1, 8], [3, 1], [0, 1], [1, 3], [3, -2], [1, 8], [2, 22], [3, 0], [0, 8], [1, 0], [2, 15], [2, 0], [0, 6], [3, 0], [-1, -6], [-2, -2], [0, -7], [3, -1], [-1, -5], [-2, 1], [-2, 0], [-1, -2], [0, -7], [-1, -4], [0, -1], [2, -5], [1, -7], [1, 1], [6, 0], [1, 2], [8, 2], [0, 4], [2, 0], [0, 3], [3, 1], [1, 0], [2, 22], [1, 0], [2, 1], [2, 10], [4, 5], [4, 6], [4, 1], [2, 4], [4, 3], [3, 1], [-1, 1], [1, 17], [2, 0], [4, 11], [1, 2], [1, 9], [1, 2], [0, 2], [-1, 3], [1, 8], [2, 0], [0, 3], [-2, 4], [10, 1], [2, 12], [-4, -2], [0, -5], [-2, 0], [0, 5], [1, 1], [0, 6], [2, 4], [1, 1], [2, 8], [1, 9], [-4, 0], [1, 2], [0, 10], [2, 5], [3, 6], [3, 10], [1, 6], [1, 4], [1, 3], [0, 5], [1, 2], [0, 1], [1, 4], [0, 2], [1, 3], [-7, 2], [0, -1], [-1, 1], [0, 1], [1, 0], [0, -1], [7, -2], [0, 4], [1, 1], [0, 3], [1, 2], [1, -1], [2, 1], [2, 2], [0, 2], [11, 4], [0, 3], [-12, -4], [0, -1], [-1, 0], [0, 2], [1, 1], [-1, 2], [0, 1], [-2, 0], [0, 2], [2, 0], [-1, 1], [1, 1], [0, 2], [-1, 2], [-1, 5], [2, 1], [1, 1], [2, 0], [1, 1], [2, 1], [2, -1], [-1, -1], [-1, -2], [0, -2], [6, -3], [1, -2], [2, 0], [0, -1], [-1, 0], [0, -5], [1, -1], [-1, -1], [0, -2], [1, 1], [2, -1], [1, 0], [1, -1], [1, -2], [2, -1], [3, 0], [3, -1], [4, 1], [1, 0], [2, 3], [-2, 2], [3, 1], [0, 3], [-1, 0], [-1, 1], [-2, 5], [1, -2], [2, -1], [0, 3], [-1, 3], [-2, -2], [-1, 1], [4, 4], [0, 2], [-2, 0], [-1, -2], [0, 3], [2, 1], [0, 2], [-6, -1], [0, 1], [5, 2], [-2, 2], [-2, 5], [-1, 4], [-5, 6], [-3, -2], [2, 3], [-2, 3], [-2, -2], [-2, 0], [-2, 5], [2, 2], [-1, 2], [-2, 0], [-1, -1], [-1, -2], [-5, -1], [-5, 3], [-3, 0], [0, 2], [3, 1], [0, 8], [-1, 2], [-2, 2], [-1, 0], [-6, -3], [-2, -2], [0, 1], [1, 2], [4, 4], [3, 1], [1, 2], [0, 9], [-1, 6], [2, 2], [6, 3], [6, 5], [3, 0], [9, 5], [-2, 4], [1, 4], [3, 2], [21, 5], [6, 2], [0, 4], [-2, 1], [-1, -1], [-1, 0], [-1, -1], [-1, 0], [0, 1], [2, 1], [0, 1], [1, 1], [1, 2], [1, 0], [2, 1], [5, 5], [4, 2], [2, 0], [2, 1], [1, 2], [0, 4], [-1, 2], [-7, -2], [1, 1], [0, 1], [2, 2], [0, -1], [5, 2], [-1, 0], [-3, -1], [0, 1], [2, 2], [-1, 2], [0, 1], [-1, 0], [-1, 3], [0, 1], [-1, 1], [1, 0], [-2, 2], [2, 2], [-2, 4], [0, 1], [-1, 0], [1, 1], [-2, 0], [1, -1], [0, -1], [1, -2], [0, -1], [-1, 0], [0, -1], [-5, 7], [-11, 4], [-1, 0], [0, 3], [1, 3], [0, 3], [1, 3], [0, 3], [1, 3], [0, 1], [1, 1], [0, 1], [1, 1], [-4, 4]], [[21748, 37618], [-2, 7], [2, 6], [3, 7], [0, 1], [2, 6], [0, 4], [3, 6], [1, 3], [0, 7], [1, -1], [0, -1], [1, -5], [2, 1], [2, 0], [0, 2], [1, 2], [2, 1], [0, 7], [-5, 0], [-4, 1], [-1, 0], [-2, 2], [-2, 0], [-2, 2], [0, 5], [4, -2], [1, 1], [1, 2], [0, 3], [-1, 1], [0, 2], [1, -1], [2, 0], [1, 1], [0, 2], [2, 2], [0, 1], [-1, 1], [2, 2], [-1, 0], [0, 1], [1, 0], [0, 1], [-1, 0], [0, 4], [1, 1], [0, 2], [1, 2], [2, 1], [1, 2], [1, 3], [1, 2], [-4, 0], [0, 10], [1, 2], [0, 4], [4, 3], [2, -2], [0, -3], [1, -1], [0, -1], [1, -3], [0, -4], [1, 1], [0, 2], [1, 2], [0, 2], [1, 1], [0, 2], [4, 4], [0, 4], [2, 4], [1, 5], [1, 2], [2, 0], [0, 5], [1, 3], [-1, 2], [3, 2], [-1, 2], [1, 3], [-1, 2], [-3, 5], [-4, -6], [-1, 0], [-3, 3], [3, 5], [4, 4], [-10, 12], [-1, 1], [-6, 4], [-10, 2], [-4, 2], [-1, -4], [-5, 3], [1, 3], [-7, 5], [-10, -26], [3, -2], [-2, -6], [0, -17], [-2, -1], [-3, 5], [0, 3], [1, 3], [0, 9], [-20, 11], [-8, 5], [-1, -2], [0, -4], [3, -1], [-2, 0], [-3, -1], [-2, 4], [1, 2], [0, 1], [-2, 1], [1, 3], [-1, 1], [1, 2], [1, 0], [1, 1], [1, 0], [1, 13], [3, 19], [-1, 1], [0, 2], [1, 0], [1, 7], [-2, 1], [14, 30], [8, -6], [1, 0], [-1, 1], [5, 9], [1, -2], [-4, -8], [-1, 0], [0, -3], [-2, -14], [-1, -3], [1, -8], [1, -10], [21, -12], [5, 13], [6, -3], [1, -11], [0, -5], [2, -1], [0, 1], [1, 0], [0, -1], [2, -2], [2, 3], [2, 0], [1, 2], [0, 1], [1, 0], [1, 4], [0, 1], [-2, 1], [0, 2], [1, 1], [1, 3], [2, 1], [1, 1], [2, 4], [1, 8], [2, 9], [4, 8], [3, 8], [1, 2], [0, 2], [1, 1], [0, 2], [1, 1], [-1, 1], [1, 0], [0, 3], [1, 0], [0, 1], [1, 0], [0, -2], [1, 0], [2, -2], [0, -1], [1, 0], [0, -1], [1, 0], [0, -1], [1, 0], [0, -1], [1, -2], [0, -10], [-2, 1], [-1, 0], [0, -2], [-2, -1], [1, -3], [-1, -2], [-1, 1], [0, -2], [-1, -1], [-1, 0], [-1, -3], [0, -2], [-1, 0], [-2, -1], [0, -8], [-2, -3], [-2, 0], [-2, -2], [0, -3], [2, -2], [-2, -8], [0, -3], [3, -2], [0, -2], [-2, 0], [1, -1], [1, 0], [2, -2], [21, 3], [3, 6], [5, 9], [2, 3], [-1, 1], [3, 3], [3, 5], [2, 5], [1, 4], [4, 3], [1, 2], [-1, 0], [1, 3], [2, 2], [4, 7], [-7, 11], [-2, -1], [-3, 0], [-3, 2], [-2, 3], [0, 4], [-1, 6], [-3, 3], [-5, 2], [-3, -3], [-4, 0], [-2, 1], [-1, 1], [-2, 0], [0, 1], [1, 1], [0, 1], [3, 8], [0, 3], [1, 4], [3, 4], [-1, 8], [1, 4], [0, 2], [1, 0], [0, 2], [-1, 0], [0, 1], [1, 0], [0, 1], [-1, 2], [1, 1], [0, 2], [2, 2], [2, 4], [12, 7], [10, -1], [0, -3], [2, 1], [1, 3], [5, 1], [2, 3], [0, 3], [2, 2], [2, 1], [-1, 7], [0, 3], [4, 6], [5, -2], [7, 0], [9, 3], [5, 5], [11, 2], [0, -1], [1, -7], [8, -4], [2, 0], [3, -4], [4, -4], [3, 0], [4, 1], [7, 7], [2, 4], [2, 0], [2, 7], [0, 3], [2, 8], [0, 4], [1, 9], [0, 2], [1, 4], [4, 6], [1, 3], [-1, 3], [1, 5], [1, 6], [3, 4], [-1, 3], [-1, 2], [0, 15], [2, 11], [0, 3], [-1, 2], [-2, 15], [1, 1], [0, 2], [-1, 3], [-2, 30], [2, 6], [2, 3], [2, 0], [1, 10], [1, 2], [0, 6], [1, 2], [2, 7], [2, 4], [3, 4], [3, 5], [2, 4], [0, 5], [3, 4], [2, 4], [1, 5], [1, 6], [0, 5], [-2, 2], [0, 2], [-7, 0], [0, 3], [-3, 4], [0, 3], [-1, 1], [-2, 0], [-1, 7], [-2, 5], [-6, 1], [-11, 5], [-1, 1], [-4, 2], [-1, 2], [-7, 3], [-8, 1], [-9, 0], [-1, 8], [0, 1], [-4, 0], [0, -3], [-6, -2], [-4, -3], [-1, -3], [-1, -4], [-2, -12], [-1, -5], [-3, -8], [-2, -4], [-1, -1], [-2, 1], [-3, 2], [-4, 3], [-6, 2], [-4, 2], [-2, 0], [-8, 1], [0, -1], [4, 0], [-1, -4], [-11, 5], [0, 7], [-1, 0], [0, -7], [-3, -1], [-1, -1], [-3, -1], [0, 3], [-5, 0], [0, -1], [4, 0], [-1, -4], [2, 0], [-1, -3], [-3, -1], [-3, -3], [-15, -2], [-4, -5], [-5, 0], [0, -2], [8, 1], [1, 1], [1, 0], [2, -1], [4, -1], [2, -3], [6, -3], [0, -3], [-1, -2], [0, -2], [5, -5], [1, -8], [0, -2], [4, 1], [0, 2], [3, 3], [4, 0], [5, -3], [5, -2], [4, -4], [7, -8], [1, -3], [7, -9], [1, -4], [0, -2], [-1, -3], [0, -3], [1, -4], [1, -8], [1, -59], [1, -11], [0, -13], [-1, -4], [-1, -9], [1, -2], [0, -3], [-4, -2], [-3, 0], [-8, 2], [-3, 2], [-5, 5], [-1, 4], [-4, 4], [-3, 0], [-6, -3], [-2, -2], [-2, -5], [-1, -2], [-1, 1], [-3, 1], [-10, 1], [-2, 10], [-1, 4], [-3, 3], [-1, 3], [-5, 2], [-3, 0], [-5, -3], [-3, 0], [-1, -2], [-3, 0], [0, -5], [-3, -4], [0, -14], [1, -3], [0, -4], [4, -14], [0, -9], [-2, -3], [-3, -11], [0, -8], [-4, -5], [0, -4], [-6, 0], [-5, -4], [0, -4], [-3, 0], [0, -3], [-2, 0], [1, -2], [0, -3], [-2, -2], [0, -27], [-3, -7], [-12, -1], [-2, -1], [-4, 1], [0, 3], [-3, 0], [-1, 5], [-2, 5], [-2, 11], [1, 25], [3, 0], [0, 6], [2, 2], [1, 6], [-1, 5], [3, 0], [1, 8], [1, 2], [3, 24], [-3, 18], [1, 26], [0, 4], [-3, 9], [0, 7], [-2, 3], [1, 3], [0, 6], [7, 14], [1, -2], [2, 3], [0, 4], [-8, 2], [-10, 8], [-10, -13], [1, -6], [-4, -12], [10, -9], [5, 1], [4, -5], [0, -3], [-4, 1], [-3, -1], [-4, -2], [-6, 4], [-5, 6], [-7, 9], [-2, -4], [-3, 2], [-5, 1], [-2, -8], [-7, -1], [-11, 21], [-9, 18], [4, 11], [5, 6], [3, -1], [2, 2], [11, -3], [7, -1], [8, 1], [13, 1], [-3, 7], [-6, -1], [-7, 0], [-3, 6], [-2, 0], [0, -6], [-7, 0], [-11, 2], [-8, 1], [-1, 1], [-1, 2], [-4, 11], [-3, 9], [-2, 3], [-1, 1], [1, 1], [8, 11], [6, 8], [5, 7], [5, 6], [6, 6], [-3, 3], [-1, -2], [-1, 0], [-2, -1], [-3, -1], [0, -1], [-1, 0], [-3, -3], [-6, -8], [1, -2], [-10, -15], [0, -1], [-2, -2], [-1, 0], [-3, -5], [0, -1], [2, -4], [2, -3], [1, -1], [-3, -6], [1, -5], [3, -2], [3, 0], [1, -1], [0, -4], [2, -4], [0, -1], [2, -3], [-5, -5], [-2, 4], [-2, 1], [-6, 6], [-3, 2], [-4, 14], [-3, 3], [-2, 5], [0, 4], [-1, 4], [-1, 5], [-1, 3], [-1, 1], [0, 8], [1, 7], [-1, 1], [0, 3], [1, 1], [0, 7], [-1, 6], [1, 6], [-1, 1], [1, 4], [0, 9], [1, 2], [1, 4], [1, 13], [1, 2], [1, 3], [1, 1], [-1, 1], [1, 1], [0, 1], [3, 5], [3, 7], [1, 3], [2, 8], [2, 2], [5, 17], [1, 6], [1, 3], [2, 5], [3, 9], [0, 3], [1, 2], [2, 15], [1, 10], [1, 19], [-4, 17], [2, 5], [2, 15], [-2, 36], [2, 18], [11, 18], [12, 25], [5, 17], [3, 30], [-5, 33], [-1, 25], [-4, 24], [-10, 26], [-5, 14], [-24, 203], [1, 7], [2, 3], [7, 6], [-4, -1], [-2, 0], [-1, -1], [-1, 2], [0, 4], [7, -3], [4, 7], [17, 15], [2, -4], [16, -1], [7, 0], [1, 3], [-1, 5], [3, 1], [0, 7], [5, 1], [0, 8], [23, 1], [0, -4], [1, -3], [18, -1], [-1, 15], [5, 1], [0, 8], [-1, 4], [-13, 0], [0, -2], [-67, 0], [-2, 2], [-4, 0], [-2, -3], [0, -25], [-10, -9], [0, -3], [-1, -2], [-3, 1], [2, 4], [2, 17], [2, 16], [-1, 4], [1, 5], [-1, 14], [-1, 6], [-4, 19], [-1, 4], [-2, 14], [-3, 9], [0, 8], [1, 10], [2, 8], [5, 27], [2, 30], [2, 17], [13, 3], [10, 1], [-1, 13], [-2, 2], [-1, 11], [-2, 21], [-6, 12], [-2, 5], [-3, 9], [-2, 4], [-2, 0], [-5, 13], [0, 5], [-1, 1], [0, 7], [-6, 15], [-2, 13], [-1, 19], [-4, -1], [-1, 1], [0, 3], [5, 2], [-2, 13], [-2, 3], [-5, 13], [-4, 0], [0, 4], [-5, 1], [-3, 15], [-3, 5], [0, 3], [-3, 5], [-2, 10], [-2, 2], [-2, 6], [-9, 2], [0, 1], [-9, 0], [-3, 3], [-2, 1], [0, 4], [-3, 0], [-1, 2], [0, 3], [1, 0], [1, -2], [6, -3], [0, -4], [9, -1], [2, -2], [3, -1], [0, 7], [-2, 3], [-3, 0], [-1, 10], [-2, 3], [-3, 5], [-2, 7], [-3, 0], [-2, 4], [-3, 1], [0, 3], [-4, 5], [-2, 0], [-2, 8], [-3, 3], [-1, 7], [-3, 3], [0, 3], [-4, 2], [0, 3], [-4, 2], [-1, 8], [-2, 3], [-4, 2], [-6, 21], [-2, 5], [0, 2], [-3, 14], [-4, 7], [-1, 6], [-2, 1], [-5, 7], [-6, 1], [-1, -1], [2, -8], [1, -6], [4, 0], [0, -5], [2, -2], [-1, -3], [-3, 0], [0, 6], [-2, 1], [-3, 3], [1, 3], [-4, 11], [-4, 7], [-1, 2], [1, 8], [1, 7], [-3, 10], [-2, 2], [-6, 1], [-2, -2], [1, -4], [0, -2], [-1, 0], [-8, -8], [2, -2], [-1, -1], [-2, 3], [8, 9], [0, 4], [-4, 3], [-2, 2], [-2, 1], [-6, 6], [-2, 7], [-5, 11], [-3, 5], [-4, 5], [-4, 13], [0, 3], [-4, 5], [-2, 8], [-4, 5], [-3, 8], [-2, 4], [-3, 4], [-4, 12], [-2, 3], [-3, 0], [-1, 5], [-2, 1], [-2, 2], [-4, 0], [-1, 5], [-3, 1], [-1, 2], [-3, 1], [0, 4], [-4, 5], [-3, 7], [-4, 32], [-1, 4], [-1, 20], [-6, 0], [-4, 1], [-2, 0], [-1, -1], [0, -2], [-2, 0], [0, 1], [1, 2], [0, 1], [1, 1], [-1, 1], [0, 1], [-2, 2], [-2, -1], [0, 2], [2, 0], [0, 1], [3, 3], [1, 0], [5, 3], [-1, 7], [-11, 0], [1, -1], [-2, 0], [0, 3], [1, 0], [0, -1], [1, 0], [0, 1], [2, 0], [0, 0], [8, 0], [0, 8], [-1, 3], [-1, 8], [5, 5], [0, 1], [2, 2], [-1, 0], [-8, -9], [0, -1], [-1, -1], [-1, 1], [11, 11], [0, 2], [-11, -12], [0, 2], [9, 8], [-1, 2], [-8, -9], [-1, 3], [0, 4], [-1, 1], [2, 12], [9, 2], [0, 2], [-9, -1], [0, 17], [7, 2], [-1, 4], [-7, -2], [-1, 1], [6, 1], [0, 11], [-5, 0], [0, 1], [6, 1], [0, 8], [-8, -1], [-1, 2], [-2, -1], [-2, 6], [1, 2], [2, -1], [1, -6], [2, 0], [1, 2], [-5, 20], [-6, -1], [0, 3], [11, 1], [-1, 6], [-12, -2], [0, 1], [5, 1], [-3, 10], [0, 5], [-2, 2], [-2, 6], [-4, 2], [-3, 13], [-1, 2], [-2, 5], [0, 5], [-3, 16], [0, 5], [-2, 1], [-1, 15], [-1, 2], [-2, 9], [-2, 2], [-1, 3], [-1, 5], [-3, 7], [-1, 1], [-2, 0], [0, 2], [-1, 8], [-2, 0], [-1, 4], [-1, 1], [-2, 1], [-3, 6], [-2, 1], [-2, 7], [-3, 0], [-1, 7], [-2, -1], [-2, 5], [-2, 2], [0, 3], [-3, 1], [-2, 5], [-5, 10], [-2, 0], [0, 4], [-2, 5], [-1, 1], [-2, 5], [-2, 3], [-2, 1], [0, 4], [-3, 0], [1, 4], [-4, 8], [-2, 3], [-3, 3], [-1, 2], [-2, 2], [-3, 4], [-2, 4], [-4, 4], [-6, 3], [-5, 5], [-3, 0], [-1, -2], [-4, 0], [-3, 3], [-1, 5], [-3, 0], [1, 5], [-10, -2], [0, -3], [3, -1], [1, -3], [-8, 3], [-1, 4], [5, 4], [4, 3], [5, 6], [2, 0], [1, 1], [1, 2], [-3, 4], [-4, -3], [-9, -8], [-4, -5], [-1, 0], [-2, 2], [-1, 2], [8, 8], [6, 5], [0, 2], [-4, 10], [-2, 3], [-3, 8], [-3, 5], [-1, 3], [-4, 4], [-2, -2], [-6, -1], [-2, -1], [1, -1], [1, 0], [0, -5], [-2, 0], [0, 4], [-2, 1], [0, 3], [2, 0], [-2, 10], [-3, 8], [-6, 21], [-5, 1], [0, 2], [3, 3], [-3, 17], [3, 6], [1, 7], [1, 1], [5, 1], [1, 3], [-3, 6], [3, 4], [3, -1], [0, -2], [1, 1], [5, -10], [-1, -1], [3, -6], [16, 5], [-1, 20], [4, 1], [2, 2], [3, -1], [5, -13], [2, -1], [14, -25], [33, 29], [-26, 43], [-3, 6], [3, 3], [0, 1], [3, 2], [0, -1], [8, 8], [5, 4], [11, 11], [1, 0], [4, 3], [2, 5], [2, 3], [0, -1], [1, 1], [1, -1], [1, 0], [2, 3], [2, 8], [-4, 5], [0, 3], [1, 2], [0, 3], [1, 2], [-1, 27], [-2, 8], [-4, -1], [1, -10], [1, -2], [2, -6], [-3, -1], [-2, -3], [-5, -1], [0, -3], [-8, -1], [-2, -2], [-4, -2], [-1, -3], [-1, -2], [1, -2], [-2, 0], [0, -2], [1, -2], [-1, 0], [0, 0], [-3, -2], [-1, 1], [-1, -1], [0, -1], [-1, -1], [-1, 1], [-1, 0], [-1, 1], [-1, 0], [-1, -1], [-1, -4], [0, -4], [-1, -1], [0, 1], [-1, 3], [0, 3], [-3, -2], [0, -2], [-2, -2], [-1, 0], [-1, -1], [0, -5], [-1, -1], [0, -2], [-1, -1], [0, -2], [-1, 1], [-2, 0], [-1, 2], [1, 2], [2, 3], [1, 3], [-5, 1], [-2, -1], [-2, -2], [-5, -2], [-4, -3], [-3, -3], [-2, 0], [-2, 2], [-1, -1], [-1, 3], [1, 1], [1, -1], [2, 1], [2, 4], [2, 2], [2, -1], [1, 10], [2, 2], [2, 0], [6, -2], [-4, 8], [2, 0], [0, 8], [-14, -1], [-1, -1], [-11, -1], [-1, -7], [-2, -5], [-3, 1], [-2, 2], [-9, 1], [-13, 7], [-4, 3], [-10, 1], [0, -2], [2, 0], [5, -4], [0, -5], [-5, 1], [1, -11], [-2, -3], [0, -2], [3, -3], [1, -5], [4, -7], [2, -5], [5, -6], [3, -5], [2, -4], [3, -3], [1, -6], [5, -3], [2, -3], [4, 1], [0, -5], [-4, -5], [-5, -2], [-3, -4], [-3, 0], [-2, -1], [-6, -1], [0, 3], [-4, 0], [-2, 15], [-6, 11], [-3, 5], [-3, 7], [-4, 5], [-3, 8], [-4, 5], [-3, 13], [-2, 1], [-4, 9], [0, 3], [-3, 0], [-1, 3], [-4, 5], [-4, 6], [-3, 10], [-4, 5], [-4, 2], [0, 5], [-2, 3], [-3, 1], [-3, 2], [0, 5], [-4, 10], [-3, 3], [-5, 18], [0, 3], [-2, 5], [-6, 6], [-2, 0], [-2, -2], [-4, 11], [0, 3], [-2, 9], [-2, 3], [-2, 0], [-1, 1], [-5, 8], [-2, 3], [-5, 10], [-3, -1], [-1, 2], [2, 1], [-5, 9], [-2, 2], [1, 1], [-1, 1], [-3, 0], [3, 3], [0, 2], [-3, 12], [-1, 1], [-6, 13], [-1, 4], [-3, 4], [-2, 3], [-2, 5], [-5, 4], [-3, -1], [-4, 8], [-3, 2], [-2, 9], [-8, 24], [-2, 1], [-2, 6], [-1, 1], [-2, 12], [-2, 6], [-1, 9], [-1, 2], [-2, 9], [-3, 1], [-2, 12], [-4, 5], [-3, 8], [-3, 5], [-4, 13], [-3, 7], [-1, 3], [-1, 2], [-3, 8], [-3, 9], [-2, 3], [-1, 2], [-2, 2], [-1, 2], [-5, 6], [-2, 3], [-10, 5], [-2, 3], [-2, 4], [-8, 2], [-1, 2], [-7, 0], [-1, 1], [0, 5], [-3, 3], [-2, 3], [-2, 15], [0, 3], [-3, 3], [-2, 5], [-6, 17], [-2, 3], [-2, 5], [-3, 0], [0, 3], [-2, 2], [-2, 6], [-4, 0], [-1, 5], [-3, 1], [-1, 1], [-7, 4], [-1, 1], [-9, 2], [-8, 4], [0, 3], [-4, 2], [0, 3], [-2, 0], [-1, 3], [-4, 9], [-4, 5], [-1, 3], [0, 3], [-3, 5], [-1, 10], [-3, 3], [-1, 5], [-4, 8], [-1, 5], [-6, 6], [-3, 9], [-5, 0], [-1, 5], [-3, 6], [-4, 2], [1, 3], [-4, 8], [0, 3], [-6, 7], [-2, 8], [-3, 3], [-2, 5], [-2, 0], [-1, 5], [-3, 3], [-1, 5], [-3, 4], [-2, 6], [-6, 7], [-1, 4], [-5, 7], [-1, 3], [-2, 3], [-4, 5], [0, 4], [-1, 1], [-1, 10], [-3, 3], [-3, 5], [-1, 7], [-1, 1], [-5, 13], [-2, 0], [-1, 7], [-4, 5], [-4, 10], [-3, 3], [-4, 6], [0, 4], [-3, 0], [0, 3], [-3, 3], [-3, 8], [-2, 4], [-4, 1], [0, 4], [-2, 0], [-1, 3], [-4, 5], [-1, 9], [-4, 15], [-4, 25], [0, 8], [-3, 11], [-2, 15], [-4, 6], [-4, 12], [-2, 0], [-1, 3], [-3, 3], [-2, 10], [-3, 7], [-4, 1], [0, 4], [-2, 3], [-4, 1], [-2, 2], [-1, 5], [-3, 3], [-2, 5], [-3, 8], [-2, 5], [-3, 3], [-3, 5], [0, 4], [-5, 6], [-1, 5], [-7, 8], [-1, 7], [-4, 5], [-1, 5], [-3, 4], [-3, 5], [-4, 5], [-4, 12], [-2, 3], [-1, 5], [-4, 5], [-2, 3], [-3, 5], [-3, 1], [-2, 2], [-3, 10], [-4, 1], [-1, 4], [-2, 5], [-3, 3], [-4, 6], [0, 4], [-3, 3], [-3, 2], [-4, 5], [-4, 0], [-1, -1], [0, 2], [-1, 1], [-1, -1], [0, -1], [-3, 2], [0, 2], [-1, 1], [2, 0], [1, 3], [0, 5], [-1, 11], [0, 5], [-2, 1], [-3, 3], [-1, 2], [-6, 2], [0, 3], [-3, 4], [-2, 4], [-2, 0], [-2, 9], [-3, 3], [-5, 11], [-3, 8], [10, -3], [-1, 3], [5, 3], [2, 2], [0, 4], [3, 0], [3, 3], [2, -7], [0, -3], [-1, -2], [7, 1], [1, -1], [0, 4], [6, 1], [0, 4], [2, 0], [0, -4], [2, 0], [0, 4], [7, 0], [-1, 8], [5, 1], [2, -4], [7, -1], [1, -1], [0, -3], [3, 0], [0, -4], [3, 0], [1, -8], [5, 0], [0, -3], [19, -4], [5, 0], [7, -4], [1, -5], [2, -1], [3, -3], [3, -1], [-2, -3], [6, 0], [3, -15], [2, -5], [0, -3], [4, -4], [2, -1], [4, -10], [4, -5], [2, -5], [7, -3], [1, -3], [1, -1], [2, -1], [0, -3], [4, 0], [0, -3], [23, -3], [4, -5], [3, -15], [1, -2], [1, -5], [2, 0], [0, -19], [3, -1], [1, -1], [0, -6], [3, -1], [1, -2], [3, -1], [-1, -9], [2, -2], [1, -6], [3, -4], [1, -6], [3, -5], [0, -7], [5, -2], [4, -5], [4, -1], [0, -3], [3, -1], [7, -7], [3, -6], [4, -2], [3, -3], [3, -2], [4, -18], [2, -2], [0, -3], [2, -7], [3, -18], [1, -1], [7, -25], [2, -3], [1, -5], [3, -1], [0, -1], [2, -8], [4, -8], [2, -5], [3, -3], [1, -5], [3, -3], [1, -7], [3, -2], [3, -3], [3, -1], [0, -3], [-3, 0], [0, -4], [3, 0], [0, -5], [4, -4], [8, -7], [3, -7], [6, -1], [-2, -7], [3, 0], [0, -5], [7, 0], [0, -1], [1, -4], [4, 0], [0, -1], [1, -3], [4, -1], [5, -7], [4, -2], [0, -3], [3, 0], [0, -4], [2, -1], [2, -15], [1, -1], [3, -1], [0, -3], [2, 0], [1, -6], [1, -2], [1, -3], [3, 0], [-3, -9], [3, 0], [4, -7], [2, -1], [0, -1], [-2, 0], [0, -2], [2, 0], [1, -11], [-1, -2], [-2, 0], [-1, 7], [-2, 3], [-8, 2], [-1, 2], [-3, 1], [0, 3], [-4, 1], [-16, -1], [1, -2], [0, -3], [-3, -5], [-2, -10], [-2, -3], [-3, 2], [2, 3], [0, 3], [-8, 1], [-2, -1], [0, -5], [-2, 0], [1, -5], [1, 1], [3, 0], [2, -2], [0, -10], [1, -1], [2, -1], [1, -3], [3, -3], [2, -5], [1, -10], [2, -1], [0, -4], [2, -3], [3, -5], [1, -5], [2, -1], [4, -4], [16, -4], [12, -1], [2, 7], [0, 1], [3, 1], [1, 11], [2, 0], [0, -3], [2, 1], [2, 22], [2, 0], [0, -22], [9, -4], [1, -4], [7, -4], [8, 1], [0, -3], [9, 0], [0, -4], [8, -1], [0, -3], [7, -3], [0, -1], [1, -3], [11, -3], [0, -3], [2, 2], [4, 1], [0, 3], [3, -1], [5, 5], [9, 0], [3, -1], [6, -1], [0, -4], [4, 0], [4, -3], [0, -3], [8, -3], [1, -1], [6, -2], [0, -1], [1, -4], [-4, 3], [1, -3], [1, -2], [3, -8], [2, -4], [0, -3], [4, -3], [2, -8], [4, 1], [0, 2], [-2, 0], [-2, 8], [-1, 8], [9, -3], [-1, 3], [-3, 0], [3, 4], [3, 2], [3, -4], [3, 0], [0, 2], [-2, -1], [-3, 4], [-3, 1], [-8, -1], [0, 6], [5, 0], [4, 2], [0, 2], [-4, 1], [1, 5], [3, 6], [7, 2], [12, -6], [0, -3], [2, -1], [7, -8], [4, -3], [0, 3], [-3, 1], [-2, 3], [-2, 8], [-6, 6], [0, 4], [-4, 0], [-3, 3], [0, 9], [3, 1], [0, 8], [6, 3], [-1, 5], [3, 1], [6, 7], [0, 3], [3, 0], [1, 9], [4, 4], [3, 1], [0, 3], [5, -2], [2, 12], [4, 3], [2, 13], [2, 0], [1, -8], [1, -4], [0, -4], [2, -5], [2, -2], [0, 8], [5, 0], [-1, 3], [-4, 0], [0, 7], [2, 2], [0, 1], [-6, 7], [0, 6], [-2, 4], [-3, 0], [-1, 4], [-3, 7], [-4, 5], [0, 3], [-2, -1], [-2, 0], [-2, 1], [0, 3], [-2, 2], [-1, 7], [-1, 1], [-3, 10], [-3, 0], [-1, 3], [-2, 5], [-6, 7], [-2, 8], [-2, 1], [-1, 5], [-1, 2], [-1, 3], [-5, 2], [-1, 6], [-2, 4], [-1, 3], [-3, 0], [0, 3], [-2, 2], [-2, 8], [-1, 7], [-6, 1], [-1, 8], [-4, 10], [-3, 5], [-6, 1], [-2, -3], [0, 4], [-16, 0], [-1, 1], [0, 5], [-5, 7], [-4, 14], [-5, 7], [-4, 16], [-3, 3], [-1, 7], [1, 2], [-3, 0], [-3, 3], [0, 3], [-6, 3], [-5, 4], [-1, 3], [-3, 5], [-3, 0], [-1, 6], [-7, 3], [-10, 1], [0, 1], [-1, 7], [-3, 3], [-2, 11], [0, 27], [-3, 8], [-1, 13], [-1, 3], [-2, 2], [-1, 3], [1, 3], [-4, 0], [-1, 7], [-3, 3], [-2, 13], [-4, 5], [-2, 7], [-4, 4], [-2, 9], [-3, 3], [-2, 5], [-2, 6], [-8, 0], [0, 3], [2, 3], [3, 1], [0, 3], [-5, 1], [-2, 1], [1, 14], [-2, 13], [-5, 0], [0, 4], [-4, 0], [1, 6], [-3, 5], [1, 15], [-2, 5], [-1, 8], [-4, 0], [0, 5], [-3, 0], [-1, 8], [-3, 0], [0, 6], [-2, 0], [4, 9], [-4, 1], [0, 3], [2, 0], [-2, 7], [1, 11], [-4, -1], [1, 10], [-2, 3], [-3, 0], [0, 19], [2, 4], [0, 5], [-3, 0], [1, 4], [1, 2], [1, 8], [-6, 1], [-1, 1], [0, 2], [3, 0], [-1, 3], [1, 1], [4, -1], [0, 5], [1, 1], [0, 10], [-4, -3], [0, 6], [-3, 0], [-1, 5], [-8, 4], [-3, 3], [0, 3], [-3, 2], [-1, 5], [-2, 3], [-3, 1], [-2, 3], [-10, 6], [-7, 5], [0, 3], [-3, 0], [0, 3], [-7, -2], [0, 4], [-8, 0], [-1, 2], [-21, 3], [-2, 6], [-4, -2], [0, 4], [-7, 1], [0, 4], [-5, 2], [-2, 2], [-18, 1], [-9, -1], [-5, -4], [-16, 0], [0, -4], [-11, -2], [-1, 1], [-14, 0], [-2, 1], [0, 4], [-18, 2], [-3, 2], [-6, -1], [0, 3], [-7, 1], [-4, 3], [-5, 1], [0, 3], [-5, 0], [-2, 5], [-2, 0], [0, 5], [-9, -2], [1, 12], [-3, 1], [-1, 1], [-3, 1], [1, 15], [-1, 1], [0, 5], [5, 5], [1, 7], [0, 1], [-6, 3], [-1, 1], [-4, 2], [-1, 2], [-45, 1], [-1, -1], [-3, -1], [-1, -4], [-1, -1], [-1, -3], [-3, 0], [-7, -4], [0, 4], [-8, -1], [-4, 1], [-8, 0], [-1, 2], [-4, 2], [-8, 0], [-5, -5], [-5, 0], [-8, 3], [-2, 2], [-10, 4], [-3, 3], [1, 5], [-1, 1], [0, 13], [-2, 7], [2, 0], [0, 20], [-1, 1], [3, 1], [1, 2], [2, 0], [2, 7], [-4, 2], [-2, 11], [-1, 2], [-2, 13], [-2, 0], [0, -5], [-2, 0], [-2, 11], [-4, -1], [0, 3], [-4, 5], [-4, 0], [0, 3], [-2, 0], [0, -3], [-1, 0], [0, 3], [-7, 0], [0, 8], [-4, -1], [-1, -1], [-4, -2], [-5, -4], [-2, -7], [-2, 0], [-2, -11], [-2, 0], [2, -21], [-2, 0], [2, -13], [2, -3], [2, -1], [1, -14], [-3, -5], [-2, -10], [0, -10], [2, -2], [6, -4], [0, -2], [-2, -3], [-3, 0], [-1, -11], [3, -4], [1, -6], [1, 0], [0, -3], [3, -4], [6, -10], [1, -4], [2, -1], [0, -3], [5, -2], [4, -7], [5, -4], [0, -13], [-1, -1], [-7, 1], [-4, 13], [-5, 16], [-1, 0], [-1, 4], [-2, 3], [-5, 11], [-1, 0], [-1, 3], [-1, 1], [0, 3], [-2, 0], [-1, 6], [-1, 0], [-1, 7], [-4, 1], [-1, 1], [-7, 3], [-1, 8], [-7, 3], [-1, 5], [-4, 0], [-1, 3], [-2, 5], [-2, 4], [-3, 0], [-1, 6], [-8, 3], [0, 4], [-11, 5], [0, 3], [-6, 3], [-2, 7], [-1, 6], [-2, 0], [-1, 3], [-1, 2], [-2, 6], [-2, 4], [-2, 5], [-7, 3], [1, 5], [-1, 3], [3, 0], [-1, 13], [-1, 2], [-1, 3], [-2, 1], [-3, 2], [1, 2], [0, 5], [-3, 3], [0, 5], [-7, 11], [-4, 10], [-4, 7], [0, 3], [-1, 2], [-4, 11], [-2, 3], [-6, 13], [-4, 0], [-2, -3], [-2, -1], [-2, -2], [-7, -2], [0, -2], [-3, 0], [0, -3], [-1, 0], [0, 3], [1, 2], [2, 1], [1, 1], [3, 1], [9, 6], [-1, 11], [-4, 6], [-3, 3], [-2, 9], [-3, 0], [-3, 5], [-2, 6], [-6, 7], [-1, 8], [-1, 1], [-3, 9], [-1, 1], [-2, 8], [-4, 2], [-2, 8], [-1, 2], [-3, 10], [-3, 4], [-3, 0], [0, 4], [-3, 0], [-1, 5], [-5, 1], [0, 3], [2, -1], [1, 16], [-3, 7], [-2, 11], [0, 3], [-3, 8], [0, 4], [-1, 1], [-1, 7], [3, 0], [0, 8], [4, 3], [2, 4], [1, 6], [2, 3], [3, 0], [0, 4], [1, 1], [1, 4], [3, 0], [0, 1], [1, 3], [3, 0], [0, 4], [1, 1], [3, 0], [0, 4], [3, 5], [4, 3], [2, 6], [2, 0], [2, 9], [3, 3], [3, 10], [3, 0], [2, 8], [1, 1], [2, 0], [1, 4], [2, 5], [4, 4], [2, 6], [3, 1], [0, 3], [3, 1], [0, 1], [1, 3], [3, 1], [0, 1], [1, 3], [2, 0], [1, 3], [3, 6], [3, 1], [1, 3], [2, 5], [4, 3], [2, 7], [3, 0], [1, 6], [1, 4], [0, 11], [3, 0], [1, 10], [3, 0], [1, 10], [1, 1], [0, 12], [1, 3], [3, 18], [0, 23], [-2, 6], [-4, -1], [-1, 3], [-2, 3], [-2, 0], [-2, 7], [-1, 13], [3, 0], [0, 5], [4, 8], [2, 8], [3, 0], [2, 8], [2, 5], [0, 3], [-1, 4], [0, 14], [-1, 4], [0, 4], [-4, 12], [-3, 3], [-1, 8], [-3, 7], [-1, 11], [-4, 8], [-1, 5], [0, 2], [1, 2], [-1, 16], [-1, 1], [3, 1], [0, 9], [-3, 0], [3, 8], [-3, 0], [0, 4], [3, 0], [-1, 11], [1, 10], [1, 3], [0, 10], [2, 2], [0, 9], [-6, -1], [-1, 3], [-5, 7], [-2, 13], [3, 0], [1, 8], [3, 0], [-1, 6], [-4, 12], [0, 6], [-4, 7], [0, 3], [-1, 3], [-3, 15], [-3, 3], [-2, 5], [-10, 2], [0, 3], [-5, 2], [0, 3], [-3, 0], [-1, 3], [-2, 3], [-2, 5], [-1, 2], [0, 5], [3, 3], [0, 3], [-1, 2], [-1, -1], [-8, 0], [-2, 1], [0, 3], [1, 15], [-1, 8], [5, 23], [1, 2], [2, 9], [-2, 5], [-1, 2], [0, 2], [2, 3], [-4, -2], [-1, 7], [-3, 1], [-1, 1], [-3, 1], [-1, 3], [-3, 5], [-2, 0], [-1, 7], [-2, 3], [-5, 2], [0, 13], [2, 3], [-2, 42], [-2, 4], [-3, 4], [-1, 12], [1, 1], [1, 7], [4, 7], [0, 8], [-1, 5], [-1, 1], [-4, 17], [0, 16], [-2, 1], [0, 5], [-3, 13], [-5, 0], [-3, 3], [-5, 2], [-2, 11], [-1, 5], [0, 2], [-1, 20], [-1, 5], [-1, 13], [-2, 0], [-4, 21], [0, 5], [-4, 11], [-3, 1], [-2, 3], [0, 19], [-2, 8], [-5, 3], [-1, 1], [-3, 0], [-1, -1], [-4, 0], [-8, 3], [-1, 2], [-2, 1], [-2, -1], [1, -5], [-9, 0], [0, 7], [-3, 0], [-1, -13], [3, -3], [0, -10], [1, -2], [2, -10], [0, -24], [1, -3], [0, -5], [1, -3], [4, -5], [2, -4], [11, 0], [0, -3], [-4, -1], [-1, -5], [-3, -1], [-1, -2], [-7, -3], [-1, -2], [-4, -1], [-8, 0], [-1, 1], [-10, 3], [-1, 5], [-10, 0], [-4, -2], [-1, -20], [-1, -1], [-4, -2], [0, -11], [2, -7], [-17, 2], [-2, 5], [-4, 1], [1, 2], [0, 3], [-1, 2], [-5, 1], [0, 2], [3, 1], [0, 1], [1, 3], [3, 0], [-4, 5], [-1, 5], [0, 5], [-3, 4], [-2, 4], [-2, 0], [-3, 10], [-6, 1], [-2, 8], [-3, 4], [-3, 6], [-2, 3], [-2, 8], [-7, 3], [-2, 2], [-1, 4], [-2, 3], [-4, 1], [-3, 3], [-6, 4], [0, 3], [-8, 4], [-2, 6], [-2, 1], [-3, 3], [-2, 1], [0, 5], [-7, 1], [-1, 5], [-1, 2], [-1, 10], [-1, 0], [0, -5], [-1, 0], [-2, 10], [-5, 0], [-3, 3], [-1, 6], [-2, 0], [-1, 4], [-1, 1], [-2, 8], [-4, 12], [-1, 2], [-1, 3], [-4, 1], [0, 5], [-3, 5], [-1, 7], [-2, 1], [-4, 13], [-1, 2], [-1, 5], [-3, 3], [-3, 10], [-9, 18], [-4, 10], [-1, 1], [-7, 18], [-1, 8], [-3, 5], [0, 4], [-2, 9], [-4, 8], [0, 5], [-2, 5], [-1, 2], [-1, 5], [-3, 5], [1, 3], [-3, 0], [0, 5], [-2, 1], [-3, 10], [-3, 0], [1, 2], [-1, 3], [-4, 0], [1, 3], [-1, 2], [-2, 1], [-4, 4], [-1, 5], [-4, 5], [-3, 5], [-1, 4], [-1, 2], [-1, 3], [-1, 2], [-3, 1], [-1, 1], [-8, 1], [-1, 8], [-3, 0], [0, 4], [-3, 0], [-2, 3], [-1, 3], [-1, 2], [0, 3], [-3, 8], [0, 5], [-3, 12], [-2, 3], [0, 5], [-3, 5], [0, 4], [-3, 7], [-3, 0], [0, 3], [-2, 2], [0, 3], [-6, 0], [-1, 5], [-5, 0], [0, 8], [1, 1], [3, 1], [0, 3], [4, 0], [0, -6], [4, -7], [4, -3], [-1, 5], [-1, 1], [-4, 21], [-2, 0], [0, -4], [-2, 0], [1, 19], [-4, 13], [-1, 15], [-2, 2], [0, 11], [-2, 11], [-2, 0], [-1, 5], [-1, 2], [-2, 5], [-2, 3], [-2, 0], [-1, 3], [-1, 2], [-3, 15], [-3, 4], [-2, 5], [0, 6], [6, 0], [4, -4], [2, -5], [3, -2], [3, -4], [4, -4], [0, -5], [4, -2], [3, 0], [8, 3], [4, 0], [3, -2], [0, 5], [-8, 1], [-3, -1], [1, 5], [4, 6], [3, 10], [1, 2], [0, 6], [-8, 10], [-3, 13], [-2, 3], [-5, 1], [-4, 3], [-8, 4], [-3, 17], [-1, 1], [-4, 13], [-2, 4], [-7, -1], [-1, 1], [0, -4], [-4, -1], [0, -8], [-9, -5], [-1, -4], [-7, -8], [-1, -3], [0, -5], [3, -10], [2, -2], [2, -1], [5, -13], [4, -8], [0, -5], [1, -5], [0, -5], [2, -3], [0, -7], [-5, 3], [-4, 3], [-8, 7], [0, 4], [-3, 4], [-7, 12], [0, 3], [-2, 7], [-8, 31], [-2, 14], [-3, 1], [-3, 3], [-2, 1], [-2, 7], [-4, 6], [-4, 12], [-3, 5], [-3, 6], [-4, 1], [-4, 4], [-1, 6], [-2, 4], [-2, 6], [-3, 5], [-3, 1], [-4, 4], [-7, 21], [1, 17], [8, 0], [2, -3], [6, -2], [0, -4], [5, -4], [3, 0], [0, -4], [6, -2], [3, -6], [3, -3], [1, -7], [1, 0], [3, -1], [1, -13], [-3, 0], [0, -2], [3, 0], [-1, -2], [0, -6], [2, -2], [0, -5], [5, -5], [2, -8], [3, 0], [2, -4], [6, -1], [0, 5], [1, 2], [0, 15], [-1, 1], [-1, 26], [-2, 9], [-5, 0], [-2, 4], [-2, 0], [-2, -2], [-2, -1], [0, 3], [-4, 0], [0, 5], [-1, 2], [-3, 23], [-3, 0], [-1, 8], [-4, 2], [-1, 4], [-1, 2], [-6, 15], [0, 5], [-3, 0], [0, 3], [-4, 0], [0, -3], [-1, 0], [-2, 6], [0, 5], [-4, 13], [-3, 3], [-1, 9], [0, 14], [5, 18], [1, 8], [5, 3], [3, 4], [3, 5], [3, 8], [1, 2], [1, 8], [0, 23], [5, 0], [1, -1], [9, 0], [2, 2], [1, 4], [1, -1], [3, 0], [1, 1], [-1, -5], [-5, -1], [0, -4], [-7, 0], [1, -10], [27, -2], [1, 4], [3, 0], [0, 1], [2, 12], [-3, 3], [0, 5], [1, 1], [1, 4], [-5, 1], [-3, 3], [-4, 1], [-1, -7], [1, -3], [3, -1], [0, -1], [1, -3], [-5, 2], [-5, 5], [-10, 1], [0, -3], [-5, 4], [-5, 5], [-12, 0], [-4, 1], [-3, 3], [0, 3], [-8, 3], [0, 4], [-4, 4], [-5, 1], [-2, 3], [0, 3], [-1, 3], [-3, 31], [-1, 5], [-1, 7], [-3, 3], [-1, 5], [-4, 5], [-4, 1], [0, 4], [-4, 0], [0, 3], [-4, 1], [-8, 5], [0, 8], [3, 1], [1, 2], [4, 1], [0, 1], [-4, 1], [-1, -1], [-3, 0], [0, 4], [-2, 0], [-3, 4], [-2, 0], [0, 5], [-8, 4], [-1, -10], [3, -3], [0, -2], [-2, -2], [0, -8], [2, -3], [0, -3], [2, -4], [4, 0], [5, 5], [0, -5], [-3, 0], [-4, -5], [3, -14], [-4, 1], [-1, 5], [-10, 1], [-6, 6], [-2, 10], [0, 24], [-3, 7], [0, 4], [-1, 4], [2, 16], [2, 1], [1, 1], [2, 6], [3, 1], [6, 5], [8, 1], [2, -7], [9, -5], [3, 0], [-1, 4], [3, 0], [2, 6], [1, 2], [1, 10], [-7, 0], [0, 5], [-2, 1], [0, 3], [-3, 1], [-1, 2], [-7, 2], [1, 4], [-2, 1], [-1, 5], [-1, 2], [-2, 8], [0, 11], [2, 7], [0, 11], [1, 2], [3, 18], [4, 0], [0, 5], [-2, 0], [0, 5], [2, 0], [1, 5], [6, 21], [2, 0], [-1, 11], [-1, 0], [0, -3], [-7, 2], [-2, 3], [-1, 3], [-2, 3], [-3, 1], [-2, 3], [-3, 1], [1, 3], [-3, 10], [0, 12], [1, 1], [0, 10], [3, 10], [0, 10], [3, 0], [2, 27], [-4, 13], [0, 7], [-11, 21], [-1, 13], [-2, 7], [-2, 0], [1, -5], [-3, 0], [0, 3], [-2, 2], [-4, 13], [0, 54], [-3, 8], [3, 21]], [[20183, 43067], [3, 2], [3, -6], [0, -4], [3, -6], [0, -5], [-8, 5], [0, 5], [2, 8], [-3, 0], [0, 1]], [[20215, 43035], [2, 11], [2, 4], [2, 6], [1, 2], [3, 10], [1, 1], [1, 8], [4, 8], [1, 9], [2, -2], [1, 3], [3, 4], [0, 4], [6, 1], [2, 3], [3, 7], [10, -2], [1, 0], [1, -4], [6, -2], [2, -2], [3, -1], [1, -7], [0, -2], [3, -8], [-1, -9], [-2, 0], [0, -3], [-3, 0], [0, -3], [3, 0], [0, -3], [1, -2], [2, -7], [8, -1], [1, -7], [3, -5], [2, -4], [2, -7], [2, -3], [0, -12], [-2, -3], [-3, -8], [-3, -3], [0, -12], [3, -5], [0, -3], [4, -8], [0, -3], [2, -9], [-3, 0], [-1, -6], [-3, 1], [-5, -1], [0, -3], [-4, -2], [0, -18], [2, -18], [4, -5], [-3, -1], [-3, -3], [-4, -2], [0, -5], [-6, 1], [0, 10], [-2, 5], [-1, 3], [-6, 2], [1, -5], [-3, 0], [-1, 16], [3, 0], [0, 9], [-2, 8], [-4, -2], [-2, -8], [-2, 0], [-2, 19], [-1, 2], [-1, 3], [-11, 4], [-1, 3], [-7, 1], [-4, 14], [-3, 0], [-3, 3], [2, 13], [2, 0], [1, 23], [-1, 5], [-2, 3], [-4, 0]], [[20215, 42921], [1, 16], [7, -1], [2, -3], [6, -3], [1, -4], [7, 0], [0, -5], [-3, 1], [0, -6], [-3, -1], [0, 1], [-1, 3], [-2, -2], [1, -6], [3, -3], [0, -4], [4, -6], [1, -3], [3, -5], [4, -1], [2, -2], [2, -1], [4, -4], [0, -4], [-4, 2], [0, -3], [-3, -4], [-1, -9], [-2, 0], [1, -17], [3, -2], [5, -3], [3, -5], [-10, 2], [0, 3], [-2, 1], [-3, 3], [-2, 1], [-4, 33], [-5, 6], [-1, 5], [-3, 4], [-1, 4], [-2, 2], [-1, 8], [-3, 5], [0, 5], [-3, 1], [-1, 1]], [[20235, 42958], [1, 1], [2, 0], [2, -2], [2, 0], [1, -5], [3, -7], [4, -5], [1, -3], [4, -21], [-1, -5], [-2, 1], [-1, -1], [0, -5], [2, -6], [1, -1], [0, -1], [-1, 0], [0, 1], [-3, 2], [-7, 20], [-1, 8], [-3, 6], [0, 4], [-1, 1], [-2, 12], [-1, 0], [0, 6]], [[20314, 42707], [1, 7], [3, 0], [0, -5], [-2, 0], [0, -2], [-2, 0]], [[20454, 41754], [1, 0], [0, 3], [4, 0], [2, -3], [1, -3], [4, -2], [-2, -2], [-1, 0], [-9, 2], [0, 5]], [[20498, 41752], [3, 3], [4, -2], [9, 4], [2, -4], [0, -2], [-1, -2], [-1, -5], [8, 2], [0, -13], [6, -2], [0, -3], [2, 0], [1, -5], [4, 0], [1, -3], [1, -2], [1, -3], [8, -6], [5, 1], [0, -3], [-2, 0], [-1, -3], [-3, -3], [-8, -1], [-7, 1], [-2, 4], [-4, 6], [-3, 1], [-1, 5], [-5, 6], [-3, 8], [-4, 4], [-1, 5], [-1, 1], [-1, 3], [-2, 1], [-1, 1], [-2, 3], [0, 2], [-2, 1]], [[20508, 41790], [2, 1], [0, 7], [4, 3], [6, 0], [2, 1], [13, 0], [4, -3], [6, -2], [6, 3], [0, -3], [8, -1], [1, 1], [0, -4], [9, 4], [-1, -3], [-4, -3], [-4, 0], [-1, 2], [-4, 0], [-2, -6], [-1, -1], [-5, -2], [-4, 7], [-4, 2], [-1, 1], [-4, 2], [-4, 3], [-4, 0], [-1, 1], [0, -2], [-3, -2], [-8, -3], [-3, -3], [-1, -2], [-2, 0], [0, 2]], [[20521, 41837], [8, 0], [0, -3], [10, -3], [0, -2], [-10, -1], [-4, 4], [-4, 1], [0, 4]], [[20526, 41767], [3, 0], [0, 4], [2, 0], [2, -9], [6, -6], [4, -15], [2, -3], [2, -8], [8, -4], [1, -2], [3, -1], [1, -5], [4, -1], [0, -4], [6, -1], [0, -3], [-4, 0], [-6, 5], [-4, 3], [-1, 3], [-3, 1], [-6, 6], [-4, 2], [-2, 2], [-1, 5], [-4, 5], [-6, 12], [-1, 8], [-2, 1], [0, 5]], [[20538, 41692], [4, 1], [1, 2], [4, 0], [2, 5], [5, 2], [0, -5], [6, -1], [2, -4], [1, -3], [-1, 0], [0, -2], [6, 0], [6, -5], [2, -1], [3, -5], [2, -5], [4, -5], [0, -3], [4, -13], [1, -2], [1, -3], [4, 0], [0, -3], [6, -4], [1, -4], [8, -2], [0, -3], [4, -2], [4, -5], [0, -3], [5, -3], [4, -4], [3, -1], [0, -7], [-7, -1], [-2, -1], [-12, -4], [-7, 2], [-4, 6], [-5, 11], [-2, 6], [-6, 2], [-1, 1], [-6, 5], [-4, 1], [-1, 3], [-1, 1], [-13, 2], [0, 4], [-3, 0], [0, 1], [-1, 4], [-2, 0], [-1, 1], [-1, 13], [-4, 6], [-4, 4], [0, 11], [-4, 4], [-1, 6]], [[20561, 41774], [1, 1], [1, 4], [5, 0], [2, -5], [-4, 0], [0, -2], [-2, 0], [2, -5], [-3, 1], [-2, 4], [0, 2]], [[20577, 41723], [2, 0], [1, 5], [16, -2], [2, -2], [6, -1], [2, -11], [4, -1], [3, -3], [3, -1], [0, -3], [2, -3], [4, -1], [2, -9], [3, -8], [2, -4], [1, -3], [3, 0], [0, -3], [5, -2], [0, -3], [4, -2], [0, -3], [5, -2], [1, -5], [7, -2], [10, 2], [3, 1], [3, 0], [1, -1], [5, -1], [4, -5], [2, -7], [3, -1], [1, -3], [1, -2], [3, -8], [1, -2], [2, -6], [1, -2], [2, -15], [-4, 2], [0, 3], [-3, 1], [-2, 2], [-1, 5], [-2, 4], [-3, 4], [-4, 12], [-1, 2], [-2, 6], [1, 2], [-5, 0], [-8, -5], [0, 3], [-16, 5], [0, 3], [-5, 1], [-5, 4], [0, 3], [-7, 0], [0, 5], [-5, 3], [-5, 12], [0, 11], [2, 5], [-8, 2], [0, -2], [3, 0], [0, -1], [-3, -1], [-1, -2], [-4, 0], [-1, 1], [0, 3], [-2, 3], [-5, 3], [-4, 1], [0, 5], [-10, 5], [-4, 4], [-6, 4], [0, 1]], [[20589, 41785], [4, 0], [1, -5], [6, -4], [2, 0], [2, -11], [1, -1], [0, 3], [1, 1], [3, -1], [3, 10], [0, 8], [-6, 1], [-1, 2], [-3, 1], [-1, 11], [3, 2], [0, -7], [10, 0], [2, 3], [-1, 4], [6, 0], [-3, 8], [3, 0], [0, 10], [4, 1], [6, 8], [0, 8], [-4, 2], [0, 2], [4, 0], [1, -3], [10, -4], [0, -3], [2, 0], [0, -15], [-2, 0], [0, -5], [-7, 1], [-2, 2], [-4, 6], [1, 1], [0, 4], [-1, 0], [0, -3], [-2, -2], [0, -2], [2, -3], [2, -5], [-2, 0], [0, -3], [1, -1], [4, 0], [4, 1], [5, 0], [0, -2], [-8, -1], [-4, -3], [-3, -3], [-2, -8], [-3, 0], [1, -5], [2, -8], [-5, -1], [-1, 0], [-2, -6], [-5, -3], [-1, -3], [0, -1], [-3, -1], [0, -3], [-3, 1], [-4, 4], [0, 7], [-4, 4], [-5, 1], [-1, 3], [0, 1], [-3, 0], [0, 5]], [[20643, 41601], [3, -2], [2, -1], [2, -3], [2, -1], [1, -2], [1, -1], [0, -1], [-2, 0], [-1, 2], [-8, 6], [0, 3]], [[20665, 41629], [3, 0], [0, -4], [-3, 2], [0, 2]], [[20701, 41598], [14, -2], [2, -8], [2, 0], [2, -7], [4, -1], [3, -7], [1, -8], [-3, -1], [-5, -6], [-3, 1], [0, -4], [-2, 0], [-1, -1], [-2, 0], [0, 1], [2, 1], [0, 9], [-2, 0], [0, 2], [2, 0], [0, 1], [-2, 1], [-2, 6], [0, 5], [-3, 6], [-5, 4], [-1, 4], [-1, 0], [0, 4]], [[20906, 41320], [2, 9], [0, 1], [-1, 4], [0, 8], [3, 0], [0, -5], [2, 0], [0, 3], [3, -2], [-1, 4], [-3, 5], [-3, 1], [0, 3], [2, 1], [10, 0], [4, -2], [2, -3], [2, -13], [-2, 0], [-1, 3], [-1, 1], [-5, 0], [-1, -1], [0, -15], [1, -2], [-4, 0], [0, -3], [4, 2], [1, -2], [0, -5], [2, -13], [5, 2], [1, -3], [1, -2], [1, -3], [6, -2], [1, -8], [-1, -1], [-3, -1], [0, -3], [14, 1], [2, -1], [2, -5], [1, -1], [8, 0], [9, -3], [1, -2], [15, 1], [0, -3], [2, -2], [0, -1], [-2, -3], [2, -3], [11, -2], [-2, -7], [-2, 0], [-1, -5], [7, -3], [2, -7], [2, -13], [-1, -3], [4, -2], [0, -3], [3, 0], [0, -3], [-4, -4], [-4, 0], [-3, -2], [-4, 0], [-2, -3], [-4, -1], [0, 3], [-3, 0], [-13, 1], [-3, 3], [-6, 5], [-4, 2], [-2, 2], [-2, 0], [0, 5], [-8, 1], [-3, 3], [-2, 1], [-1, 3], [-3, 5], [-2, 3], [-4, 1], [0, 3], [-3, 4], [-4, 2], [1, 30], [-3, 0], [0, 3], [-2, 0], [0, 3], [-2, 4], [-4, 1], [0, 7], [-2, 0], [-1, 3], [-1, 2], [0, 1], [1, 2], [1, 3], [5, 2], [-1, 5], [-7, 0], [0, -8], [-1, 0], [-1, 16], [0, 1], [-3, 0]], [[20985, 35376], [2, 5], [2, 4], [5, 2], [4, 1], [2, -1], [1, -3], [2, -4], [-4, -5], [0, -3], [1, -2], [2, -6], [4, -4], [2, -4], [0, -3], [-1, -3], [-2, -2], [-2, -1], [-2, 0], [-3, 1], [-2, 3], [-4, 7], [-6, 12], [-1, 6]], [[21010, 35241], [1, 6], [1, 3], [6, 6], [4, 1], [3, -1], [0, -4], [-2, -5], [0, -3], [1, -2], [3, -1], [4, 0], [1, -3], [0, -5], [-2, 0], [-6, -4], [-3, -1], [-4, 0], [-4, 6], [-1, 1], [-2, 6]], [[21018, 35372], [1, 3], [3, 1], [3, 2], [0, -1], [5, 2], [13, 4], [5, 1], [4, 1], [1, 0], [1, -3], [0, -5], [-7, -2], [-5, -2], [-4, -1], [-1, -1], [-2, 0], [-3, -1], [-2, -1], [-3, -1], [-3, -2], [-2, -1], [-4, 4], [0, 3]], [[21019, 35349], [1, 3], [1, 1], [1, 2], [4, 1], [1, -1], [10, 4], [5, 1], [3, 2], [4, 1], [1, 1], [9, 2], [1, 0], [2, -4], [0, -2], [-1, -2], [-5, -2], [-1, -2], [-2, 1], [-1, -2], [-2, 1], [-11, -3], [-10, -4], [0, -1], [-4, -1], [-2, -1], [-3, 3], [-1, 2]], [[21024, 35328], [0, 2], [1, 2], [2, 2], [3, 1], [1, -1], [8, 3], [4, 1], [3, 1], [7, 2], [2, 1], [1, 0], [2, -4], [1, -3], [-1, -1], [-2, 0], [0, -1], [-2, -1], [-2, 0], [-3, -1], [0, -1], [-1, 1], [-3, -1], [-1, -1], [-2, 0], [-9, -4], [-4, -2], [-3, 1], [-2, 4]], [[21026, 35209], [0, 2], [1, 3], [3, 4], [4, 4], [11, 3], [1, -1], [2, 1], [2, -1], [0, -7], [-1, -1], [-3, 0], [-3, -1], [-3, 0], [-3, -3], [-3, -4], [-3, -2], [-3, 0], [-2, 3]], [[21028, 35308], [1, 3], [2, 2], [4, 2], [0, -1], [16, 6], [7, 4], [9, 1], [5, 2], [1, -1], [1, -4], [0, -4], [-8, -4], [-1, -1], [-7, 0], [-1, -2], [-2, 1], [-7, -2], [-6, -2], [-5, -3], [-2, -2], [-2, 0], [-2, 1], [-2, 2], [-1, 2]], [[21033, 35288], [2, 4], [5, 1], [13, 5], [10, 4], [2, -1], [1, -4], [0, -4], [-9, -3], [-5, -2], [-6, -2], [-4, -2], [0, -1], [-3, -1], [-3, 0], [-2, 2], [-1, 4]], [[21033, 35195], [1, 3], [3, 1], [1, 0], [7, 5], [4, 2], [6, 0], [1, -1], [1, -2], [-1, -2], [0, -3], [-3, 0], [-1, -1], [-1, 1], [-3, -1], [-5, -5], [-4, -3], [-2, -1], [-2, 1], [-2, 6]], [[21045, 35963], [6, 45], [17, 40], [8, 12], [11, -8], [7, -14], [-1, -18], [-12, -26], [-14, -14], [-4, -10], [-6, -9], [-6, -3], [-6, 5]], [[21071, 35225], [0, -1]], [[21071, 35224], [0, -1], [-1, -2], [-4, -2], [-5, -2], [-8, -2], [-2, 2], [0, 7], [2, 2], [1, 0], [2, 2], [4, 0], [3, -1], [2, 2], [4, 1], [1, -3], [1, -2]], [[21054, 35384], [1, 2], [7, 4], [5, 1], [5, 2], [9, 4], [3, 1], [1, -1], [2, -4], [0, -3], [-1, -1], [-6, -1], [-5, -2], [0, -1], [-1, 0], [-4, -2], [-3, -2], [-2, -1], [0, -1], [-2, 0], [-6, -1], [-1, 0], [-1, 2], [-1, 3], [0, 1]], [[21057, 35201], [0, 4], [2, 2], [3, -1], [2, 1], [2, 2], [4, 2], [2, 0], [2, -1], [0, -2], [2, -4], [-2, -3], [-2, -1], [-2, -2], [-4, -1], [-1, 1], [-8, 0], [0, 3]], [[21057, 35344], [4, 2], [3, 2], [5, 1], [6, 1], [5, 1], [7, 3], [6, 3], [1, -1], [1, -2], [0, -6], [-10, -4], [-1, -1], [-1, 1], [-8, -3], [-4, -2], [-5, -2], [-2, 1], [-4, -2], [-1, 2], [-1, 3], [0, 2], [-1, 1]], [[21062, 35367], [5, 2], [7, 4], [10, 2], [4, 1], [1, 0], [1, -2], [0, -6], [-9, -3], [0, -2], [-2, 1], [-9, -3], [-4, -1], [-1, -1], [-1, 1], [-2, 4], [0, 3]], [[21066, 35302], [1, 1], [16, 8], [5, 0], [14, 5], [1, -3], [1, -2], [0, -4], [-3, 0], [-11, -6], [-6, -2], [-4, -2], [-5, -1], [-6, -2], [-1, 1], [-1, 4], [-1, 3]], [[21072, 35856], [1, 3], [2, 3], [9, 2], [2, 7], [3, 2], [2, 8], [4, 4], [1, 4], [1, 0], [2, -12], [-3, 0], [0, -1], [-4, 0], [0, -4], [-2, 0], [0, -9], [-8, -2], [0, -5], [-6, -1], [-1, -5], [-2, -2], [-1, 8]], [[21074, 35326], [1, 1], [0, 1], [7, 2], [6, 2], [5, 1], [4, 2], [1, 0], [1, -2], [0, -2], [1, -3], [-3, -3], [-3, 0], [0, -2], [-1, 1], [-2, -1], [-1, 0], [-14, -3], [-1, 2], [-1, 4]], [[21088, 35827], [5, 1], [0, -5], [2, 0], [0, 4], [1, 0], [1, -7], [-5, -1], [-4, 1], [0, 7]], [[21105, 35892], [3, 7], [0, 1], [-1, 2], [0, 5], [1, 1], [1, 4], [4, 1], [1, 5], [3, 1], [4, 5], [4, 0], [8, 4], [0, -3], [-2, 0], [0, -4], [2, 0], [0, -1], [-11, 1], [-2, -3], [-2, -6], [-2, 0], [0, -4], [-3, 0], [-2, -11], [-3, -4], [-3, -1]], [[21135, 35928], [1, 5], [1, 1], [1, 9], [1, 0], [0, -10], [-1, 0], [0, -3], [-3, -2]], [[21155, 35965], [4, 2], [0, -3], [-4, 0], [0, 1]], [[21172, 35783], [0, 6], [2, 3], [4, 1], [2, 2], [13, 4], [2, -3], [0, -8], [-1, 0], [0, -7], [-1, 0], [0, 3], [-2, -1], [-4, -6], [-2, -1], [-1, 3], [-1, 1], [-1, 0], [-2, -3], [-2, 0], [-3, 2], [-1, 4], [-2, 0]], [[21191, 35905], [0, 2], [2, 1], [1, 2], [2, 2], [0, 3], [3, 0], [0, 3], [4, 0], [1, 3], [1, 2], [0, 3], [1, 2], [1, 6], [6, 2], [1, -3], [2, -3], [-3, 0], [0, -4], [-1, 0], [2, -6], [1, -2], [1, -3], [-8, 0], [0, 3], [-2, 0], [0, -3], [-3, -1], [-1, -2], [-8, -4], [0, -3], [-3, 0]], [[21218, 35934], [0, 4], [1, 1], [1, 5], [4, 2], [-1, 3], [3, 3], [4, -1], [1, 5], [1, 1], [2, 7], [6, 1], [3, 7], [2, 5], [1, 3], [1, 1], [8, 9], [0, -3], [-1, 0], [0, -4], [-3, 0], [-3, -6], [-1, -3], [-2, 0], [-2, -12], [-1, -1], [-5, -2], [-1, -3], [0, -1], [-3, -1], [-1, -20], [-4, 0], [0, -3], [-9, 3], [-1, 0]], [[21253, 35921], [2, 0], [0, 4], [3, 2], [2, 1], [2, -7], [-2, 0], [0, -1], [2, 0], [0, -7], [2, -1], [0, 3], [4, 0], [-1, -3], [8, 0], [1, -7], [3, 0], [0, -6], [-1, -2], [-1, -7], [3, -4], [-3, 0], [0, -4], [-2, -1], [1, -5], [-3, 0], [2, -8], [2, -2], [2, -16], [2, -3], [4, -1], [0, -3], [4, 2], [1, -4], [6, -8], [1, -3], [3, 0], [1, -3], [-5, 1], [-1, -11], [3, -5], [2, -10], [-3, 0], [-1, 7], [-3, 7], [-3, 1], [-2, 13], [-3, 1], [-8, 12], [0, 3], [-4, 5], [-1, 12], [-2, 0], [0, 6], [-1, 5], [1, 8], [-3, 0], [1, 7], [-2, 3], [-4, 5], [-5, 11], [0, 4], [-2, 3], [-2, 6]], [[21275, 35930], [2, 0], [2, 19], [2, 2], [-2, 13], [-4, 6], [4, 0], [6, 9], [0, 3], [3, 0], [0, 5], [3, 5], [1, 6], [2, 0], [2, 3], [2, 9], [2, 0], [0, -9], [-2, 0], [0, -1], [2, 0], [0, -7], [3, -1], [0, -2], [-2, 0], [0, -5], [2, 0], [0, -3], [-2, -1], [-2, -2], [-1, -5], [-2, 1], [-1, -6], [-3, -12], [4, -1], [-2, -5], [0, -8], [2, -4], [-3, 0], [0, -3], [3, 2], [0, -5], [3, -3], [0, -2], [-2, -2], [0, 4], [-3, 0], [-4, 7], [-4, 2], [-3, -1], [1, -35], [-3, 0], [1, 4], [-1, 5], [-2, 0], [0, 9], [-4, 5], [0, 4]], [[21296, 35794], [0, 7], [2, -1], [2, 1], [1, -9], [2, 0], [1, -9], [3, -4], [0, -4], [4, -5], [0, -4], [2, -8], [0, -3], [3, -5], [0, -6], [-1, 0], [0, 3], [-4, 6], [-2, 8], [-1, 2], [-3, 8], [-1, 2], [-1, 8], [-2, 1], [-1, 1], [-3, 1], [2, 4], [0, 1], [-1, 2], [-1, 3], [-1, 0]], [[21311, 35851], [0, 7], [2, 0], [1, -5], [-1, 0], [0, -2], [-2, 0]], [[21333, 36103], [0, 1], [7, 0], [1, -8], [-6, 2], [0, 5], [-2, 0]], [[21333, 36305], [0, 3], [3, 1], [0, 9], [1, 0], [0, -10], [-1, -3], [-3, 0]], [[21339, 36323], [1, 5], [3, 0], [1, 10], [0, 3], [1, 0], [0, 5], [2, 0], [0, -8], [-1, -1], [0, -4], [2, -3], [-3, -1], [-1, -3], [-3, 0], [0, -3], [-2, 0]], [[21344, 36230], [0, 3], [4, 2], [1, -3], [-4, 0], [0, -2], [-1, 0]], [[21356, 36248], [0, 8], [4, 4], [3, 1], [0, -2], [-2, 0], [0, -5], [-3, -3], [0, -3], [-2, 0]], [[21357, 36106], [1, 13], [4, 4], [3, 1], [1, -5], [4, 2], [1, -4], [-1, 0], [0, -5], [-1, 0], [0, -4], [-7, 0], [-5, -2]], [[21364, 34518], [8, 19], [2, -2], [1, 3], [-2, 2], [2, 4], [2, -2], [1, 2], [-2, 3], [3, 4], [2, -2], [1, 2], [-2, 4], [4, 2], [1, -1], [4, 5], [5, -12], [-3, -4], [-2, 1], [-1, -1], [2, -2], [-2, -3], [-2, 3], [-1, -1], [1, -2], [-2, -2], [-1, 1], [-1, -2], [2, -1], [-2, -3], [-3, -2], [-1, 3], [-1, -2], [0, -3], [-1, -2], [-10, -11], [-2, 2]], [[21369, 36147], [0, 1], [9, 4], [2, -5], [-11, 0]], [[21382, 36129], [5, 5], [3, 0], [0, -2], [-3, -1], [0, -2], [-1, 0], [-1, -4], [-2, -1], [-1, 5]], [[21390, 36135], [0, 2], [1, 3], [1, 0], [0, -3], [-1, -2], [-1, 0]], [[21403, 36086], [0, 2], [2, 2], [0, 3], [5, 1], [0, -6], [3, 0], [0, -2], [-3, 0], [2, -6], [-4, 0], [0, 6], [1, 2], [-5, -1], [0, -1], [-1, 0]], [[21403, 36525], [0, 9], [1, 0], [0, 8], [1, 0], [0, -8], [-1, -1], [0, -6], [1, 0], [0, -2], [-2, 0]], [[21408, 36431], [0, 5], [2, 0], [1, -5], [2, -4], [-3, 1], [-2, 3]], [[21413, 36080], [0, 5], [1, 0], [2, 3], [-2, 0], [0, 3], [7, -1], [0, -4], [-5, 0], [0, -6], [-3, 0]], [[21414, 36578], [4, 8], [4, 5], [4, 6], [1, 7], [-1, 1], [3, 0], [0, 9], [-2, 0], [0, 3], [2, 0], [0, 6], [1, 0], [2, -13], [1, -1], [2, -9], [1, -1], [1, -3], [-8, -1], [-3, -3], [-1, -5], [-3, 0], [0, -3], [-2, -1], [0, -4], [-6, -1]], [[21423, 36176], [3, 3], [3, 0], [0, -1], [-2, 0], [0, -4], [-1, 0], [1, -4], [-2, 0], [-1, 1], [-1, 5]], [[21425, 36093], [1, 8], [1, 0], [0, -3], [3, 0], [3, 9], [7, 2], [4, -6], [-2, 0], [0, -7], [-2, 0], [0, -5], [3, 0], [0, -3], [7, -2], [1, -5], [4, 0], [0, -13], [2, -2], [8, -3], [0, -3], [7, -1], [-2, 4], [4, 0], [4, -6], [2, -20], [-4, 0], [0, 4], [-3, 0], [-1, 1], [-2, 10], [-3, 1], [-4, 2], [0, 7], [-3, 0], [0, -3], [-3, 0], [0, 4], [-2, 1], [-1, 1], [-1, 3], [-2, 1], [-1, 1], [0, 3], [-6, -2], [0, -1], [-1, -5], [-4, 1], [-1, 1], [-3, 1], [1, 2], [0, 3], [-1, 2], [-2, 5], [0, 14], [-4, 1], [-1, -1], [-1, -3], [-2, 2]], [[21432, 36222], [0, 2], [2, 3], [1, 1], [2, 0], [4, -1], [4, 0], [1, -1], [-1, -4], [1, -4], [3, -7], [1, -2], [1, -5], [-1, 0], [0, -2], [1, -1], [0, -8], [-2, -4], [1, -7], [-1, -3], [-1, -1], [-4, 0], [-2, -1], [-2, -2], [1, -1], [-2, 1], [-4, 4], [5, 15], [0, 4], [-3, 2], [-1, 3], [-1, 2], [-3, 7], [0, 10]], [[21435, 36776], [1, -2], [2, 2], [0, 2], [3, 9], [1, 2], [0, 4], [-2, 10], [-1, 7], [1, 2], [2, 2], [-1, 1], [2, 0], [0, 3], [1, 2], [0, -6], [2, -3], [1, -3], [1, -2], [3, -3], [1, 0], [6, 2], [9, 2], [0, -1], [-1, -1], [-2, 0], [-13, -4], [1, -6], [3, 0], [3, -3], [2, 0], [0, -7], [-3, -3], [-2, 0], [-2, -1], [-1, 1], [-1, 0], [-4, 2], [0, 2], [3, -2], [1, -1], [2, -1], [3, 0], [2, 2], [-2, 4], [-3, 3], [-2, 1], [-7, -1], [-1, -4], [-1, -5], [0, -2], [1, 0], [0, -6], [-1, -2], [-1, -1], [-1, 0], [-1, -1], [-3, 3], [0, 0], [0, 2], [-1, 1]], [[21447, 36826], [0, 1], [3, 0], [0, 7], [1, 1], [3, 0], [1, -2], [4, 0], [1, 1], [3, -7], [-2, 0], [0, -5], [2, 0], [-1, -6], [-1, -2], [0, -5], [-2, 1], [-3, 3], [-2, 1], [-1, 7], [-3, 4], [-3, 1]], [[21450, 36690], [2, 5], [1, 2], [1, 5], [4, 1], [1, -6], [-1, 0], [0, -2], [-2, 0], [-1, -10], [-4, 0], [-1, 5]], [[21524, 36627], [1, 8], [2, 0], [0, -4], [2, -3], [-4, 0], [0, -1], [-1, 0]], [[21533, 36649], [2, 4], [1, 3], [4, -2], [0, -3], [-2, 0], [0, -7], [-2, 2], [0, 3], [-3, 0]], [[21540, 39496], [1, 8], [2, 2], [0, 3], [3, 0], [2, -10], [-5, 0], [0, -3], [2, 0], [2, -10], [4, -2], [3, -6], [1, -5], [3, -1], [1, -1], [3, 0], [0, -5], [-2, -1], [0, 3], [-5, 3], [-3, 5], [-3, 4], [-1, 3], [-2, 0], [-2, 6], [-4, 7]], [[21616, 37265], [0, 3], [1, 1], [0, 5], [1, 1], [0, 11], [1, 0], [1, 5], [1, 8], [1, 0], [0, -8], [-1, -1], [0, -4], [-1, -1], [0, -11], [-1, 0], [-1, -6], [-1, -1], [0, -2], [-1, 0]], [[21658, 37290], [0, 2], [1, 3], [1, 2], [0, 2], [1, 3], [0, -7], [-1, 0], [0, -2], [-1, -5], [-1, 2]], [[21660, 37359], [1, 1], [3, -1], [1, 0], [1, -1], [0, -1], [1, -1], [0, -3], [2, -2], [1, -2], [0, -1], [-2, 0], [0, -2], [1, -2], [1, 0], [1, -1], [-2, -4], [-1, -3], [-1, 0], [0, 2], [-1, 2], [-2, 2], [-2, 7], [0, 5], [-1, 3], [-1, 2]], [[21661, 37319], [1, 1], [0, 1], [1, 2], [1, 3], [1, -1], [-1, -4], [0, -4], [-1, -2], [0, -4], [-1, 0], [0, 3], [-1, 3], [0, 2]], [[21669, 37372], [1, 8], [2, 5], [-1, 3], [2, 4], [1, 7], [2, 5], [3, 8], [3, 4], [-2, -11], [-3, -4], [0, -3], [-2, -12], [-1, -4], [-2, -5], [-1, -1], [3, -11], [0, -8], [-2, 8], [-1, 0], [-1, 4], [-1, 3]], [[21672, 37352], [0, 1], [1, 0], [1, -1], [1, 0], [-1, -4], [1, -3], [-1, -3], [-2, 0], [1, 3], [0, 6], [-1, 1]], [[21748, 37618], [0, -2]], [[21748, 37616], [0, -2], [2, -1], [-1, -1], [-1, -5], [0, -7], [-1, -3], [0, -3], [-1, -4], [-1, -2], [-2, 0], [2, -1], [0, -1], [-2, -6], [0, -1], [-1, 0], [1, -5], [0, -1], [-1, 0], [0, -1], [1, -1], [-3, -5], [2, 0], [1, -1], [1, 0], [0, -2], [-1, -1], [0, -1], [-1, -1], [1, -2], [-1, 0], [0, 1], [-1, 1], [-1, -1], [-1, 1], [0, -1], [-7, 0], [-1, 1], [-2, 1], [-1, 2], [0, -1], [-1, -1], [-1, -2], [1, -2], [2, -3], [2, -2], [3, -1], [2, 0], [3, 1], [4, 4], [1, 0], [1, -1], [0, -2], [-2, -2], [-2, -1], [-4, -1], [-2, 0], [-2, 1], [-3, 1], [-2, 2], [-2, 3], [0, 2], [-1, 0], [1, -5], [3, -3], [-1, -1], [0, -1], [-2, -2], [0, 1], [-1, 2], [-1, 0], [0, 2], [1, 0], [-1, 7], [0, -1], [-2, 0], [-1, 2], [1, 2], [0, 9], [-6, 6], [-3, 6], [-1, 3], [-1, 6], [1, 3], [0, 7], [-1, 2], [0, 13], [1, 5], [0, 3], [-2, 2], [-2, 7], [2, 4], [-2, 2], [2, 2], [1, 0], [0, 29], [1, 3], [1, 5], [0, 5], [-1, 4], [4, 5], [1, 0], [0, 4], [-3, 3], [1, 3], [8, 3], [3, -4], [2, -3], [2, -5], [0, -9], [2, -3], [1, -8], [-3, -2], [-1, -7], [0, -6], [2, -3], [2, -2], [6, 0], [1, 2], [-1, 2], [0, 4], [-1, 2], [0, 8], [2, 1], [2, -2], [2, -4], [3, -1], [2, -7], [0, -12], [1, -1], [-1, -2], [-1, -3], [0, -3], [-2, -5], [0, -5], [-1, -1], [2, -5], [1, -2], [0, -1]], [[21723, 33564], [1, 0], [1, -5], [1, -4], [1, -5], [-3, 3], [0, 3], [-1, 2], [0, 6]], [[21757, 37857], [1, 3], [1, 2], [1, 3], [2, 3], [4, 0], [0, -3], [-1, 0], [0, -3], [-4, -1], [-4, -4]], [[21769, 37906], [1, 15], [4, 14], [3, 7], [1, 3], [3, 0], [3, 7], [3, 5], [5, 26], [2, 5], [2, 6], [3, 0], [3, 5], [1, 5], [-1, 0], [0, 2], [9, 1], [0, -16], [-1, -5], [-1, -2], [-1, -9], [-4, 0], [0, -4], [-4, -5], [-6, -2], [-2, -3], [0, -4], [-7, -12], [-2, -19], [-3, -12], [-3, -5], [0, -5], [-4, 3], [-3, 0], [-1, -1]], [[21778, 33018], [0, 2], [1, 1], [2, -1], [1, 0], [0, -4], [1, -4], [0, -1], [3, -8], [2, -5], [0, -8], [1, -4], [0, -5], [1, -8], [2, -21], [-2, -2], [-1, 2], [-2, 12], [1, 3], [-2, 11], [-1, 18], [-2, 8], [-4, 12], [-1, 1], [0, 1]], [[21832, 38213], [0, 3], [1, 1], [7, -1], [1, -8], [-4, -2], [-1, 4], [-4, 3]], [[21837, 31530], [3, 0], [1, 10], [4, 3], [2, -8], [-1, 0], [0, -1], [-3, -1], [-3, -6], [0, -8], [-2, 0], [-1, 11]], [[21837, 37989], [0, 3], [4, 2], [1, -3], [1, -2], [0, -3], [-2, 2], [-4, 1]], [[21887, 38125], [0, 5], [2, 0], [3, 4], [4, 0], [4, -6], [-1, 0], [0, -3], [1, 0], [0, -4], [-1, -1], [-1, -4], [-2, 0], [-1, -1], [0, -3], [-3, 0], [-1, 6], [-1, 2], [-1, 5], [-2, 0]], [[21892, 38033], [0, 3], [1, 1], [2, 3], [1, 0], [0, -2], [-1, 0], [0, -3], [-3, -2]], [[21898, 38041], [0, 2], [4, 3], [0, -3], [-1, 0], [0, -2], [-3, 0]], [[21916, 32523], [0, 1], [1, 1], [0, 6], [2, 1], [0, 11], [-1, 1], [1, 1], [2, 0], [2, -1], [0, -4], [4, -1], [0, 1], [1, 0], [0, -1], [1, 0], [1, -1], [0, -1], [1, 1], [0, -1], [1, -3], [0, -11], [-1, -2], [-1, -7], [1, -2], [-1, -4], [0, -3], [-4, -4], [-1, 0], [0, -2], [-1, -1], [0, 1], [-1, -1], [-1, 0], [-1, 1], [0, 5], [1, 6], [0, 7], [-1, 6], [0, 3], [-3, 0], [-1, -3], [0, -1], [-1, 0], [0, 1]], [[21919, 31550], [0, 3], [1, 0], [0, -3], [-1, 0]], [[21925, 34135], [1, 4], [2, 3], [3, 12], [1, 5], [4, 6], [3, 3], [6, 2], [2, 1], [2, -1], [0, -3], [-1, -2], [-5, -2], [-3, -3], [-2, -3], [-1, -3], [-1, -8], [-2, -6], [-2, -4], [-1, -3], [-2, -1], [-2, 0], [-1, 1], [-1, 2]], [[21925, 31530], [0, 2], [4, 2], [0, -2], [-1, 0], [0, -2], [-3, 0]], [[21928, 31538], [0, 4], [3, 0], [1, 1], [4, 2], [0, -2], [-2, 0], [0, -1], [-2, -1], [-2, -2], [-2, -1]], [[21930, 32547], [1, 1], [0, -1], [1, -2], [1, -1], [-1, 0], [0, 0], [-1, 0], [0, 2], [-1, 0], [0, 1]], [[21937, 32602], [3, 14], [0, 3], [2, 4], [1, 5], [1, 6], [1, 5], [1, 3], [0, 5], [-1, 1], [0, 1], [1, 1], [2, 10], [0, 2], [1, 1], [2, 0], [2, 1], [3, 1], [5, 0], [1, -1], [8, -6], [0, -1], [1, -1], [-1, -1], [0, -5], [3, -3], [0, -1], [-1, 0], [0, -3], [-1, 0], [0, -1], [-4, -11], [1, -2], [-2, -4], [2, -4], [3, -4], [1, -3], [1, -13], [-10, -11], [-2, -7], [2, -8], [2, 0], [1, -3], [-2, -1], [-2, 0], [-2, -1], [-1, 3], [2, 1], [-1, 6], [-1, 1], [-2, 1], [-1, 0], [-2, 1], [-7, 2], [0, -1], [-4, 1], [0, 1], [-2, 0], [-1, 4], [-1, -1], [-2, 7], [1, 0], [-1, 6]], [[21950, 34169], [0, 2], [1, 2], [1, 0], [7, 5], [6, 5], [3, 2], [2, 0], [1, -1], [1, -2], [0, -1], [-2, -4], [-3, -3], [-10, -6], [-4, -1], [-2, 0], [-1, 1], [0, 1]], [[21959, 31564], [0, 2], [4, 1], [9, -1], [0, -2], [-13, 0]], [[21968, 31718], [1, 11], [6, 2], [0, -2], [-2, 0], [0, -1], [2, 0], [-1, -7], [-1, -2], [0, -3], [-5, 2]], [[21971, 31542], [0, 3], [1, 0], [0, -3], [1, 0], [0, -2], [-1, 0], [-1, 2]], [[21979, 32010], [0, 7], [1, 0], [0, 6], [4, 2], [3, -25], [2, -1], [0, -5], [2, -10], [0, -8], [1, -10], [0, -1], [-8, 0], [-2, 4], [-1, 8], [1, 25], [-2, 8], [-1, 0]], [[21986, 31602], [0, 2], [3, 0], [1, -4], [-4, 2]], [[21997, 31586], [0, 5], [2, 0], [2, -5], [-4, 0]], [[22012, 31824], [0, 2], [1, 2], [3, 4], [1, 1], [3, 0], [0, -1], [1, -1], [0, -3], [4, -4], [-3, 0], [-2, -1], [-2, 0], [-4, -2], [-1, 1], [-1, 2]], [[22033, 31628], [1, 1], [0, 1], [1, 1], [0, 1], [1, 0], [0, 1], [3, 0], [2, 1], [0, 1], [2, 1], [0, 2], [1, 0], [0, 1], [1, 1], [0, 3], [-1, 1], [0, 1], [1, 0], [1, 1], [0, 4], [1, 1], [0, 2], [2, 0], [0, -1], [-2, -2], [0, -5], [-1, 0], [0, -2], [1, -2], [-1, 0], [0, -8], [1, -1], [0, -1], [-4, 0], [-3, -1], [-1, -1], [0, -1], [-1, -1], [-1, -2], [-2, 0], [-1, 1], [0, 2], [-1, 0]], [[22049, 32012], [0, 3], [8, 1], [0, -7], [-7, -1], [0, 4], [-1, 0]], [[22079, 31675], [2, 0], [2, 4], [1, 3], [-2, 0], [0, 3], [3, 2], [1, -7], [1, -1], [1, -5], [-3, 0], [0, -4], [3, 0], [-1, -4], [1, 0], [2, 3], [1, -5], [-3, -1], [-1, -1], [-1, -5], [-1, 0], [1, 8], [-1, 1], [-3, 1], [0, 3], [-3, 5]], [[22080, 31923], [0, 2], [3, 0], [0, -3], [-3, 1]], [[22082, 31702], [1, 1], [5, 0], [1, 1], [0, 2], [2, 2], [3, 2], [2, -1], [1, -1], [-1, -1], [-2, -6], [0, -5], [-4, -2], [-3, 0], [0, 3], [-3, 2], [-2, 3]], [[22093, 30490], [0, 3], [3, 0], [0, -4], [-3, 1]], [[22094, 31772], [0, 4], [1, 0], [3, -6], [-4, 2]], [[22111, 31773], [0, 2], [4, 0], [0, -2], [-4, 0]], [[22115, 31922], [0, 1], [1, 0], [1, -1], [3, 0], [3, -5], [-5, 1], [-2, -1], [0, 4], [-1, 1]], [[22119, 31827], [0, 1], [1, 1], [0, 1], [1, 1], [0, 1], [3, 3], [2, -2], [0, -1], [-2, -2], [0, -2], [1, -1], [0, -2], [-1, 0], [0, -1], [-1, -1], [-2, 0], [0, 2], [-1, 0], [0, 1], [-1, 1]], [[22359, 29737], [0, 4], [3, -1], [3, -4], [5, 0], [1, -5], [1, 0], [1, 3], [1, 2], [0, 3], [5, 0], [0, 5], [3, 5], [1, 3], [4, 2], [7, 0], [4, -2], [2, -8], [1, 0], [0, 3], [1, 0], [2, -7], [1, -22], [-2, 0], [0, 3], [-2, 2], [-12, -1], [-3, -3], [-2, -6], [-7, -1], [-3, 1], [0, 3], [-3, 1], [-3, 4], [-3, 11], [-6, 5]], [[22392, 29714], [0, 4], [2, 0], [0, -4], [-2, 0]], [[22396, 29708], [0, 3], [2, 0], [1, -3], [-3, 0]], [[22431, 29633], [3, 2], [2, 0], [1, -2], [1, 0], [3, 2], [5, 1], [1, 5], [7, 1], [1, -6], [-1, 0], [0, -3], [1, 0], [1, -2], [0, -3], [-2, -2], [1, -5], [-2, 3], [-6, 0], [2, -3], [-8, 0], [0, -3], [-5, 0], [-1, 3], [-1, 2], [-3, 10]], [[22899, 28672], [0, 1], [3, 0], [0, -2], [6, -3], [3, -4], [5, 1], [1, -5], [3, -2], [4, -1], [0, -3], [5, -3], [1, -1], [3, -1], [2, -4], [0, -3], [3, -2], [4, -1], [2, -8], [3, 0], [2, -6], [2, -1], [4, -9], [1, -1], [0, -1], [-1, 0], [-5, 6], [-1, 4], [-3, 4], [-5, 1], [-1, 6], [-7, 9], [-7, 4], [-1, 3], [-8, 3], [-6, -1], [-1, 10], [-3, 1], [-3, 3], [-2, 1], [-1, 2], [-2, 3]], [[22901, 28766], [0, 2], [5, 2], [0, -1], [1, -1], [0, -2], [-1, 0], [-1, 1], [-2, 1], [0, -2], [-2, 0]], [[22906, 28783], [0, 3], [2, 2], [0, -5], [-2, 0]], [[22908, 28765], [0, 1], [4, 0], [-1, -2], [-3, 1]], [[22921, 28752], [2, -1], [7, 2], [0, -3], [4, 0], [0, -3], [-10, 1], [0, -3], [-2, 2], [-1, 5]], [[22927, 28765], [0, 1], [2, 2], [0, -3], [-2, 0]], [[22934, 28770], [0, 3], [3, 0], [0, -5], [-3, 2]], [[22979, 28665], [0, 2], [6, 1], [-1, -3], [-1, -1], [-2, 0], [-2, 1]], [[23029, 28640], [0, 2], [2, 0], [0, -3], [-2, 1]], [[23337, 28180], [4, -3], [3, 2], [1, -1], [3, -4], [6, 0], [3, -1], [-7, -1], [0, -3], [-1, -1], [-3, -2], [-2, 1], [-3, 2], [-1, 4], [0, 2], [1, 2], [-4, 3]], [[23339, 28133], [0, 5], [4, 2], [2, 5], [1, 0], [0, -5], [-1, 0], [0, -2], [-6, -5]], [[23359, 28164], [6, 3], [0, -3], [6, -1], [2, 1], [0, -3], [-2, 0], [0, -3], [-3, -1], [-8, 2], [-1, 5]], [[23462, 27792], [0, 3], [1, 3], [1, 7], [4, 1], [0, 5], [3, 3], [5, 1], [14, 0], [3, 2], [5, -1], [0, 3], [4, 4], [2, 0], [1, 6], [-1, 0], [0, 2], [2, 0], [0, -1], [1, -1], [1, -3], [4, -8], [1, 0], [0, -2], [-1, 0], [-1, 2], [-3, 1], [1, -3], [-4, 1], [-1, -1], [4, -2], [0, -3], [-2, 1], [-3, 5], [-3, 0], [2, -3], [-3, 0], [3, -5], [4, -6], [1, -3], [-3, 0], [0, 3], [-5, 5], [0, -5], [-3, 0], [0, 3], [-2, 3], [-14, 0], [-2, 1], [-1, 0], [-1, -1], [-3, -1], [0, -3], [-2, -3], [-4, 0], [-1, -1], [0, -11], [1, -2], [-3, 1], [-2, 3]], [[23505, 27782], [0, 3], [3, 2], [0, -7], [-3, 2]], [[23510, 27832], [1, 5], [5, 4], [3, 1], [0, -3], [6, -2], [1, 7], [4, 0], [1, -7], [-2, 0], [0, -5], [-1, 0], [-2, -6], [-2, 0], [2, 5], [0, 1], [-4, 3], [-7, 1], [0, -4], [-4, -1], [-1, 1]], [[23569, 27737], [0, 2], [2, 2], [0, 3], [3, -2], [1, 5], [2, 3], [1, 20], [5, 4], [9, -1], [1, -2], [4, -5], [3, -1], [0, -3], [-5, 4], [-3, 1], [0, 2], [-1, 1], [0, -2], [-3, 0], [-2, -3], [0, -2], [2, -1], [1, -8], [-3, 0], [-1, -4], [-4, -3], [-3, -8], [-4, -4], [-1, 0], [-4, 2]], [[23599, 27608], [0, 4], [3, 1], [0, -6], [-3, 1]], [[25800, 24645], [0, 1], [3, 0], [0, 3], [8, 4], [1, 5], [5, 0], [4, 5], [5, 3], [5, 1], [2, -3], [-2, 0], [0, -2], [-2, 0], [-2, -5], [-2, -11], [-3, 1], [-4, -3], [-18, 1]], [[25878, 24658], [0, 2], [1, 2], [2, 2], [2, 3], [3, 3], [2, 1], [4, 1], [2, 1], [10, -2], [0, -1], [-1, -2], [-7, -7], [-5, -4], [-6, -3], [-4, 1], [-2, 1], [-1, 2]], [[25982, 24595], [1, 3]], [[25983, 24598], [3, -2], [6, -3], [2, 0], [2, -1], [1, -2], [1, 0], [2, -1], [17, 2], [-1, -7], [3, -10], [5, -1], [2, -7], [0, -5], [2, -2], [3, -1], [1, -7], [8, 0], [1, -6], [9, -3], [2, -3], [3, 0], [1, 1], [2, -5], [3, 0], [0, -3], [3, -3], [12, -6], [2, -4], [5, -1], [0, -3], [9, -3], [0, -3], [8, -1], [1, -2], [8, -3], [9, -1], [0, -3], [14, -3], [1, -2], [30, -2], [4, -3], [4, -1], [0, -3], [1, -1], [8, 0], [2, -1], [7, 0], [0, -5], [2, -1], [0, 3], [4, 2], [16, -1], [4, 5], [9, -1], [1, -5], [17, -4], [0, -2], [1, -1], [0, -1], [5, 1], [-1, -5], [-4, 0], [0, -1], [14, 1], [0, 3], [1, 0], [0, -3], [2, -1], [7, 0], [2, -1], [27, -1], [7, -2], [0, -3], [9, -2], [0, -3], [9, -1], [2, -2], [13, -2], [2, -1], [9, -1], [0, -4], [9, -1], [1, -5], [3, -3], [4, -1], [5, -4], [0, 3], [5, -3], [4, 0], [1, 1], [0, -3], [3, -3], [9, -5], [17, -3], [2, -2], [17, -2], [0, -3], [6, -3], [2, -2], [5, -2], [2, -3], [0, -4], [9, -3], [0, -3], [8, -2], [0, -3], [8, -3], [2, -3], [5, -1], [0, -3], [3, -1], [1, -2], [7, -2], [0, -3], [7, -5], [2, -1], [10, -2], [4, -3], [4, -1], [0, -3], [7, -4], [7, -5], [2, -4], [8, -4], [0, -3], [3, -1], [1, -2], [5, 0], [0, -4], [9, -2], [13, -4], [1, -1], [3, -1], [0, -3], [2, -3], [4, -1], [2, -3], [2, -7], [4, -4], [2, -1], [3, -1], [-1, -3], [5, -4], [2, -1], [0, 5], [2, 0], [1, -10], [-2, -4], [3, 0], [3, -4], [3, -1], [3, -4], [4, -3], [9, -6], [8, -3], [0, -3], [10, -8], [10, -4], [5, -6], [0, -4], [8, -1], [0, -4], [4, -1], [1, -1], [4, -1], [0, -3], [9, -3], [1, -1], [7, -4], [5, -5], [2, -1], [2, -4], [5, -3], [1, -2], [5, -2], [1, -5], [4, 0], [0, 3], [2, 0], [0, -6], [9, -4], [3, -5], [3, -2], [4, -5], [4, -1], [1, -5], [1, -1], [5, 0], [0, -4], [3, 0], [0, -3], [6, -4], [5, -7], [6, -1], [0, -3], [15, -8], [1, -5], [5, -1], [3, -2], [4, -4], [5, -3], [0, -3], [9, -2], [0, -3], [9, -2], [0, -3], [19, -5], [0, -4], [5, 0], [2, -4], [9, -2], [0, -3], [7, -3], [2, -2], [6, 1], [3, -5], [1, -3], [2, -3], [4, 0], [0, -4], [8, 1], [4, 3], [5, 1], [2, -5], [0, -3], [2, -3], [1, -13], [4, -5], [4, 0], [2, 2], [4, -1], [-1, -1], [1, -5], [4, -3], [4, -5], [4, -3], [2, -4], [1, -1], [0, -4], [1, -4], [1, -3], [1, -1], [0, -2], [-2, -2], [-4, -2], [-3, -1], [-3, 0], [-6, 3], [-5, 3], [-2, 1], [-9, 6], [-15, 4], [-5, 1], [-4, 1], [-3, 2], [-5, 5], [-16, 8], [-1, 3], [-1, 1], [-16, 7], [-1, 3], [-6, 5], [-2, 3], [-7, 3], [-2, 3], [-8, 1], [0, 4], [-6, 1], [0, 4], [-3, 0], [-1, 2], [-5, 1], [-1, 3], [-1, 1], [-5, 2], [-1, 1], [-5, 2], [-1, 2], [-3, 1], [-1, 6], [-3, 0], [0, 3], [-1, 1], [-5, 3], [0, 5], [-7, 2], [-4, 5], [-6, 3], [-1, 2], [-10, 5], [-6, 1], [0, 3], [-6, 1], [-1, 2], [-17, 5], [-4, 3], [-6, 2], [0, 4], [-9, 1], [0, 4], [-9, 2], [-2, 2], [-7, 3], [-3, 3], [-5, 3], [0, 3], [-6, 3], [-1, 1], [-1, 3], [-5, 2], [-2, 3], [-3, 6], [-4, 4], [-3, 5], [-2, 4], [-6, 2], [0, 3], [-9, 4], [0, 3], [-26, 6], [-17, 7], [-2, 3], [-5, 2], [-6, 3], [-4, 4], [-2, 4], [-5, 3], [-3, 5], [-2, 4], [-5, 2], [0, 3], [-3, 1], [-4, 4], [-6, 8], [-3, 1], [-2, 4], [-4, 5], [-4, 0], [0, 5], [-2, 1], [-4, 4], [-3, 6], [-8, 8], [-5, 4], [-5, 6], [-4, 3], [-2, 1], [0, 4], [-7, 1], [-1, 7], [-2, 1], [-3, 3], [-4, 1], [0, 3], [-9, 4], [-1, 2], [-7, 1], [0, 3], [-2, 0], [0, 3], [-13, 6], [-1, 1], [-2, 6], [-7, 2], [0, 3], [-8, 3], [-1, 2], [-9, 0], [-1, 4], [-1, 1], [-15, 5], [-1, 1], [-8, 3], [0, 3], [-3, 0], [0, 3], [-2, 1], [-6, 7], [0, 4], [-3, 1], [-1, 0], [0, 4], [-3, 1], [-1, 1], [-4, 1], [0, 3], [-4, 1], [-6, 3], [0, 3], [-9, 2], [0, 3], [-7, 1], [-1, 1], [-18, 3], [0, 3], [-28, 1], [-9, -1], [-7, -3], [-5, 0], [-4, -2], [-22, 0], [-2, -3], [-12, -2], [-22, 4], [-8, -2], [-2, -1], [-5, 0], [-3, -2], [-23, 0], [-16, 5], [-1, 2], [-10, 2], [0, 4], [-7, 2], [-1, 2], [-8, 6], [-1, 3], [-6, 2], [-3, 4], [-7, 4], [0, 3], [-8, 3], [-3, 4], [-6, 4], [-3, 3], [-4, 2], [-1, 1], [-18, 9], [0, 4], [-2, 1], [-4, 3], [-3, 6], [-6, 6], [-3, 5], [-4, 3], [-3, 4], [-4, 3], [-5, 6], [-20, 20], [-1, 2], [-2, 2], [-1, 2], [-2, 2], [0, 1], [-1, 3], [-1, 1], [-1, 2], [0, 1], [1, 2], [0, 3], [-1, 2], [0, 2], [-1, 2], [-3, 3], [0, 3], [-4, 8], [-1, 0], [-1, 1], [-1, 0]], [[26076, 24602], [0, 3], [4, 0], [0, -5], [-4, 2]], [[26080, 24597], [0, 1], [1, 0], [1, -1], [0, -2], [-1, 0], [-1, 2]], [[26090, 24580], [0, 4], [1, 0], [2, -4], [-3, 0]], [[26167, 24578], [0, 5], [6, -3], [0, 5], [2, 0], [0, -2], [-1, 0], [0, -2], [1, 0], [1, -8], [-3, 1], [-3, 3], [-3, 1]], [[26176, 24603], [0, 1], [1, 2], [0, 8], [2, 0], [0, 5], [3, -3], [6, 0], [0, -5], [4, -1], [1, 1], [12, 1], [1, -5], [5, -1], [3, -1], [15, 0], [3, 5], [-8, 2], [-1, 2], [0, 3], [1, 0], [1, -3], [8, -1], [2, -2], [3, -1], [3, -8], [6, -1], [3, -1], [9, -1], [-1, -4], [2, -2], [5, -2], [4, -5], [5, -1], [4, -4], [8, 2], [3, -2], [1, -2], [1, 0], [0, 1], [-1, 2], [-4, 2], [-10, 1], [-1, 4], [-2, 1], [0, 2], [1, 0], [1, -1], [8, -2], [9, -3], [11, -13], [5, -5], [2, -1], [0, -3], [3, 0], [1, -5], [3, 0], [1, -8], [-13, 4], [0, 4], [-4, 0], [0, 3], [-2, 1], [-2, 2], [-3, 1], [0, 3], [-9, 1], [-9, 3], [-2, 2], [-16, 6], [-2, 2], [-4, 2], [-3, 0], [-13, 5], [-4, -1], [0, 3], [-25, 1], [-16, 5], [-9, 1], [0, 4], [-3, -3], [-1, 0], [-2, 3]], [[26193, 24544], [0, 3], [1, 1], [5, 0], [4, -5], [4, -1], [0, -3], [-5, 2], [-9, 3]], [[26212, 24535], [0, 4], [5, 0], [0, -4], [-5, 0]], [[26242, 24605], [0, 4], [4, -2], [0, -2], [-4, 0]], [[26244, 24514], [0, 3], [9, -3], [0, -3], [7, -3], [2, -3], [8, -4], [1, -1], [7, -3], [1, -5], [8, -1], [1, -5], [-8, 2], [-1, 2], [-6, 3], [-2, 3], [-1, 3], [-8, 2], [-2, 4], [-7, 3], [-1, 2], [-8, 4]], [[26256, 24600], [0, 2], [3, 0], [0, -2], [-3, 0]], [[26262, 24595], [0, 2], [5, 2], [0, -3], [5, -1], [0, -3], [-4, 1], [-2, 2], [-4, 0]], [[26337, 24536], [0, 5], [3, 1], [1, -2], [3, 1], [1, -5], [4, -2], [0, 3], [1, 0], [1, -1], [-1, -3], [3, 0], [0, -4], [4, -1], [1, -1], [4, -1], [-1, -8], [-1, -1], [-2, -1], [0, 3], [-3, 5], [-2, 0], [-1, 4], [-1, 0], [-2, 1], [-1, -5], [2, 0], [2, -3], [0, -4], [1, -1], [0, -1], [-2, 0], [-1, 1], [-1, 4], [-1, 2], [-4, 1], [-1, 3], [-1, 2], [-1, 10], [-1, 0], [0, -2], [-3, 0]], [[26362, 24515], [0, 1], [1, 0], [1, 5], [2, 0], [1, -3], [0, -6], [-3, -1], [0, 4], [-2, 0]], [[26368, 24498], [0, 3], [1, 0], [0, -3], [-1, 0]], [[26369, 24701], [0, 3], [1, 0], [1, -2], [2, -1], [0, -2], [-1, 0], [-1, 1], [-2, 1]], [[26373, 24498], [0, 3], [4, 0], [0, -2], [6, -2], [7, -5], [5, 1], [0, 3], [7, 2], [0, -3], [1, -2], [0, -2], [-1, -1], [1, -5], [2, 2], [2, 0], [5, -2], [2, -7], [2, -3], [-9, 1], [-4, 3], [-8, 2], [-3, 3], [-5, 2], [-2, 5], [-5, 1], [-3, 6], [-4, 0]], [[26380, 24603], [0, 6], [4, 0], [1, -3], [-1, 0], [0, -3], [-4, 0]], [[26944, 24002], [2, 2], [3, 1], [0, 3], [5, 1], [7, 5], [16, 3], [2, 2], [3, 0], [7, 2], [0, -3], [1, 1], [5, -1], [0, -4], [-1, 0], [0, -1], [4, -4], [4, -1], [0, -3], [4, 0], [0, 3], [-3, 1], [-1, 1], [-3, 1], [0, 5], [9, 0], [1, -3], [1, -2], [1, -8], [3, -3], [0, -2], [-1, -2], [0, -1], [1, -2], [1, -7], [3, -1], [0, 3], [3, 0], [1, 8], [-2, -2], [-4, 0], [-1, 1], [0, 1], [2, 2], [0, 5], [5, 1], [0, 5], [4, 2], [-1, -7], [2, 0], [1, 4], [2, 0], [9, -1], [0, -6], [-3, -1], [-1, -1], [-6, 0], [-3, -3], [-1, -6], [4, -4], [5, -2], [14, 6], [3, 0], [1, -1], [5, 0], [1, -2], [5, -1], [2, -5], [16, -5], [-2, -8], [-2, -3], [-3, -5], [1, -5], [-12, -1], [-6, 0], [-9, 4], [-1, 1], [-16, 5], [-4, 4], [-13, 0], [-25, 6], [-2, 2], [-18, 5], [-1, 2], [-8, 2], [0, 4], [-3, 0], [-4, 4], [-3, 1], [0, 3], [-5, 2], [-1, 3]], [[27048, 23998], [0, 4], [3, 2], [1, -3], [-1, 0], [0, -3], [-3, 0]], [[28726, 21499], [0, 8], [5, 4], [9, 3], [11, 0], [17, -12], [3, 0], [0, -4], [2, -1], [1, -1], [3, -1], [1, -7], [4, 0], [1, -2], [4, -2], [3, -3], [4, -3], [3, -1], [1, -5], [-1, -1], [-5, 0], [-4, -1], [-36, 3], [-1, 2], [-7, 3], [-3, 4], [-4, 3], [-2, 1], [0, 3], [-7, 2], [-2, 5], [1, 3], [-1, 0]], [[28813, 21457], [0, 8], [4, 0], [0, 5], [2, 2], [0, 3], [2, 1], [2, -1], [2, 3], [4, 8], [2, 7], [4, 0], [1, 2], [3, 1], [2, -3], [0, -7], [-1, 0], [0, -2], [-1, 0], [-1, -8], [-1, -1], [-4, -20], [-1, -1], [-12, -2], [0, 3], [-7, 2]], [[28861, 21505], [0, 4], [3, 1], [2, -3], [-2, 0], [0, -2], [-3, 0]], [[28862, 21540], [0, 8], [8, 0], [1, -2], [-1, -6], [-1, -3], [-4, 0], [-3, 3]], [[28867, 21496], [0, 4], [3, 2], [1, -7], [-3, 2], [0, -2], [-1, 1]], [[29051, 21209], [0, 4], [3, 2], [6, 0], [4, -2], [1, -1], [7, -3], [1, -3], [1, -4], [-1, 1], [-9, -1], [-1, 0], [-2, 1], [-7, 1], [-1, 4], [-2, 1]], [[29172, 21430], [2, 2], [3, -2], [3, -3], [4, -5], [2, -3], [2, -6], [0, -2], [-9, 7], [1, 4], [-7, 5], [-1, 3]], [[29235, 21204], [1, 14], [5, 2], [6, -15], [-1, 0], [0, -3], [1, 0], [1, -12], [1, -8], [6, -8], [-3, 1], [-1, 2], [-4, 0], [0, 4], [-4, 0], [0, 5], [-3, 3], [-2, 10], [-3, 5]], [[29255, 21153], [0, 3], [1, 0], [1, 8], [3, 0], [1, -6], [2, -7], [1, -10], [2, -1], [3, -12], [2, -1], [1, -9], [2, -3], [6, -21], [3, 0], [0, -5], [3, -2], [2, -6], [0, -4], [4, -9], [0, -4], [2, -10], [0, -4], [3, -7], [-1, -16], [-3, 3], [0, 3], [-4, 7], [-3, 13], [-2, 0], [-2, 13], [4, 2], [0, 3], [-2, 0], [0, 8], [2, 0], [0, 3], [-2, 0], [-1, 4], [-1, 1], [-1, 5], [-4, 2], [0, 3], [-3, 6], [-13, 7], [-2, 2], [0, 16], [-1, 5], [-1, 2], [-2, 8], [1, 10], [-1, 0]], [[29261, 21404], [0, 3], [3, 2], [1, 8], [2, 0], [1, 8], [-4, 13], [1, 9], [1, 0], [5, 6], [1, -11], [-1, 0], [0, -2], [1, 0], [3, -12], [9, -5], [0, -3], [5, -1], [4, -3], [7, -3], [2, -2], [13, -1], [1, -5], [2, 0], [2, -5], [-3, -1], [-2, -4], [-3, -4], [-3, -1], [0, -3], [-6, -2], [-1, -1], [0, -3], [-3, 0], [-1, -3], [1, -7], [-5, 3], [-1, 7], [0, 1], [-3, 1], [0, 3], [-5, 1], [-8, 6], [-1, 3], [-4, 1], [-4, 3], [-5, 1], [0, 3], [-2, 0]], [[29325, 20958], [2, 5], [4, 26], [2, 1], [1, -6], [-1, 0], [0, -3], [1, -1], [1, -9], [1, -2], [4, -18], [4, -2], [4, -1], [1, -5], [1, -2], [2, -6], [-4, 0], [0, 3], [-2, 1], [-6, 5], [-3, 6], [-5, 3], [0, 3], [-7, 2]], [[29326, 21041], [0, 8], [9, -2], [2, -3], [0, -6], [-3, -4], [-1, -3], [-2, 1], [-1, 1], [0, 3], [-3, 0], [0, 5], [-1, 0]], [[29340, 21124], [1, 7], [1, 0], [14, -3], [5, 1], [0, -4], [-1, 0], [0, -1], [-5, -4], [-3, 0], [-4, 3], [-4, 0], [-1, -1], [-1, 0], [-2, 2]], [[29352, 20884], [0, 7], [5, -1], [0, 4], [2, 2], [4, 1], [0, -3], [-1, 0], [0, -2], [-4, -2], [-1, -3], [0, -1], [-5, -2]], [[29451, 20920], [0, 4], [2, -1], [0, 12], [3, 0], [1, 10], [4, 1], [1, 5], [3, -1], [4, 5], [4, 3], [2, 1], [0, 5], [2, 1], [2, 4], [2, 1], [-2, 0], [0, 2], [2, 0], [1, 7], [1, -1], [28, -2], [4, -4], [12, -5], [5, 0], [2, -4], [0, -3], [30, -16], [1, -2], [3, 0], [0, -5], [2, -2], [0, -3], [8, -3], [4, -3], [3, -1], [0, -3], [-2, -1], [-1, -2], [-3, 0], [-1, 2], [-3, 0], [-8, -5], [-10, 1], [0, 3], [-1, 1], [-3, 1], [0, 5], [-3, 7], [-2, 2], [-14, 4], [-10, 0], [-10, -5], [-8, -1], [-2, 7], [-3, 4], [-3, 1], [0, 5], [-2, 0], [-2, 5], [-2, 1], [-1, -3], [-2, -2], [-1, 12], [-2, 1], [-3, 5], [-1, 0], [-1, -3], [-1, 0], [-2, -11], [-4, 0], [1, -10], [-1, -1], [-13, 0], [1, -10], [-2, -7], [-3, -4], [-6, -4]], [[29478, 20948], [0, 3], [2, 0], [0, -3], [-2, 0]], [[29478, 20660], [4, 0], [3, 7], [1, 5], [2, 0], [2, 2], [2, 0], [7, 3], [2, 0], [2, -1], [3, -2], [4, -3], [8, 1], [0, 1], [1, 0], [0, -2], [-1, -1], [-4, -3], [-2, -3], [-4, 0], [-13, -5], [-13, -1], [-3, 0], [-1, 2]], [[29486, 20099], [1, 13], [11, -4], [1, -3], [3, -5], [4, -8], [1, -18], [-2, 1], [-2, 0], [-5, -6], [-3, 13], [-5, 5], [-2, 12], [-2, 0]], [[29494, 20042], [0, 1], [4, 2], [1, -10], [4, -2], [0, -5], [3, -6], [1, -20], [2, -10], [3, -4], [3, -5], [-3, 0], [-3, 5], [0, 3], [-3, 0], [-2, 6], [-3, 0], [-1, 4], [-1, 1], [0, 4], [-2, 5], [-1, 29], [-2, 2]], [[29496, 20046], [0, 15], [3, -2], [1, 7], [2, 0], [-1, -10], [-1, 0], [0, -3], [-1, 0], [-1, -7], [-2, 0]], [[29504, 19882], [0, 1], [3, 3], [6, 3], [3, 3], [2, 1], [1, 3], [-2, 0], [0, 2], [5, 2], [7, 5], [5, 1], [0, -4], [-4, 0], [0, -1], [-3, -1], [-2, -2], [0, -5], [-7, -3], [-2, -3], [-7, -3], [-1, -2], [2, -1], [1, -1], [4, -2], [0, 3], [3, 0], [0, 4], [7, 1], [1, 5], [14, 1], [3, 3], [3, 1], [-2, -12], [-8, 1], [-3, -1], [0, -1], [8, -2], [-1, -5], [2, 0], [0, -5], [-1, -1], [-13, 1], [-18, 6], [0, 2], [-2, 1], [-1, 1], [-3, 1]], [[29517, 20040], [0, 9], [2, 0], [0, 4], [3, 0], [0, 3], [5, 5], [0, -7], [-1, 0], [0, -1], [-1, 0], [-3, -10], [-3, -1], [-2, -2]], [[29527, 20723], [2, 5], [3, 3], [3, 9], [1, 1], [0, 13], [-2, 10], [1, 0], [6, -13], [4, -5], [2, -7], [2, 0], [2, 7], [2, 2], [0, 3], [3, 0], [-2, 31], [3, -2], [2, -8], [2, -1], [7, 2], [-2, 10], [3, 0], [0, 3], [3, 0], [1, 12], [2, 0], [1, 16], [-4, 5], [0, 5], [-5, 1], [-2, -1], [2, 7], [2, 1], [0, 10], [-2, 2], [1, 6], [4, 2], [0, 5], [3, 0], [-1, 14], [-2, 7], [-6, 2], [2, 6], [1, 8], [3, 2], [1, 3], [1, 2], [1, 8], [3, 0], [0, -3], [2, -2], [1, -12], [-1, 0], [0, -1], [-1, 0], [-1, -15], [3, -5], [-2, -41], [1, -1], [1, -5], [2, -2], [0, -5], [2, -3], [0, -10], [1, -5], [-2, -13], [-3, -5], [1, -9], [-3, 0], [0, 3], [-4, -1], [0, -1], [-2, -8], [-2, -2], [-2, -1], [0, -7], [2, 0], [2, -3], [-1, -8], [-5, -4], [-11, -6], [-14, -1], [-1, -5], [-2, -2], [-5, -1], [0, -3], [-7, 1]], [[29529, 20077], [0, 3], [2, 3], [3, 1], [0, -2], [-2, 0], [0, -2], [-3, -3]], [[29535, 20823], [0, 5], [7, -1], [4, -5], [3, -1], [1, -3], [-6, 1], [-1, 0], [-1, 4], [-1, 0], [2, -18], [-2, -3], [-3, -4], [-2, -1], [2, 6], [0, 13], [-2, 7], [-1, 0]], [[29547, 19948], [19, -1], [13, 5], [6, 0], [0, -1], [-1, 0], [0, -2], [1, 0], [2, -3], [6, -18], [1, 0], [0, -2], [-1, 0], [-1, 1], [-4, 5], [-8, 3], [-19, 3], [0, 3], [-8, -1], [-4, 4], [-2, 4]], [[29646, 20630], [0, 7], [3, 0], [3, -8], [1, -10], [2, -10], [4, -8], [0, -3], [5, -17], [4, -6], [0, -4], [4, -6], [0, -3], [-1, 0], [0, 2], [-4, 6], [-2, 6], [-2, 4], [-6, 16], [-2, 2], [0, -10], [1, -1], [-1, -4], [-2, 0], [0, 3], [1, 1], [-1, 1], [0, 13], [-1, 2], [-2, 13], [-1, 3], [0, 6], [-1, 4], [-2, 1]], [[29649, 19881], [0, 4], [11, -4], [0, -3], [8, -4], [2, -4], [1, 0], [0, -2], [1, 0], [0, -2], [-1, 0], [-2, 2], [-2, 4], [-7, 3], [-1, 2], [-6, 2], [-4, 2]], [[29655, 20575], [0, 5], [1, 0], [1, -4], [-1, 0], [0, -1], [-1, 0]], [[29656, 20568], [0, 2], [1, 0], [0, -2], [-1, 0]], [[29660, 20565], [0, 2], [1, 0], [0, -1], [2, -2], [0, -1], [1, -2], [1, -1], [0, -3], [1, 0], [0, -3], [2, -1], [3, -4], [-3, 0], [-3, 4], [-1, 3], [-1, 1], [0, 2], [-1, 1], [0, 3], [-1, 0], [-1, 2]], [[29675, 20397], [0, 3], [18, 4], [1, -2], [5, -2], [0, -4], [-4, -4], [-2, -1], [-4, -5], [-3, -2], [-1, 0], [-5, 4], [-3, 7], [-2, 2]], [[29695, 19841], [0, 2], [14, -3], [10, -4], [1, -1], [0, -7], [-2, -5], [-1, -1], [-3, -10], [0, -8], [4, -7], [2, -10], [-4, 3], [-3, 4], [-1, 3], [-4, 5], [-1, 26], [-2, 0], [-1, 4], [-4, 5], [-5, 4]], [[29735, 20123], [2, 4], [-1, 0], [0, 3], [1, 0], [0, 3], [2, 0], [0, -8], [-1, -1], [-3, -1]], [[29747, 19762], [0, 2], [1, 1], [13, 1], [9, -1], [4, -4], [6, -1], [1, -2], [7, 1], [-2, -8], [-11, 0], [-8, 4], [-1, 1], [-19, 6]], [[29747, 20097], [1, 8], [3, 3], [2, 0], [0, -6], [-2, 0], [0, -3], [-2, 0], [0, -4], [-2, 2]], [[29822, 19681], [0, 20], [5, 2], [5, 1], [0, -3], [-1, 0], [0, -3], [-2, 0], [0, -23], [2, -6], [1, -1], [0, -6], [1, 0], [0, -3], [1, -1], [2, -6], [5, -7], [1, -3], [-4, 4], [-4, 1], [0, 8], [-1, 3], [-1, 1], [-1, 2], [-1, 1], [0, 6], [-4, 7], [-2, 6], [-2, 0]], [[29842, 19639], [0, 1], [1, 0], [0, -1], [-1, 0]], [[29846, 19635], [0, 2], [1, 0], [0, -1], [4, -1], [1, -4], [1, -1], [0, -1], [-1, 0], [-3, 4], [-2, 1], [-1, 1]], [[29861, 19523], [1, 42], [2, 5], [2, 3], [4, 15], [2, 14], [-2, 7], [-2, 5], [-5, 5], [-1, 3], [-1, 0], [0, 2], [6, -3], [9, -1], [0, -5], [3, 0], [2, -4], [3, -1], [-2, -19], [-6, -20], [2, -21], [-3, -11], [-1, -2], [-3, -21], [2, -8], [0, -3], [4, -7], [1, -7], [4, -1], [3, -5], [1, -7], [1, -52], [4, -18], [2, -3], [1, -4], [2, -2], [3, -1], [4, -15], [0, -4], [1, -1], [0, -2], [1, -1], [2, -4], [0, -4], [-1, 0], [0, 3], [-3, 5], [-1, 0], [0, 3], [-3, 5], [-4, 5], [-2, 7], [-5, 7], [-1, 4], [-4, 9], [1, 13], [0, 13], [-1, 13], [-2, 18], [-3, 3], [-1, 5], [-5, 7], [-4, 16], [-3, 0], [-1, 5], [-2, 5], [-1, 10]], [[29907, 19364], [0, 1], [2, 0], [0, -1], [2, 0], [2, -4], [1, -3], [6, -2], [2, -3], [3, -5], [2, -5], [3, -8], [0, -3], [1, -4], [1, -11], [1, -3], [0, -5], [1, 0], [0, -2], [-1, 0], [-2, 2], [-1, 11], [0, 5], [-3, 10], [-4, 7], [0, 3], [-3, 0], [-1, 3], [-3, 3], [-3, 4], [-2, 6], [-4, 4]], [[29938, 19290], [0, 3], [5, -6], [2, -1], [1, -4], [4, -5], [5, -5], [7, -2], [0, -3], [5, -3], [5, -6], [5, -2], [3, -3], [5, -3], [2, -3], [0, -4], [3, 0], [3, -4], [0, -5], [4, -12], [1, -2], [1, -3], [3, -1], [0, -4], [5, -4], [3, -1], [6, -11], [0, -26], [-3, 0], [0, 5], [-1, 1], [-2, 18], [-2, 5], [-4, 5], [-2, 7], [-5, 6], [-3, 7], [-2, 3], [-2, 4], [-3, 1], [0, 7], [-5, 5], [-4, 2], [-1, 2], [-8, 2], [0, 4], [-2, 2], [-5, 4], [0, 3], [-3, 1], [-2, 4], [-5, 4], [0, 3], [-3, 1], [-5, 6], [-3, 1], [0, 4], [-3, 3]], [[30107, 19026], [0, 2], [1, 0], [0, -2], [-1, 0]], [[30108, 19023], [0, 2], [3, 0], [0, -3], [6, -6], [3, -1], [1, -5], [8, -8], [2, 0], [3, -10], [0, -2], [-1, -1], [0, -10], [-2, -12], [-12, -3], [1, 3], [3, 4], [4, 8], [1, 11], [-1, 2], [-3, 10], [-4, 5], [-5, 4], [-2, 2], [-1, 6], [-1, 1], [-1, 2], [-2, 1]], [[30177, 19868], [0, 3], [5, 0], [2, -5], [-7, 2]], [[30198, 18434], [0, 9], [4, 1], [0, 5], [8, 0], [1, -12], [2, -2], [3, -1], [2, -5], [2, -3], [2, -12], [4, -2], [4, 0], [7, 3], [1, 1], [2, 3], [0, 10], [3, 1], [1, -9], [-2, 0], [-1, -5], [-4, -3], [0, -5], [-3, -5], [-3, -6], [-5, -2], [-1, -10], [1, -3], [4, -2], [5, -8], [0, -3], [5, -5], [11, -1], [0, -1], [-4, -1], [-2, -3], [-3, 0], [-3, -4], [-1, -3], [-2, 0], [1, -9], [6, -3], [-1, -2], [-5, -3], [-1, -3], [-4, -4], [-10, 0], [-4, 5], [-7, 4], [-1, 4], [-6, 1], [-3, 23], [1, 25], [-2, 19], [0, 3], [3, 0], [-2, 9], [0, 5], [-1, 3], [-1, 6], [-1, 0]], [[30206, 19836], [0, 5], [6, 4], [3, -1], [3, -5], [-1, 0], [0, -1], [-2, 0], [-1, -7], [-8, 2], [0, 3]], [[30212, 19805], [1, 7], [2, 0], [1, -9], [-4, 2]], [[30214, 19784], [0, 1], [7, -2], [2, 1], [0, -4], [5, -5], [9, -3], [0, -3], [-3, 0], [-1, -13], [0, -1], [-2, 0], [-2, 5], [-5, 2], [-2, 10], [-7, 9], [0, 3], [-1, 0]], [[30248, 18412], [0, 2], [1, 0], [1, -1], [2, -1], [0, -3], [2, -2], [1, -3], [3, -1], [0, -2], [3, 0], [0, -2], [-3, 0], [0, 1], [-3, 1], [0, 1], [-3, 2], [1, 3], [-3, 1], [0, 3], [-2, 1]], [[30270, 19688], [1, 7], [1, 1], [5, 0], [1, -2], [7, -3], [1, -3], [3, -5], [1, -3], [3, -2], [0, -10], [-4, 0], [-1, 2], [-1, 5], [-3, 0], [0, 3], [-6, 3], [-4, 5], [-4, 2]], [[30272, 18391], [0, 3], [4, 0], [0, -3], [4, 0], [0, -3], [2, -1], [1, -2], [3, -1], [1, -1], [0, -4], [-2, -2], [-3, -1], [1, 2], [-1, 5], [-4, -2], [0, 5], [-3, 4], [-3, 1]], [[30288, 18345], [0, 2], [16, -6], [1, -2], [2, -1], [0, -3], [-3, -1], [-8, 2], [-8, 9]], [[30321, 19616], [0, 1], [3, 0], [1, -6], [8, -3], [1, -7], [6, -3], [-2, -4], [-6, 0], [-3, 1], [-6, 14], [-1, 7], [-1, 0]], [[30371, 19504], [0, 2], [3, -1], [4, -5], [2, -1], [6, -10], [1, -3], [-6, -1], [-2, 0], [-1, 1], [-5, 18], [-2, 0]], [[30612, 18303], [0, 1], [5, 2], [3, -5], [0, -6], [-1, -2], [8, -4], [1, -2], [7, 1], [-1, -7], [-2, -2], [-4, 0], [-4, 2], [-1, 4], [-4, 5], [-3, 8], [-4, 5]], [[30613, 18332], [3, 3], [3, 0], [1, -3], [-3, 0], [0, -5], [-1, 0], [0, -3], [-2, 2], [-1, 6]], [[30621, 18585], [0, 3], [4, 0], [0, -5], [-4, 2]], [[30634, 18182], [5, 1], [0, -5], [-1, 0], [0, -3], [-3, 1], [-1, 1], [0, 5]], [[30651, 18338], [0, 2], [2, 1], [0, 4], [4, 4], [12, 0], [0, -1], [-3, 0], [0, -2], [-1, 0], [-1, -3], [-3, -4], [-7, -2], [-2, 0], [-1, 1]], [[30749, 18320], [1, 10], [2, 0], [1, -5], [-1, 0], [0, -3], [-3, -2]], [[30828, 18187], [0, 2], [6, 1], [0, -3], [-6, 0]], [[30829, 18252], [0, 2], [1, 2], [2, 0], [0, -2], [-2, -2], [-1, 0]], [[30915, 16880], [0, 2], [1, 1], [4, 0], [3, -4], [5, -1], [-1, -2], [-4, -2], [-2, 0], [-6, 6]], [[31053, 17377], [0, 2], [1, 1], [8, -1], [0, -7], [-4, 1], [-1, 1], [-1, 3], [-3, 0]], [[31090, 16447], [5, 1], [1, -8], [-1, 0], [0, -2], [-4, 0], [0, 1], [-1, 8]], [[31171, 17152], [2, 0], [2, -5], [-2, 0], [0, -3], [-2, 2], [0, 6]], [[31197, 16496], [2, 3], [0, 3], [-1, 0], [0, 2], [1, 0], [0, 3], [3, 0], [0, 3], [9, -1], [-1, -7], [-2, -4], [-11, -2]], [[31303, 16478], [0, 3], [2, 0], [1, -3], [-3, 0]], [[31322, 16386], [0, 3], [7, 2], [0, -2], [-2, 0], [0, -1], [-5, -2]], [[31506, 15820], [0, 5], [22, -1], [7, -3], [1, -8], [-3, -2], [-7, 1], [0, 5], [-1, 0], [-9, 1], [-3, 1], [-7, 1]], [[32715, 13294], [0, 3], [3, 0], [0, 10], [3, 2], [6, -1], [5, 1], [13, -1], [0, -3], [2, 0], [0, -3], [-5, 1], [0, -1], [-1, 0], [0, -4], [-5, 2], [3, -15], [-1, -11], [3, 0], [0, -5], [5, -7], [1, -14], [0, -4], [-3, 1], [-2, 4], [-3, 5], [-2, -1], [-1, 5], [-1, 1], [-1, 7], [-4, 2], [-4, 6], [-2, 4], [-2, 1], [0, 5], [2, 0], [0, 3], [-2, 1], [-4, 5], [-3, 1]], [[32742, 13220], [1, 7], [1, 0], [1, -4], [-1, 0], [0, -3], [1, 0], [1, -3], [1, -2], [1, -5], [-2, -1], [3, -1], [2, 4], [0, 3], [7, 3], [0, -13], [4, -7], [1, -6], [2, -1], [5, -6], [0, 7], [2, 0], [1, -10], [-3, 0], [0, -3], [-2, -1], [-2, -2], [-7, 2], [-5, 6], [-1, 5], [-5, 6], [-1, 9], [-1, 1], [-1, 5], [1, 1], [-3, 7], [-1, 2]], [[32748, 13233], [0, 8], [2, 1], [3, 2], [3, -5], [1, -5], [0, -4], [-7, 0], [-2, 3]], [[32751, 13301], [12, -2], [1, -2], [6, 0], [9, 2], [0, -3], [-1, 0], [0, -3], [-7, -3], [0, 3], [-11, -1], [-3, 2], [-5, 0], [0, 1], [-1, 6]], [[32759, 13267], [1, 13], [2, 2], [3, 1], [3, -6], [1, -5], [2, -4], [-1, 0], [0, -9], [-4, -3], [-4, 0], [-2, 5], [-1, 6]], [[33004, 12073], [0, 8], [3, 0], [1, -5], [-1, 1], [0, -4], [1, 0], [-1, -6], [-1, -3], [1, -1], [2, -3], [3, -10], [1, -1], [2, 0], [2, 1], [3, -5], [4, -21], [3, 0], [1, -5], [-4, 0], [0, 3], [-2, 1], [-6, 9], [-3, 5], [-2, 5], [-2, 12], [-5, 10], [1, 2], [0, 4], [-1, 3]], [[33017, 12055], [1, 8], [3, 2], [1, -7], [-1, 0], [0, -1], [-4, -2]], [[33405, 11024], [1, 9], [3, 0], [0, 7], [10, 7], [11, 0], [7, -3], [3, -8], [3, -3], [0, -5], [3, 0], [2, -10], [-1, -1], [-4, -1], [1, -3], [-5, 0], [0, -6], [3, -5], [0, -5], [-2, -3], [-1, 0], [-4, 5], [-1, 9], [-4, 5], [-2, 0], [-2, 7], [-1, 2], [-1, 3], [-6, 2], [0, -2], [-12, -1], [-1, 0]], [[16388, 97399], [34, 6], [60, -4], [101, 43], [90, 47], [72, 30], [93, 26], [113, 43], [115, 39], [193, 65], [77, 24], [188, 63], [195, 66], [74, 25], [78, 25], [95, 31], [152, 50], [97, 36], [154, 48], [170, 57], [73, 25], [206, 65], [201, 67], [172, 58], [60, 24], [457, 151], [665, 211], [414, 134], [238, 77], [89, 35], [24, 8], [49, 9], [123, 42], [354, 370], [88, 98], [25, 25], [30, 26], [320, 335], [101, 118], [1, 2], [1001, -223], [1016, -228], [658, -150], [141, -32], [266, -61], [104, -24], [198, -45], [113, -26], [151, -34], [165, -39], [116, -26], [62, -15], [105, -24], [76, -18], [103, -24], [100, -23], [56, -13], [57, -13], [47, -11], [65, -15], [54, -13], [72, -16], [168, -39], [77, -18], [140, -33], [136, -32], [251, -59], [103, -24], [125, -30], [66, -48], [185, -137], [151, -112], [48, -36], [43, -32], [50, -37], [88, -65], [56, -42], [63, -47], [29, -21], [25, -19], [37, -28], [67, -50], [111, -82], [67, -50], [61, -45], [57, -43], [70, -52], [86, -64], [82, -62], [30, -22], [30, -23], [63, -47], [60, -45], [63, -47], [78, -58], [42, -31], [44, -33], [42, -31], [100, -76], [53, -39], [62, -47], [74, -55], [72, -55], [59, -43], [56, -42], [39, -30], [64, -48], [62, -47], [69, -51], [77, -59], [62, -46], [44, -33], [65, -49], [168, -126], [34, -26], [58, -44], [116, -87], [43, -33], [28, -21], [58, -44], [91, -69], [97, -73], [69, -52], [57, -43], [66, -50], [90, -68], [22, -16], [84, -64], [33, -25], [84, -64], [68, -51], [63, -48], [47, -36], [69, -52], [47, -35], [54, -42], [79, -59], [48, -37], [59, -45], [61, -46], [54, -41], [67, -51], [50, -38], [37, -29], [27, -14], [51, -28], [78, -42], [70, -37], [57, -31], [70, -38], [59, -32], [52, -28], [53, -29], [42, -22], [77, -42], [63, -34], [49, -27], [59, -32], [61, -33], [59, -32], [69, -38], [74, -40], [42, -23], [47, -25], [37, -20], [85, -46], [61, -33], [120, -66], [60, -32], [52, -29], [57, -31], [69, -37], [60, -33], [57, -31], [60, -33], [52, -28], [59, -32], [57, -32], [62, -33], [60, -33], [132, -72], [54, -30], [54, -29], [50, -28], [74, -40], [48, -26], [60, -33], [61, -34], [53, -29], [58, -32], [65, -35], [65, -36], [51, -28], [54, -30], [54, -51], [24, -23], [37, -34], [156, -147], [168, -158], [191, -181], [161, -152], [155, -146], [153, -145], [183, -174], [339, -322], [227, -216], [166, -157], [175, -167], [88, -84], [168, -160], [94, -90], [167, -160], [223, -213], [134, -127], [129, -124], [163, -157], [193, -185], [184, -177], [79, -75], [60, -58], [76, -73], [112, -107], [48, -47], [99, -95], [161, -156], [40, -38], [174, -168], [39, -37], [3, -3], [61, -60], [29, -27], [40, -39], [180, -174], [54, -52], [167, -162], [141, -137], [180, -174], [45, -44], [171, -165], [122, -120], [170, -164], [130, -127], [141, -137], [79, -77], [131, -128], [186, -181], [187, -183], [167, -163], [65, -64], [118, -116], [91, -89], [58, -57], [105, -102], [77, -76], [137, -135], [69, -67], [49, -48], [72, -71], [127, -125], [90, -88], [97, -95], [64, -64], [119, -117], [73, -72], [45, -44], [101, -99], [116, -115], [135, -134], [174, -171], [65, -65], [182, -180], [104, -102], [138, -138], [132, -130], [172, -171], [65, -64], [185, -184], [177, -176], [184, -184], [184, -182], [627, -627], [72, -71], [131, -132], [63, -63], [98, -127], [81, -80], [77, -77], [88, -89], [100, -103], [175, -177], [82, -89], [74, -78], [137, -128], [41, -56], [55, -28], [73, 5], [99, -4], [35, -14], [11, 1], [20, -3], [95, -13], [105, -7], [66, 5], [28, -3], [190, -21], [112, -6], [10, 1], [10, -4], [17, 0], [43, -5], [130, -19], [144, -20], [101, -7], [139, -9], [36, -15], [75, -9], [127, -13], [204, -17], [196, -26], [59, -4], [84, -10], [210, -24], [147, -15], [85, -11], [160, -18], [247, -30], [257, -20], [158, -10], [110, -6], [156, -9], [67, -7], [192, -19], [236, -23], [119, -10], [75, -7], [133, -13], [153, -17], [176, -29], [110, -20], [83, -15], [78, -9], [127, -13], [163, -10], [194, -12], [209, -18], [96, -9], [303, -38]], [[49522, 71589], [-28, -48], [-39, -86], [-29, -52], [-38, -65], [-35, -53], [-27, -40], [-36, -84], [-55, -62], [-51, -47], [-60, -49], [-51, -15], [-55, -11], [-49, -9], [-52, -6], [-38, 4], [-44, 3], [-42, 0], [-46, -7], [-35, -18], [-34, -25], [-32, -18], [-61, -23], [-46, -46], [-39, -36], [-45, -46], [-38, -24], [-36, -35], [-25, -21], [-33, -17], [-20, 1], [-3, 0]], [[48300, 70654], [-13, 12], [-20, 19], [-58, 60], [-43, 38], [-70, 93], [-20, 53], [-32, 53], [-14, 40], [-42, 106], [-62, 84], [-32, 33], [-53, 72], [-81, 122], [-47, 56], [-24, 46], [-57, 127], [-25, 64], [-22, 36], [-21, 47], [-71, 160], [-33, 36], [-55, 90], [-57, 40], [-70, 113], [-122, 118], [-152, 90], [-97, 77], [-77, 85], [-91, 99], [-82, 50], [-11, 7], [-69, 49], [-59, 41], [-69, 43], [-47, 51], [-43, 65], [-76, 58], [-47, 85], [-117, 74], [-76, 50], [-68, 52], [-55, 22], [-78, 34], [-51, 17], [-120, 41], [-95, 6], [-182, -14], [-106, -10], [-78, -59], [-123, -116], [-58, -65], [-34, -68], [-40, -48], [-48, -42], [-52, -45], [-81, 5], [-48, 41], [-20, 74], [-4, 42], [9, 85], [-46, 51], [-68, -1], [-65, 21], [-58, 52], [1, 102], [58, 139], [45, 204], [18, 109], [6, 26], [12, 208], [-60, 199]], [[16388, 97399], [-19, -39], [-33, -53], [-22, -68], [21, -74], [38, -82], [7, -40], [0, -33], [-7, -31], [-23, -39], [-23, -16], [-21, -22], [-28, -37], [-6, -30], [-9, -29], [5, -111], [-8, -58], [25, -67], [35, -70], [28, -75], [3, -30], [3, -28], [-15, -29], [-17, -33], [-16, -41], [-6, -42], [10, -36], [9, -46], [-5, -48], [-18, -52], [-17, -52], [14, -46], [13, -33], [24, -47], [22, -72], [21, -29], [9, -64], [3, -38], [-29, -32], [-44, -29], [-29, -50], [2, -37], [0, -32], [16, -83], [22, -67], [23, -99], [32, -79], [0, -92], [-7, -50], [-46, -64], [-37, -29], [-34, -58], [-12, -41], [-6, -47], [8, -37], [2, -38], [10, -42], [5, -48], [1, -53], [-3, -44], [-5, -32], [-43, -73], [-45, -52], [2, -58], [1, -32], [-37, -88], [-24, -8], [-50, -48], [-24, -34], [5, -43], [9, -42], [42, -43], [24, -15], [40, -11], [32, 3], [22, 5], [42, 32], [53, 26], [36, -15], [67, -28], [39, 6], [72, 26], [45, -14], [54, -47], [36, -71], [28, -44], [20, -40], [20, -34], [31, -65], [72, -59], [34, 30], [9, 47], [13, 37], [34, 36], [37, 13], [29, -31], [32, -40], [4, -62], [-31, -55], [-34, -30], [-35, -46], [-23, -65], [7, -40], [14, -62], [42, -52], [63, 7], [33, 31], [31, 46], [29, 33], [49, 1], [37, -50], [43, -47], [53, -64], [24, -78], [-5, -84], [-25, -64], [-8, -33], [24, -82], [17, -40], [36, -59], [24, -35], [22, -81], [-3, -70], [-26, -85], [-8, -61], [-17, -64], [-18, -88], [0, -95], [-5, -85], [9, -37], [14, -51], [15, -67], [20, -72], [15, -50], [20, -41], [55, -37], [28, 11], [36, 30], [29, 3], [37, -10], [38, -13], [27, -1], [40, 9], [37, 21], [26, 37], [24, 56], [38, 38], [67, 6], [46, 26], [75, 32], [48, 14], [59, 35], [91, 9], [69, 0], [75, 3], [73, -3], [90, -6], [63, 3], [84, 0], [90, 9], [76, 20], [82, 20], [54, 13], [24, 16], [48, 26], [30, 25], [46, 34], [70, 11], [57, -6], [72, -7], [103, 3], [96, 0], [88, -16], [74, -20], [68, -20], [20, 18], [71, 7], [64, 13], [68, 18], [50, -13], [58, -38], [19, -34], [31, -47], [6, -40], [1, -39], [7, -57], [26, -28], [49, -25], [22, -3], [54, 6], [14, 35], [13, 44], [33, 51], [34, 12], [100, -6], [60, -9], [63, 15], [48, 20], [50, 45], [44, 41], [20, 16], [30, 36], [37, 32], [37, 35], [31, 28], [33, 32], [46, 42], [30, 15], [24, 7], [41, -7], [41, 20], [24, 23], [36, 14], [29, 3], [47, 0], [36, -12], [46, -19], [36, 20], [61, 8], [52, 0], [67, 3], [92, 1], [96, 0], [85, 17], [39, -1], [71, -3], [68, 4], [85, -9], [89, -2], [83, 2], [87, -17], [106, -17], [89, -24], [70, -14], [66, -21], [77, -23], [29, -32], [72, -47], [56, -43], [60, -65], [52, -59], [68, -66], [63, -49], [73, -16], [74, 9], [54, 20], [37, 27], [59, 49], [35, 16], [75, 35], [35, 7], [42, 4], [36, -4], [57, -16], [38, 2], [63, -18], [42, -13], [51, 3], [52, 39], [53, 15], [40, -32], [51, -28], [35, -27], [35, 1], [33, 19], [30, 36], [47, 6], [39, -3], [48, -47], [30, -33], [68, -67], [57, -60], [78, -62], [61, -37], [80, -48], [74, -28], [78, 0], [-6, 8], [62, 17], [33, 9], [57, 29], [39, 27], [58, 18], [67, 57], [57, 32], [62, 18], [31, 7], [27, -27], [28, -35], [44, -113], [35, -54], [68, -25], [61, -9], [60, -15], [39, -46], [43, -46], [31, -51], [26, -32], [35, -63], [22, -45], [54, -43], [50, -27], [60, -23], [38, -34], [48, -15], [34, -27], [37, -57], [43, -55], [37, -48], [52, -40], [48, -44], [44, -8], [53, 2], [65, -3], [76, -2], [83, 11], [43, 14], [62, 7], [44, 15], [71, 35], [20, 42], [27, 39], [15, 52], [23, 44], [22, 37], [28, 24], [32, 14], [27, 15], [14, 30], [20, 34], [41, 73], [8, 11], [65, 65], [41, 12], [54, 3], [35, 3], [66, -4], [52, -14], [50, -24], [34, -20], [26, -18], [37, -44], [31, -28], [39, -7], [96, 0], [47, -8], [28, -23], [47, -58], [43, -20], [47, -15], [49, 8], [51, 18], [72, -8], [37, -10], [33, -34], [5, -1], [53, -44], [56, -16], [71, -15], [102, -27], [89, -20], [85, -27], [85, -17], [92, -18], [71, -23], [110, -14], [81, -17], [60, -12], [73, 17], [55, 9], [56, 3], [72, 21], [84, 2], [76, 9], [84, 30], [90, 16], [63, 22], [74, 28], [83, 33], [65, 13], [88, 13], [64, -15], [20, 9], [65, 6], [88, -20], [94, -12], [98, -15], [126, -15], [121, -34], [115, -41], [74, -55], [78, -48], [35, -22], [15, -54], [-9, -52], [-25, -40], [16, -53], [46, -59], [40, -49], [17, -81], [2, -70], [-12, -72], [-3, -94], [2, -113], [-11, -77], [-42, -67], [-12, -57], [-20, -64], [-6, -117], [2, -109], [24, -92], [36, -74], [66, -31], [48, 9], [39, 31], [25, 42], [23, 48], [13, 65], [18, 62], [43, 67], [41, 74], [80, 67], [98, 30], [74, -6], [89, -8], [85, -15], [61, -17], [4, 2], [77, -5], [81, -19], [67, 0], [59, -16], [79, -7], [58, 6], [54, 26], [40, 27], [49, 37], [70, 27], [48, -9], [49, -63], [34, -60], [22, -43], [10, -12], [52, -28], [73, -12], [75, -9], [77, -17], [62, -1], [81, -22], [44, -58], [65, -43], [76, -12], [71, -3], [62, 3], [70, -17], [41, -23], [22, -51], [2, -61], [-34, -72], [-43, -70], [-67, -81], [-68, -77], [-69, -57], [-72, -64], [-17, -38], [5, -89], [0, -104], [23, -90], [19, -84], [60, -82], [60, -61], [87, -52], [81, -15], [81, -12], [61, 0], [80, 9], [90, -10], [69, -20], [79, -34], [70, -44], [56, -64], [34, -62], [22, -90], [42, -91], [44, -58], [58, -41], [48, -58], [27, -64], [15, -37], [35, -84], [41, -35], [59, -54], [45, -73], [48, -83], [50, -65], [49, -41], [48, -12], [41, -52], [46, -40], [46, -55], [48, -52], [60, -61], [53, -45], [58, -52], [26, -34], [16, -77], [-14, -57], [-42, -44], [-49, -47], [-62, -32], [-51, -6], [-68, -31], [-64, -23], [-81, -6], [-67, -7], [-71, -17], [-54, -20], [-69, -9], [-64, -15], [-67, -38], [-68, -58], [-44, -54], [-52, -71], [-14, -72], [-4, -71], [-5, -96], [1, -95], [-7, -93], [-1, -88], [-25, -44], [-42, -41], [-44, 11], [-41, 22], [-47, 42], [-38, 31], [-45, -13], [-65, -28], [-63, -19], [-53, -10], [-51, -10], [-56, 18], [-47, 15], [-70, 25], [-63, 1], [-55, -20], [-60, -30], [-53, -49], [-48, -49], [-16, -59], [-10, -78], [-19, -60], [-32, -39], [-54, -36], [-46, -20], [-33, -50], [-9, -70], [-11, -47], [-31, -58], [-91, 0], [-44, 4], [-47, 6], [-51, -1], [-57, -37], [-46, -21], [-50, -1], [-50, -10], [-44, -27], [-33, -85], [31, -55], [42, -66], [26, -48], [14, -57], [-17, -109], [-18, -137], [-4, -130], [1, -131], [8, -102], [-8, -119], [16, -117], [-9, -82], [13, -93], [2, -105], [6, -93], [5, -49], [6, -78], [13, -77], [28, -49], [49, -5], [39, 26], [26, 40], [9, 65], [11, 48], [31, 38], [50, 10], [61, 5], [82, 0], [38, -58], [-2, -87], [-18, -76], [-19, -94], [-5, -92], [0, -83], [-2, -128], [15, -113], [43, -75], [59, -102], [46, -83], [24, -115], [23, -114], [23, -117], [27, -82], [54, -66], [66, -39], [45, -44], [1, -63], [-14, -71], [-24, -67], [-22, -75], [-8, -64], [10, -84], [20, -91], [21, -108], [29, -66], [30, -103], [7, -38], [11, -64], [13, -104], [2, -82], [-22, -49], [-148, -41], [-101, 25], [-94, 30], [-90, 3], [-90, -3], [-78, -17], [-118, -49], [-86, -47], [-77, -77], [-50, -89], [-33, -114], [-23, -119], [-18, -59], [-4, -93], [-27, -55], [-39, -76], [-30, -105], [-36, -107], [-20, -110], [-25, -138], [-14, -193], [-5, -198], [4, -21]], [[25017, 77117], [-3, 10], [-4, 8], [-17, 81], [-27, 85], [-32, 42], [-13, 17], [-12, 19], [-15, 15], [-67, 69], [-79, 57], [-75, 48], [-139, 42], [-53, 6], [-66, 19], [-140, 98], [-137, 33], [-100, 61], [-150, 67], [-97, 40], [-53, 5], [-181, 89], [-92, 35], [-129, 45], [-90, 29], [-85, 33], [-105, 82], [-83, 48], [-88, 66], [-67, 38], [-59, 28], [-41, 41], [-48, 30], [-33, 33], [-25, 24], [-55, 59], [-51, 55], [-44, 50], [-53, 49], [-53, 22], [-87, 96], [-79, 56], [-66, 38], [-100, 90], [-85, 95], [-86, 100], [-74, 71], [-50, 52], [-58, 69], [-78, 83], [-48, 72], [-48, 44], [-30, 30], [-24, 56], [-61, 63], [-110, 146], [-55, 59], [-93, 83], [-81, 64], [-64, 43], [-85, 69], [-34, 39], [-39, 18], [-23, 5], [-57, 54], [-66, 66], [-23, 14], [-84, 45], [-77, 32], [-56, 30], [-52, 31], [-68, 39], [-83, 73], [-63, 57], [-81, 66], [-50, 47], [-37, 44], [-23, 13], [-63, 52], [-85, 69], [-49, 33], [-66, 51], [-74, 67], [-53, 57], [-86, 71], [-60, 50], [-26, 32], [-117, 67], [-91, 44], [-103, 57], [-91, 14], [-75, -5], [-77, 4], [-95, -42], [-69, -17], [-17, -5], [-57, -17], [-66, -12], [-96, -40], [-188, -103], [-119, -78], [-123, -59], [-118, -55], [-137, -10], [-96, -39], [-69, 43], [-30, 36], [-34, 65], [-2, 19], [-24, 133], [35, 121], [44, 84], [12, 43], [17, 40], [43, 96], [31, 110], [39, 115], [47, 93], [37, 85], [55, 90], [67, 111], [122, 189], [74, 97], [97, 123], [85, 61], [81, 108], [28, 63], [13, 66], [-2, 59], [-12, 23], [-35, 27], [-56, 33], [-34, 31], [-58, 36], [-66, 36], [-46, 29], [-31, 26], [-65, 61], [-159, 112], [-78, 52], [-100, 61], [-48, 62], [-67, 35], [-66, 38], [-74, 22], [-67, 11], [-69, 22], [-72, 14], [-129, 35], [-77, 12], [-126, 68], [-69, 39], [-33, 16], [-37, 18], [-73, 35], [-163, 74], [-180, 118], [-79, 50], [-91, 45], [-42, 70], [-76, 54], [-120, 95], [-45, 32], [-43, 74], [-53, 42], [-140, 123], [-84, 64], [-83, 62], [-102, 71], [-95, 63], [-64, 48], [-50, 47], [-89, 73], [-116, 69], [-154, 154], [-142, 121], [-68, 74], [-55, 58], [-54, 80], [-49, 89], [-51, 55], [-50, 73], [-67, 108], [-36, 54], [-5, 8], [-17, 18], [-19, 20], [-15, 18]], [[14203, 86341], [19, 6], [72, 265], [41, 111], [22, 60], [26, 69], [174, 477], [151, 405], [77, 212], [36, 99], [19, 51], [23, 56], [71, 188], [37, 95], [7, 16], [1566, 1065], [-169, 235], [-135, 244], [-138, 192], [-188, 255], [-160, 214], [-132, 180], [-231, 309], [-96, 129], [-134, 181], [-150, 204], [-184, 250], [-13, 10], [-94, 131], [-69, 82], [-12, 21], [-11, 10], [-24, 33], [-14, 28], [-44, 59], [-9, 9], [-122, 143], [-13, 28], [-37, 55], [-51, 71], [-33, 49], [-21, 24], [-34, 45], [-21, 32], [-157, 205], [-45, 55], [-56, 82], [-35, 50], [-19, 24], [-46, 69], [-23, 32], [-25, 31], [-17, 17], [-16, 23], [-13, 22], [-21, 24], [-29, 46], [-22, 34], [-10, 11], [-38, 50], [-27, 33], [-11, 11], [-32, 41], [-25, 36], [-21, 25], [-53, 62], [-42, 57], [-2, 5], [-10, 13], [-17, 14], [-24, 44], [-23, 28], [-26, 39], [-21, 31], [-65, 84], [-64, 89], [-26, 49], [-48, 59], [-40, 65], [-89, 147], [-101, 112], [-124, 134], [-59, 78], [-21, 26], [-30, 41], [-51, 67], [-49, 66], [-33, 43], [-24, 33], [-56, 74], [-56, 75], [-41, 53], [-34, 47], [-35, 47], [-32, 42], [-64, 85], [-44, 59], [-34, 44], [-36, 47], [-24, 35], [-37, 48], [-83, 109], [-36, 44], [26, 8], [70, 24], [85, 29], [57, 19], [52, 16], [44, 17], [36, 13], [27, 6], [4, 3], [6, 0], [8, 6], [59, 19], [350, 126], [447, 147], [312, 103], [117, 37], [74, 23], [34, 19], [68, 26], [334, 117], [121, 40], [201, 71], [346, 120], [116, 43], [183, 55], [153, 58], [206, 70], [202, 68], [56, 19], [292, 99], [210, 66], [110, 36], [98, 37], [21, 4]], [[25017, 77117], [73, 43], [78, 65], [23, 42], [42, 21], [54, 50], [44, 41], [109, 90], [50, 49], [92, 53], [23, 13], [165, 96], [35, 15], [33, 3], [73, 28], [192, 60], [71, 22], [59, 34], [302, 164], [64, 44], [90, 31], [44, 27], [32, 52], [54, 53], [18, 16], [36, 11], [35, 16], [41, 14], [39, 35], [31, 19], [62, 40], [95, 32], [36, 26], [40, 8], [99, 64], [67, 52], [64, 48], [37, 37], [162, 65], [48, 24], [21, 11], [70, 24], [98, 45], [40, 15], [51, 19], [73, 47], [76, 65], [68, 58], [37, 47], [17, 14], [24, 21], [46, 43], [43, 43], [30, 25], [33, 27], [21, 17], [23, 13], [11, 21], [33, 10], [28, 3], [54, -3], [35, 6], [32, -11], [45, 8], [37, -8], [118, 3], [177, 33], [49, 4], [52, 3], [75, -18], [29, -21], [39, -19], [29, -27], [24, -17], [26, -4], [117, 1], [34, 6], [81, 4], [42, -1], [69, 13], [38, 21], [57, 18], [25, 2], [73, 33], [89, -4], [62, -8], [49, -5], [28, -12], [44, -19], [34, 0], [60, -9], [55, -9], [56, 1], [36, -2], [104, -5], [31, -7], [48, 2], [26, -6], [51, 9], [73, 2], [113, -41], [44, -6], [63, 5], [37, -2], [72, 12], [91, -16], [96, 14], [18, -6], [40, -2], [60, -17], [87, -5], [29, 8], [33, -5], [10, -1], [118, 4], [96, 26], [75, 19], [31, 12], [39, 7], [36, -6], [43, 0], [42, -9], [53, -22], [30, -7], [32, -5], [93, -15], [57, 2], [61, 11]], [[32374, 79197], [22, 3], [14, 1], [51, 6], [104, 20], [67, -4], [64, -5], [69, -6], [146, -18], [96, -19], [68, -28], [43, -21], [24, -27], [45, -41], [50, -25], [31, -14], [66, -7], [54, -8], [23, -3], [66, 4], [41, 0], [44, -14], [42, -3], [48, -8], [67, -4], [49, -11], [100, -8], [42, 2], [18, 1], [77, -7], [31, 3], [75, 0], [69, -10], [118, -20], [15, -2], [24, 5], [68, -17], [43, -8], [66, 1], [63, -2], [40, 5], [41, 4], [29, 8], [50, -4], [53, -8], [32, -20], [36, -25], [29, -25], [89, -63], [41, -5], [56, 14], [53, 7], [22, 26], [17, 21], [57, 28], [48, 29], [32, 35], [27, 13], [55, 46], [82, 85], [62, 44], [21, 26], [25, 32], [14, 12], [45, 42], [40, 11], [38, -11], [10, -8], [32, -35], [9, -12], [25, -32], [13, -33], [26, -55], [25, -57], [56, -57], [45, -14], [67, -26], [34, -17], [71, -10], [45, -27], [75, -17], [64, -23], [94, -16], [50, -23], [55, -17], [84, -44], [63, -32], [91, -34], [37, -8], [54, -17], [69, -5], [77, -23], [71, -4], [95, -25], [94, -22], [175, 4], [100, -16], [68, -17], [101, -34], [89, -53], [92, -53], [78, -77], [30, -61], [23, -46], [8, -62], [-26, -71], [-26, -57], [12, -35], [51, -47], [53, -26], [34, -33], [26, -67], [10, -57], [16, -55], [31, -48], [50, -36], [30, -23], [53, -29], [66, -20], [64, -9], [48, 14], [31, 34], [57, 16], [44, 19], [42, -28], [21, -32], [37, -39], [51, -59], [24, -22], [55, -6], [38, -5], [32, 0], [37, -8], [43, -17], [60, -26], [43, -36], [60, -57], [28, -57], [24, -76], [-2, -58], [-26, -109], [-40, -40], [-29, -65], [-5, -77], [12, -75], [-14, -53], [0, -75], [2, -40], [5, -12], [4, -24], [40, -41], [44, -11], [20, -4], [59, -10], [28, -13], [43, -31], [15, -27], [4, -29], [-15, -37], [-23, -32], [-24, -58], [-2, -55], [23, -33], [35, -29], [49, 10], [61, 35], [25, 33], [23, 16], [20, 25], [66, 40], [43, -7], [38, -17], [49, -40], [25, -31], [16, -22], [29, -27], [34, -16], [45, 1], [37, -19], [34, -21], [71, -53], [62, -49], [51, -24], [50, 0], [17, 4], [21, 4], [8, -2], [55, -6], [6, 1], [70, 3], [39, -12], [31, -11], [31, -26], [26, -16], [5, -6], [38, -42], [41, -42], [39, -32], [34, -2], [20, 10], [48, 42], [26, 38], [25, 56], [69, 47], [47, 34], [55, 41], [21, 27], [45, 47], [38, 31], [49, 23], [25, -21], [20, -7], [14, -1], [34, 7], [33, 17], [36, 26], [12, 8], [49, 71], [16, 36], [16, 48], [19, 39], [34, 30], [45, -5], [35, -4], [58, -22], [24, -7], [18, -1], [25, -1], [34, 22], [43, 8], [14, 1], [34, -8], [11, -5], [57, -48], [35, -24], [29, -3], [35, 1], [75, 0], [38, -26], [19, -38], [23, 17], [26, 41], [28, 34], [38, 59], [28, 35], [44, 4], [12, -32], [3, -52], [0, -53], [-3, -44], [-1, -48], [-2, -87], [13, -68], [18, -46], [37, -33], [57, -4], [30, 36], [-4, 112], [-12, 93], [3, 36], [3, 78], [3, 82], [33, 77], [20, 15], [41, 1], [21, -11], [29, -57], [17, -33], [13, -16], [8, -10], [32, -30], [33, 25], [20, 19], [34, 33], [34, 9], [29, -15], [28, -31], [40, -37], [24, -6], [12, 30], [34, 36], [25, 17], [31, -7], [31, -12], [17, -8], [55, 11], [43, 26], [10, 9], [43, 37], [23, 9], [40, 49], [26, 24], [35, 32], [32, 13], [39, -2], [20, -25], [20, -50], [21, -57], [16, -34], [26, -20], [24, -6], [18, 7], [78, -34], [45, -18], [30, -23], [33, -19], [30, -5], [38, 9], [38, 32], [28, 31], [52, -15], [18, -48], [41, -26], [42, -15], [26, 2], [24, 5], [37, 33], [14, 37], [21, 38], [42, 39], [16, 22], [21, -10], [24, -13], [18, -18], [24, -27], [37, -58], [61, -100], [65, -126], [53, -90], [34, -69], [14, -73], [2, -72], [-16, -69], [-32, -55], [-53, -60], [-32, -72], [-9, -78], [-14, -145], [30, -162], [30, -85], [42, -189], [19, -79], [3, -120], [74, -248], [17, -65]], [[44554, 74358], [-100, -97], [-62, -53], [-32, -29], [-118, -137], [-211, -230], [-57, -65], [-96, -99], [-86, -116], [-52, -80], [-69, -63], [-42, -70], [-14, -103], [2, -127], [-21, -151], [-48, -235], [-18, -177], [-7, -67], [2, -144], [-17, -137], [-13, -176], [5, -126], [4, -65], [5, -63], [4, -57], [5, -51], [20, -172], [37, -116], [6, -447], [10, -174], [-37, -129], [-102, -15], [-110, -3], [-121, 7], [-47, -9], [-72, -14], [-127, -40], [-135, -21], [-89, -4], [-87, -4], [-88, 9], [-53, -19], [-27, -62], [-33, -83], [-48, -32], [-44, 13], [-72, 66], [-55, 57], [-109, 19], [-69, -40], [-68, -101], [-21, -96], [21, -82], [-17, -93], [-55, -32], [-202, -9], [-79, -5], [-61, -22], [-58, -39], [-30, -70], [-13, -46], [-11, -43], [-12, -50], [-10, -50], [-15, -69], [-16, -131], [0, -58], [-4, -58], [11, -73], [21, -50], [27, -31], [76, -29], [48, 5], [80, -16], [72, -46], [30, -96], [5, -34], [3, -24], [-19, -69], [-44, -12], [-49, -11], [-93, -23], [-99, -43], [-120, -65], [-106, -54], [-76, -49], [-23, -49], [27, -78], [1, -76], [-28, -28], [-25, -66], [24, -51], [41, -74], [7, -76], [-12, -76], [-27, -72], [-43, -70], [-53, -42], [-38, -90], [-11, -90], [-1, -48], [0, -48], [-20, -87], [-32, -52], [-90, -160], [-38, -80], [-23, -31], [-24, -32], [-10, -14], [-61, -91], [-57, -69], [-69, -71], [-75, -94], [-48, -56], [-43, -46], [-51, 9], [-51, -25], [-27, -56], [-13, -31], [-15, -34], [-48, -50], [-40, -18], [-42, 17], [-29, 61], [-29, 56], [-62, 119], [-85, 33], [-56, -1], [-58, -22], [-48, -49], [-55, -80], [-32, -83], [-38, -84], [-53, -22], [-34, 24], [-49, 47], [-62, 5], [-44, -66], [-48, -94], [-60, -49], [-65, -44], [-65, -45], [-48, -29], [-47, 13], [-53, -5], [-5, -8], [-7, -11], [-23, -37], [-40, -35], [-47, 9], [-33, 34], [-62, 16], [-17, -45], [-1, -99], [32, -103], [17, -99], [-19, -134], [-55, -108], [-63, -100], [-39, -84], [-71, -101], [-42, -86], [-38, -76], [-36, -74], [-29, -66], [-27, -64], [-49, -90], [-59, -63], [-56, -39], [-10, -7], [-86, -15], [-17, -20], [-64, -75], [-60, -87], [-34, -34], [-72, -73], [-61, -62], [-61, -61], [-66, -68], [-114, -74], [-96, 35], [-81, 49], [-70, -25], [-42, -49], [21, -51], [8, -58], [-19, -103], [-62, -126], [-21, -64], [-21, -67], [-78, -77], [-47, 16], [-37, 71], [15, 52], [60, 80], [-25, 51], [-70, 74], [-98, 18], [-44, -11], [-50, -11], [-36, -18], [-53, -26], [-30, -47], [-35, -54], [-18, -56], [-19, -58], [-18, -43], [-19, -47], [-12, -20], [-33, -56], [-44, -59], [-46, -60], [-81, -84], [-40, -29], [-46, -35], [-58, -60], [-48, -76], [7, -113], [14, -106], [23, -49], [18, -37], [6, -12], [39, -75], [37, -85], [27, -89], [14, -107], [-18, -182], [-20, -67], [-19, -67], [-21, -34], [-19, -30], [-40, -65], [-10, -14], [-18, -26], [-30, -44], [-95, -8], [-79, 69], [-81, 67], [-85, 36], [-84, -5], [-48, -60], [-16, -28], [-34, -55], [-39, -107], [-24, -44], [-23, -43], [-59, -53], [-61, 12], [-107, -44], [-41, -21], [-48, -25], [-78, -67], [-63, -98], [7, -82], [29, -105], [-1, -124], [-26, -29], [-29, -34], [-41, -56], [-52, -80], [4, -54], [5, -52], [16, -36], [18, -39], [4, -26], [3, -28], [7, -56], [-53, -62], [-66, -2], [-93, 63], [-88, 87], [-108, 42], [-51, -43], [-84, -152], [-21, -155], [39, -88], [34, -65], [-4, -78], [-83, -91], [-78, -68], [-11, -10], [-95, -92], [-89, -88], [-73, -90], [-47, -97], [-13, -39], [-19, -54], [-8, -22], [-12, -68], [-14, -70], [-26, -52], [-26, -51], [-68, -105], [-86, -33], [-70, -2], [-79, 19], [-54, 13], [-35, 4], [-97, 13], [-73, 7], [-61, 6], [-64, 4], [-21, 2], [-33, 3], [-43, -13], [-46, -14], [-100, 15], [-48, 25], [-52, 28], [-77, -12], [-95, -78], [-11, -20], [-7, -16], [-17, -36], [-15, -29], [-8, -17], [-6, -16], [-51, -133], [-34, -138], [-15, -45], [-16, -43], [-31, -90], [-54, -96], [-32, -55], [-33, -67], [-73, -145], [-6, -8], [-8, -11], [-14, -18], [-29, -36], [-14, -6], [-13, -6], [-28, -12], [-54, -24], [-114, -92], [-36, -70], [-36, -72], [-25, -29], [-24, -30], [-50, -60], [-93, -122]], [[31848, 57688], [-1, 0], [-23, 6], [-48, 9], [-53, 3], [-77, 12], [-96, 32], [-108, 50], [-99, 95], [-59, 68], [-63, 98], [-54, 74], [-69, 62], [-71, 51], [-139, 17], [-57, -19], [-21, -3], [-72, -11], [-91, -27], [-87, 24], [-76, 27], [-120, 68], [-84, 19], [-109, -11], [-84, -34], [-73, -43], [-85, -45], [-50, -41], [-50, -67], [-99, -187], [-15, -25], [-30, -65], [-26, -68], [-40, -74], [-13, -62], [-40, -74], [-25, -65], [-46, -73], [-38, -61], [-45, -32], [-36, -25], [-74, -18], [-88, -4], [-113, 7], [-86, -4], [-59, -10], [-65, -26], [-16, -2], [-73, -16], [-87, 44], [-56, 42], [-34, 58], [-42, 70], [-69, 7], [-61, -3], [-53, -17], [-51, -38], [-80, -90], [-48, -62], [-32, -86], [-29, -70], [-10, -61], [-11, -74], [10, -77], [6, -81], [12, -112], [17, -85], [-3, -59], [-32, -33], [-50, 5], [-62, 25], [-57, 29], [-62, 21], [-50, 23], [-60, 40], [-94, 14], [-64, 2], [-107, -25], [-78, -18], [-66, -3], [-65, 14], [-63, 27], [-70, 39], [-84, 25], [-71, 4], [-74, 7], [-70, -2], [-47, 1], [-61, 23], [-23, 8], [-56, 27], [-56, 9], [-52, 13], [-82, 26], [-37, 22], [-44, 39], [-86, 77], [-55, 1], [-57, 8], [-64, 23], [-55, 36], [-57, 49], [-30, 66], [-31, 59], [-29, 50], [-42, 54], [-38, 68], [-26, 91], [-16, 101], [-26, 112], [-5, 49], [-4, 75], [-10, 75], [-7, 97], [21, 72], [-4, 91], [-1, 53], [-7, 63], [0, 152], [-3, 65], [3, 102], [1, 98], [14, 59], [7, 67], [30, 135], [8, 61], [-3, 69], [8, 62], [4, 63], [7, 71], [13, 61], [-7, 73], [-20, 51], [-25, 38], [-25, 48], [-15, 48], [-13, 41], [-13, 66], [-12, 61], [-1, 88], [4, 61], [6, 116], [10, 98], [28, 142], [-5, 110], [13, 82], [-3, 75], [-17, 54], [-4, 94], [-12, 56], [0, 1], [-13, 99], [0, 110], [4, 44], [-8, 61], [4, 110], [1, 71], [13, 210], [-9, 91], [14, 157], [9, 53], [9, 71], [1, 21], [0, 3], [2, 27], [4, 82], [-13, 58], [-29, 54], [-32, 77], [-27, 42], [-39, 78], [-13, 22], [-33, 65], [-22, 38], [-25, 64], [-34, 50], [-27, 51], [-33, 68], [-22, 60], [-10, 43], [-15, 87], [0, 57], [9, 81], [5, 66], [14, 124], [4, 57], [12, 84], [0, 54], [-21, 71], [-17, 65], [10, 56], [-28, 73], [-30, 68], [-32, 54], [-36, 61], [-43, 64], [-42, 68], [-36, 66], [-28, 87], [-19, 46], [-26, 50], [-39, 58], [-53, 50], [-38, 58], [-27, 65], [-19, 60], [-14, 69], [-12, 109], [-13, 59], [-36, 68], [-20, 37], [-42, 55], [-46, 58], [-47, 42], [-51, 64], [-46, 37], [-46, 34], [-63, 51], [-53, 43], [-45, 52], [-26, 55], [-7, 75], [-2, 18], [-2, 34], [0, 70], [6, 71], [-11, 83], [-38, 42], [-37, 13], [-47, 9], [-95, 9], [-50, 11], [-67, 5], [-91, 4], [-77, 6], [-62, 12], [-61, 7], [-61, 21], [-35, 29], [-28, 52], [-20, 65], [-10, 65], [-2, 83], [-3, 78], [4, 55], [3, 40], [6, 49], [7, 45], [8, 40], [8, 24], [3, 21], [4, 23]], [[23653, 66426], [5, 10], [15, 27], [9, 16], [19, 24], [8, 14], [7, 15], [39, 56], [48, 66], [45, 36], [35, 30], [37, 39], [30, 31], [15, 17], [16, 37], [21, 76], [14, 59], [56, 54], [21, 22], [24, 17], [16, 43], [30, 69], [10, 33], [30, 66], [20, 50], [26, 55], [46, 73], [29, 36], [37, 45], [28, 40], [33, 50], [82, 108], [38, 59], [88, 111], [37, 56], [34, 56], [44, 63], [33, 185], [13, 84], [33, 53], [8, 64], [17, 70], [26, 80], [23, 43], [11, 19], [63, 70], [19, 31], [48, 28], [49, 20], [53, 4], [39, 1], [104, -54], [37, -35], [32, -28], [27, -29], [29, -4], [61, -35], [3, -54], [-8, -60], [3, -51], [21, -65], [34, -51], [45, -39], [69, -11], [67, -32], [57, 8], [41, 2], [28, -14], [27, -24], [3, -20], [8, -36], [5, -22], [27, -63], [40, -13], [63, 38], [24, 95], [23, 119], [5, 38], [-12, 85], [-6, 33], [-12, 53], [3, 55], [9, 80], [21, 63], [-6, 64], [13, 89], [1, 90], [-10, 82], [-58, 93], [-49, 70], [-25, 56], [-17, 47], [-36, 85], [-26, 90], [-15, 86], [-26, 79], [-18, 78], [-40, 73], [-36, 71], [-31, 50], [-30, 71], [-12, 53], [-7, 53], [-12, 56], [-2, 70], [4, 73], [9, 134], [-5, 93], [-3, 106], [-14, 146], [-11, 157], [-8, 82], [-17, 102], [-30, 96], [-27, 150], [-39, 108], [-29, 114], [-37, 89], [-62, 152], [-32, 67], [-21, 60], [-45, 103], [-37, 68], [-56, 70], [-45, 64], [-29, 51], [-66, 82], [-63, 89], [-67, 54], [-74, 84], [-69, 44], [-51, 24], [-86, 79], [-77, 39], [-125, 27], [-104, 73], [-44, 57], [-36, 25], [-97, 66], [-132, 53], [-99, 58], [-168, 59], [-187, 82], [-160, 84], [-138, 67], [-56, 40], [-72, 73], [-44, 51], [-28, 68], [-23, 71], [-12, 113], [1, 48], [20, 91], [111, 215], [47, 84], [65, 95], [21, 76], [34, 85], [81, 126], [49, 111], [129, 148], [90, 177], [135, 156], [3, 0], [84, 167], [201, 228], [77, 184], [281, 264], [113, 63], [125, 188], [77, 111], [51, 93], [43, 146], [38, 67], [58, 123], [70, 111], [9, 41]], [[34026, 21663], [-4, -24], [-105, -64], [-102, -21], [-97, -5], [-207, 14], [-111, -3], [-115, 8], [-102, -15], [-107, -87], [-73, -123], [-118, -254], [-58, -154], [-80, -245], [-33, -143], [-38, -120], [-98, -361], [-34, -155], [-25, -149], [-16, -127], [-10, -139], [-19, -122], [-29, -121], [-51, -130], [-106, -104], [-99, -46], [-98, -39], [-106, -23], [-103, -3], [-145, 26], [-113, 67], [-105, 116], [-77, 129], [-118, 264], [-87, 141], [-106, 111], [-93, 70], [-199, 131], [-61, 34], [-46, 25], [-110, 118], [-69, 150], [-4, 123], [7, 261], [14, 121], [20, 268], [-9, 129], [-85, 274], [-27, 141], [-3, 134], [14, 129], [38, 248], [16, 273], [0, 134], [-26, 135], [-46, 138], [-87, 128], [-100, 58], [-301, 85], [-100, 47], [-92, 122], [-33, 125], [9, 121], [84, 118], [200, 238], [79, 118], [186, 238], [109, 68], [109, 46], [102, 18], [205, 21], [317, 72], [113, 34], [105, 63], [60, 118], [24, 121], [34, 138], [69, 241], [115, 266], [136, 260], [60, 131], [58, 146], [15, 123], [6, 145], [-4, 140], [-63, 251], [-37, 125], [-22, 135], [-30, 277], [11, 121], [38, 127], [47, 118], [84, 135], [102, 110], [105, 40], [108, 21], [97, -7], [97, -35], [98, -70], [97, -118], [70, -134], [63, -266], [21, -130], [37, -125], [55, -133], [68, -128], [94, -83], [100, -42], [104, 23], [307, 200], [221, 83], [112, 9], [115, -12], [231, -35], [113, 3], [200, 97], [212, 188], [130, 90], [101, 64], [100, 38], [102, 11], [101, -49], [93, -89], [97, -105], [82, -141]], [[32885, 3220], [1, 3], [4, 5], [0, 3], [8, 5], [3, 0], [2, 1], [6, 4], [1, 1], [7, 1], [13, 4], [0, -3], [10, -1], [2, -2], [6, -1], [1, -2], [3, 0], [0, -5], [-5, 0], [0, -2], [-8, -1], [-10, -5], [-28, -11], [-1, 3], [-1, -1], [-14, 0], [0, 4]], [[33091, 2685], [2, 2], [3, 1], [0, 3], [10, 5], [3, 3], [17, 2], [2, 2], [10, 0], [11, -2], [0, -5], [-2, 1], [-7, 0], [0, -1], [-8, -5], [-2, 1], [-1, -3], [-5, -8], [-4, -1], [-3, -6], [-3, -4], [-4, -2], [-1, -2], [-3, 0], [-3, 3], [-1, 3], [-4, 1], [-2, 5], [-3, 0], [0, 4], [-2, 0], [0, 3]], [[33315, 2773], [4, 4], [3, 1], [1, 3], [1, 4], [2, 2], [4, 2], [4, 3], [4, 4], [1, 0], [5, -3], [2, -3], [1, -3], [-4, 0], [0, -2], [-3, -3], [-1, -4], [-5, -2], [-3, -6], [0, -5], [-4, 0], [0, -3], [-8, 0], [0, 6], [-4, 5]], [[33405, 3168], [3, 2], [0, 11], [2, 12], [-1, 11], [3, 0], [0, 13], [-1, 3], [0, 9], [3, 0], [1, 1], [-1, 18], [-1, 8], [-4, 5], [1, 18], [-2, 2], [0, 6], [4, 4], [5, -1], [1, -2], [5, -1], [1, 1], [1, -5], [2, -3], [3, 0], [2, -4], [0, -6], [3, 0], [2, -3], [0, -7], [1, -2], [3, -8], [0, -4], [2, -9], [0, -3], [3, -6], [2, -12], [1, -3], [-1, -15], [4, -8], [0, -3], [9, -18], [2, -6], [2, -3], [3, 0], [2, -4], [0, -6], [3, 2], [1, -7], [4, -1], [2, -8], [3, -4], [0, -5], [-1, -1], [7, -7], [5, -1], [2, -5], [-2, 0], [2, -7], [4, -6], [3, -5], [1, -5], [8, -1], [2, -8], [3, 0], [4, -15], [2, 0], [2, -2], [2, -1], [2, -5], [-3, 0], [0, -1], [3, 0], [0, -4], [1, -1], [4, -16], [2, 0], [0, -4], [3, 0], [0, -3], [3, 0], [3, -6], [0, -5], [3, 0], [2, -3], [-1, -4], [3, 1], [0, -4], [4, -1], [0, -7], [4, -5], [4, -6], [1, -3], [2, -3], [3, 0], [1, -4], [2, -3], [0, -1], [-1, -2], [0, -7], [1, -1], [0, -4], [4, -4], [1, -5], [0, -5], [4, -2], [3, -8], [5, -6], [0, -5], [4, -5], [1, -3], [5, -4], [2, -1], [0, -3], [3, 0], [0, -2], [-3, 0], [1, -6], [0, -2], [5, -1], [2, -5], [1, -10], [4, -6], [0, -4], [3, -13], [4, -1], [3, -5], [1, -8], [4, -4], [2, -1], [-1, -5], [3, -2], [6, -3], [3, -4], [2, 0], [3, -10], [2, 0], [0, -3], [3, -1], [2, -3], [4, -2], [7, 0], [0, -4], [2, 0], [0, -3], [8, -4], [2, -3], [3, -1], [0, -3], [2, 0], [0, -6], [1, -4], [2, -1], [6, -4], [4, -5], [5, -3], [19, -4], [0, -3], [6, -2], [1, -9], [-4, 2], [-5, 0], [-4, -3], [-2, -1], [-1, -4], [-7, -1], [0, -4], [-7, -1], [-10, -5], [-5, 0], [-2, 2], [-16, -1], [-1, 2], [-8, 0], [-1, 1], [-15, 2], [-3, 3], [-9, 0], [-1, 1], [-11, 3], [-3, 2], [-2, -1], [0, 3], [-7, 1], [-11, 5], [-2, 7], [-3, 1], [-2, 2], [-2, 5], [-8, 10], [-6, 3], [-12, 3], [0, 4], [-4, 3], [-5, 1], [-3, 4], [-2, 2], [-4, 6], [-10, 5], [0, 5], [-5, 2], [-2, 4], [-6, 3], [-3, 6], [-8, 5], [-3, 3], [-7, 3], [-1, 2], [-6, 2], [0, 3], [-3, 0], [-1, 5], [-2, 3], [-3, 0], [0, 7], [-2, 1], [0, 12], [5, 2], [1, 2], [9, 3], [0, 3], [3, 2], [1, 8], [1, 3], [0, 3], [-2, 7], [-1, 3], [-3, 6], [-4, 3], [-2, 1], [-1, 3], [-2, 5], [-3, 3], [0, 3], [-1, 2], [-4, 7], [-7, 2], [0, 4], [-8, 1], [0, 3], [-5, 4], [-2, 1], [-2, 8], [-2, 1], [-1, 1], [-3, 11], [0, 3], [-1, 4], [-3, 4], [-3, 0], [0, 4], [-1, 0], [-3, 1], [0, 3], [-1, 1], [-10, 2], [-3, -3], [0, 3], [-1, 2], [-1, 3], [-3, 1], [-2, 2], [-2, 18], [-1, 25], [-1, 3], [0, 5], [1, 1], [-1, 9], [2, 27], [-1, 2], [-2, 26], [-1, 3], [-1, 25], [2, 1], [-2, 10]], [[33462, 1919], [12, 10], [3, 0], [2, 4], [4, 2], [4, 0], [6, 3], [9, 2], [1, -2], [37, -1], [3, -3], [14, -3], [3, -1], [16, -2], [4, -7], [-1, -6], [-5, 0], [0, 3], [-9, 0], [0, 3], [-9, 4], [-12, 1], [-6, 2], [0, -1], [-12, -3], [-23, -13], [-36, -1], [-1, 1], [0, 6], [-4, -2], [0, 4]], [[33486, 3250], [7, 2], [2, -4], [0, -6], [5, -18], [3, -3], [0, -7], [4, -5], [0, -3], [-1, -1], [3, 0], [3, -7], [1, -1], [0, -4], [4, -4], [3, -9], [3, -4], [3, -5], [2, -7], [6, -8], [1, -3], [7, -8], [2, -6], [6, -7], [0, -3], [6, -15], [1, -1], [3, -10], [3, -5], [2, -3], [0, -3], [4, -7], [7, -14], [0, -7], [4, -6], [0, -5], [2, -5], [1, -5], [2, 0], [5, -6], [1, -7], [4, -1], [6, -18], [3, 0], [2, -3], [1, -8], [4, -7], [4, -5], [2, -4], [0, -4], [2, 0], [1, -3], [2, -3], [3, -6], [5, -7], [1, -5], [3, -5], [3, -4], [0, -4], [2, -3], [3, -5], [1, -5], [3, -1], [2, -5], [2, 0], [2, -3], [3, -5], [5, -16], [0, -5], [-4, -3], [-2, -2], [5, -1], [7, -5], [5, 0], [0, -4], [2, -2], [3, -1], [3, -5], [3, -6], [1, -3], [7, -9], [3, -1], [2, -3], [0, -3], [-1, -1], [-5, 0], [-1, 1], [-8, 1], [0, 3], [-9, 1], [-9, 5], [-1, 4], [-4, 0], [-3, 3], [1, 8], [2, 0], [0, 3], [-2, 1], [-5, 4], [-1, 3], [3, 0], [-1, 8], [-2, 4], [3, 0], [-1, 1], [-1, 13], [-2, 0], [-1, 4], [-5, 6], [-3, 6], [-9, -1], [-6, 3], [0, 3], [-3, 1], [-2, 2], [-1, 7], [-3, 0], [-5, 6], [-2, 5], [-2, 4], [-4, 2], [1, 3], [-3, 1], [-9, 12], [3, 0], [-1, 4], [-1, 1], [0, 2], [2, 8], [0, 2], [-5, 3], [-1, 3], [-4, 5], [-3, 7], [-4, 0], [-3, 6], [-2, 6], [-3, 0], [-2, 11], [-1, 2], [0, 3], [-1, 2], [-4, 11], [-3, 4], [-3, 1], [0, 5], [-3, 0], [0, 3], [-3, 3], [-2, 10], [-4, 4], [-3, 2], [-5, 20], [-3, 2], [-4, 4], [0, 7], [-3, 0], [-3, 6], [-2, 12], [-3, 0], [-2, 6], [-1, 2], [-6, 4], [-2, 5], [-3, 3], [-3, 5], [-3, 18], [-4, 6], [-1, 15], [1, 3], [0, 10], [-1, 7], [-2, 1], [0, 5], [-4, 8], [1, 18], [-1, 0], [0, 2]], [[33492, 10876], [100, 302], [33, 119], [42, 125], [77, 116], [100, 69], [191, 109], [10, 6], [98, 61], [88, 116], [64, 118], [7, 20], [35, 105], [29, 120]], [[41689, 7310], [-51, -32], [-26, 27], [-9, -28], [-40, -27], [-42, -38], [-118, -173], [-93, -60], [74, -143], [0, -1], [-146, -200], [102, -157], [-57, -69], [0, -3], [-1, -6], [-32, -23], [86, -92], [59, -55], [85, -26], [233, -189], [49, -155], [-15, -5], [-8, 2], [-8, -1], [-7, 0], [-22, -7], [-51, -13], [-14, 6], [-1, -12], [-35, -38], [-47, -6], [-95, -7], [-24, 7], [-54, -87], [-52, -18], [-58, -43], [-145, -64], [-9, -102], [77, -205], [-24, -21], [-103, -115], [17, -3], [-12, -19], [-41, -19], [-51, -62], [33, -266], [-51, -25], [-16, -9], [-27, -72], [0, -60], [10, -111], [119, 73], [72, -86], [36, -42], [90, -19], [5, -66], [2, -38], [52, -73], [14, -88], [28, -116], [-42, 54], [-11, 35], [-30, 1], [6, -47], [-23, -9], [-10, -58], [-19, 18], [-32, 48], [-14, 5], [-20, -11], [-22, -69], [-22, 25], [-11, -3], [-22, 16], [4, 12], [-2, 12], [-5, 32], [8, 8], [-48, 27], [-5, 11], [-6, -12], [-2, -28], [-1, -58], [7, -5], [17, -10], [-19, -34], [-1, -18], [-5, -20], [-2, -40], [-6, -22], [2, -22], [10, -19], [1, -1], [9, -17], [-2, -21], [10, -10], [-10, -2], [-10, -1], [-7, -3], [-1, -16], [0, -26], [1, -21], [2, -30], [40, -25], [39, -27], [-5, -29], [4, -38], [-21, -17], [-35, -20], [-34, -12], [-16, -34], [-37, -6], [-48, -10], [-9, -5], [-27, -20], [-13, -2], [-27, -45], [-3, -45], [10, -54], [27, -12], [21, -62], [9, -65], [38, -25], [38, -33], [39, -26], [-4, -57], [23, -56], [47, -4], [19, 21], [25, 10], [14, -23], [90, -72], [0, -1], [7, -40], [9, -54], [19, -53], [18, -51], [42, -9], [52, -5], [44, -24], [23, -38], [-19, -50], [-25, -5], [-26, -44], [36, -37], [-30, -23], [27, -92], [44, -12], [35, -41], [-38, -17], [-13, -10], [-43, -34], [-20, 34], [-16, 7], [-39, -15], [-36, 9], [-27, 19], [-11, -55], [31, -42], [-29, -42], [-29, -45], [-31, -45], [-7, -57], [42, -4], [40, 12], [9, -58], [18, -49], [2, -57], [-33, -41], [45, -16], [-8, -48], [0, -106], [-37, -7], [-15, 39], [-39, -5], [-21, 2], [-22, 2], [-63, 39], [-47, 22], [-31, 15], [-90, 38], [-8, 6], [-19, 67], [-10, -22], [-99, -14], [35, -56], [23, -49], [10, -60], [16, -58], [-9, -49], [-24, -42], [11, -52], [2, -53], [-11, -56], [-49, -25], [8, -53], [-6, -66], [-16, 5], [-27, -292], [-42, -2], [-45, 0], [-78, 2], [-45, -2], [-43, 9], [-39, -29], [-44, -4], [-44, -2], [-44, -6], [-45, -5], [-7, 5], [-45, -5], [-43, -6], [-43, 1], [-41, -40], [-40, -20], [-39, -34], [-41, -27], [-37, -36], [-26, -45], [-7, -62], [-14, -120], [-11, -66], [-3, -59], [16, -54], [14, -52], [13, -53], [17, -55], [30, -35], [-31, -17], [-43, -7], [-43, 3], [-39, -26], [-45, -10], [-44, -9], [-44, -10], [-43, -9], [-44, -10], [-44, -9], [-43, -11], [-43, -9], [-46, -9], [-42, -10], [-16, 55], [-42, 24], [-36, 22], [-33, 37], [-49, 11], [-14, 2], [-44, 7], [-42, -2], [-8, 3], [-11, 4], [-1, 1], [-1, 3], [-3, 0], [-3, 4], [-1, 2], [4, 7], [0, 7], [-2, 25], [-4, 9], [-4, 18], [-1, 3], [-14, -10], [-2, -2], [-2, 0], [-1, 2], [-3, -2], [-16, -16], [-8, -7], [0, -3], [-1, 0], [-2, 3], [10, 10], [19, 18], [1, 0], [3, -1], [15, 10], [-1, 6], [-4, 9], [-1, 6], [-2, -2], [-1, 0], [-4, 3], [-3, 0], [-5, 2], [-1, 7], [2, 0], [0, 3], [-2, 0], [1, 6], [3, 0], [-1, 22], [4, 1], [0, 4], [6, -2], [0, 3], [3, 3], [2, 1], [2, 5], [2, 0], [1, 3], [-1, 10], [3, 0], [0, 10], [3, 3], [0, -3], [4, 1], [0, 4], [4, 1], [1, 5], [4, 3], [5, 1], [0, 3], [4, 0], [1, 10], [2, 0], [1, 8], [1, 1], [1, 17], [1, 0], [0, -3], [1, 0], [1, 9], [5, 2], [2, 5], [2, 0], [-1, 2], [1, 8], [4, 1], [1, -1], [0, 10], [2, 0], [0, 1], [-5, 1], [0, 6], [1, 1], [2, 14], [4, 1], [0, -3], [2, -2], [1, 13], [-2, 2], [-1, 10], [-1, 3], [-2, 34], [-4, 7], [-2, 16], [-2, 8], [2, 1], [3, -1], [-3, 4], [-3, 3], [0, 5], [-1, 5], [-2, 1], [0, 7], [-1, 3], [1, 6], [2, 0], [0, -3], [3, 0], [0, -3], [4, -2], [2, 0], [3, -4], [8, 1], [0, -3], [2, 0], [0, 7], [-3, 0], [-1, 3], [0, 1], [-14, 4], [0, 3], [-4, 0], [-1, 5], [-1, 1], [-1, 7], [2, 5], [0, 7], [-3, 1], [1, -5], [-8, 1], [-1, 5], [-5, 7], [-1, 3], [-4, 4], [7, 4], [-6, 8], [-3, 9], [-6, 14], [0, 2], [-3, 9], [-7, 13], [-5, 8], [-4, 3], [-3, 1], [-4, 6], [0, 7], [-13, 13], [-4, 6], [-3, 4], [-8, 12], [-6, 5], [-2, 3], [-5, 3], [-4, 4], [1, -10], [-2, -6], [-9, -2], [-1, -1], [-1, 0], [-3, 3], [-13, 5], [0, 4], [-6, 0], [-6, 5], [-5, 3], [1, 3], [-6, 1], [0, 4], [-13, 2], [-7, 9], [-1, 3], [0, 7], [-2, 4], [3, 0], [0, 5], [-5, 1], [0, 1], [-1, 5], [-5, 1], [-1, 0], [0, 4], [2, 2], [3, 1], [0, 2], [-8, -1], [-1, 7], [7, 2], [0, 1], [-10, 1], [-1, -1], [-3, 10], [10, -2], [-2, 5], [4, 2], [-4, 6], [4, 2], [-2, 3], [-5, 0], [0, 4], [3, 0], [0, 1], [-3, 1], [0, 1], [-1, 11], [-2, 3], [-1, 5], [4, 2], [1, 5], [-5, 2], [-1, 3], [2, 0], [1, 1], [0, 15], [-1, 2], [0, 3], [1, 2], [0, 1], [-1, 4], [-1, 18], [-3, 1], [0, 3], [6, 12], [-1, 3], [-2, 0], [-4, 3], [0, 4], [-4, 4], [-1, -3], [-2, -2], [0, 4], [-5, 5], [-2, 1], [0, 2], [5, 1], [0, 13], [-4, 0], [-4, 8], [-5, 2], [-1, 3], [-1, 2], [-1, 7], [-2, 1], [0, -3], [-2, 1], [-1, 7], [4, 0], [1, 10], [-4, -2], [0, 8], [3, -1], [3, 5], [0, 24], [-1, 3], [0, 5], [-2, 5], [0, 18], [-3, 5], [0, 4], [-3, 1], [-2, 8], [-2, 5], [-3, 3], [-2, 8], [-2, 2], [-1, 5], [-4, 4], [0, 7], [-4, 1], [-3, 3], [-3, 2], [1, 9], [-4, -1], [-1, 1], [-3, 1], [-1, 3], [-1, 2], [0, 5], [1, 1], [-3, 0], [1, 7], [-3, -2], [1, 5], [-3, 1], [-2, 4], [-1, 8], [-3, 3], [-1, 5], [0, 5], [-1, 5], [0, 12], [1, 11], [-2, 8], [2, 0], [0, 7], [-2, 2], [-3, 1], [1, 3], [-1, 3], [-1, 13], [-3, 1], [0, 3], [3, 8], [1, 6], [-3, 1], [0, 7], [3, 1], [4, 4], [-1, 0], [-1, 10], [3, 5], [0, 5], [2, 2], [0, 3], [1, 1], [-1, 2], [3, 13], [2, 0], [0, 4], [3, 0], [3, 16], [0, 13], [3, 0], [0, -3], [3, -1], [3, 2], [6, 1], [-2, 5], [0, 1], [2, 2], [0, 3], [-5, 3], [-4, -2], [-5, -3], [-1, 25], [-1, 3], [0, 3], [-2, 7], [-1, 11], [11, 0], [-1, 7], [10, 3], [-2, 4], [-2, 6], [3, 0], [-1, 7], [0, 3], [3, 0], [1, 5], [3, 0], [0, -3], [2, -2], [1, 8], [3, 0], [2, 20], [3, 0], [0, 5], [-1, -2], [5, 29], [4, 22], [3, 17], [0, 6], [1, 3], [0, 7], [1, 3], [4, 13], [3, 2], [2, 9], [3, 0], [0, 9], [-3, 9], [-3, 7], [2, 8], [1, 13], [2, 0], [1, 13], [-2, 5], [0, 7], [2, 9], [1, 10], [0, 4], [-3, -1], [4, 20], [-3, 1], [0, 4], [-3, 5], [-1, 5], [-3, 3], [0, 6], [1, 2], [-4, 0], [1, 2], [-2, 1], [-1, 3], [-2, 4], [0, 4], [-2, 1], [-25, 2], [0, 3], [26, -2], [-1, 6], [2, 0], [3, -4], [2, -2], [12, -1], [-2, 4], [0, 7], [2, 10], [0, 10], [2, 6], [3, 0], [0, 3], [-5, 3], [-2, 2], [0, 3], [2, 1], [0, 4], [-2, 0], [-2, 4], [2, 0], [0, 7], [-14, 6], [-8, 3], [-9, 5], [-6, 2], [-16, -2], [-19, 1], [-2, -1], [-5, -3], [0, -3], [-3, -4], [0, -3], [-3, 0], [-1, 3], [-3, 4], [-2, 1], [0, 4], [-7, 2], [-2, 3], [-4, 2], [-3, 5], [-1, 12], [6, 6], [5, 0], [7, 1], [1, -1], [4, -1], [0, -3], [7, -12], [1, -6], [6, 1], [5, 2], [-1, -3], [6, 0], [0, -3], [1, 1], [21, -1], [2, 1], [14, -5], [9, -2], [6, -4], [10, -6], [1, 5], [1, 2], [1, 7], [3, 1], [0, 4], [7, -8], [5, 0], [4, 4], [10, -3], [-5, 7], [-1, 3], [3, -2], [1, 7], [-2, 2], [0, 3], [-4, -2], [-1, 3], [-1, 2], [1, 8], [1, -1], [5, 1], [-2, 12], [-3, 5], [-3, 1], [0, 3], [-10, 4], [-1, 2], [-8, 1], [0, 3], [-6, 2], [-3, 4], [-5, 0], [0, 4], [-6, -1], [0, -3], [-3, 0], [-1, -11], [-7, -9], [-3, -2], [-5, -7], [-6, -3], [-1, -2], [-3, 0], [-2, -1], [-3, 0], [-2, 3], [-4, 1], [-3, 8], [-2, 3], [0, 15], [-1, 4], [0, 5], [-2, 5], [0, 28], [2, 0], [0, 3], [3, 2], [0, -3], [6, -2], [0, 3], [2, 0], [5, 20], [1, 28], [1, 3], [-1, 8], [0, 13], [-2, 1], [-4, 4], [-2, 10], [-1, 1], [-2, 1], [0, 3], [-4, -1], [-3, 1], [0, 3], [-2, 0], [-5, 13], [-1, 2], [-1, 6], [-3, 3], [-6, 14], [-4, 0], [0, -4], [1, -3], [0, -4], [3, -4], [0, -9], [8, -1], [2, -8], [3, -4], [0, -3], [-4, -6], [1, -5], [2, 0], [4, -7], [1, -3], [-5, -20], [-2, -11], [2, -2], [0, -1], [-3, -5], [0, -5], [-1, -3], [0, -12], [3, -3], [0, -3], [-3, 4], [-5, 3], [-8, 1], [-1, 3], [-3, 2], [-3, 6], [-6, 8], [-2, 7], [-2, 3], [0, 5], [-3, 5], [0, 27], [4, 4], [3, 1], [1, 20], [-1, 23], [-4, 21], [-3, 5], [0, 3], [-1, 2], [-1, 7], [1, 10], [-3, 8], [-5, 1], [0, 5], [2, 3], [0, 3], [-7, 19], [-5, 9], [-7, 7], [-7, 8], [-3, 5], [-3, 6], [-4, 7], [-4, 13], [-3, 6], [-6, 6], [-8, 7], [-2, -2], [-2, 0], [-1, 3], [-5, 1], [-6, 4], [-1, 5], [-4, 3], [-2, 5], [-5, 6], [-5, 10], [-2, 11], [0, 5], [5, 8], [6, 3], [5, -4], [10, 5], [3, 1], [4, 2], [1, -2], [1, -8], [7, -15], [7, -13], [10, -7], [15, -5], [5, -4], [9, -4], [6, -3], [0, 3], [2, -1], [1, -4], [7, 0], [-3, 2], [-4, 5], [-8, 5], [-9, 6], [-13, 6], [-4, 6], [-3, 5], [-8, 7], [-7, 6], [-3, 6], [-4, 12], [-5, 4], [-5, -1], [-6, 0], [-1, 2], [-3, -1], [-3, 3], [-7, 0], [-5, 8], [5, 6], [0, 2], [4, 6], [1, 7], [-7, 1], [0, 2], [2, 0], [0, 2], [-4, 0], [0, 3], [-2, 0], [0, -3], [-3, 0], [2, 4], [-4, 1], [-1, 1], [0, 2], [3, 5], [0, 1], [-5, -1], [1, 3], [-2, 4], [-2, 6], [0, 8], [-1, 1], [-1, 4], [8, 1], [-1, 1], [-9, 6], [-1, 6], [-3, 1], [-1, 1], [-3, 11], [0, 5], [-4, 5], [0, 3], [5, 2], [0, 1], [-4, 1], [-2, 3], [-3, 8], [-5, 6], [-1, 7], [-3, 5], [-3, 8], [-1, 5], [4, -2], [-2, 3], [0, 4], [-7, 0], [-1, 1], [-2, 7], [10, 1], [0, 4], [-5, -1], [0, 4], [-3, 3], [-4, 11], [-1, 2], [-1, 5], [-6, 6], [0, 4], [-3, 11], [-3, 3], [-1, 5], [4, 2], [3, 6], [-2, 12], [4, 0], [1, 8], [3, 0], [1, 5], [0, 2], [-5, 4], [0, 4], [-3, 0], [-5, 6], [-4, 5], [-2, 3], [-3, 4], [-2, 2], [-4, 3], [-7, 3], [-7, 4], [-5, 3], [-4, 3], [-8, 4], [-11, 6], [-20, -4], [-4, 6], [-3, 1], [0, 3], [-6, 2], [-1, 3], [-2, 2], [-5, 3], [0, 3], [-2, 0], [1, 3], [-2, 1], [-4, 6], [-2, 11], [3, 0], [0, -3], [1, 0], [0, 3], [6, -2], [2, 0], [5, 2], [0, 8], [-2, 7], [-2, 0], [-3, 18], [-5, 2], [-5, 7], [-3, 0], [0, 4], [-5, 2], [-2, 3], [0, 3], [-8, 1], [-1, 4], [-5, 2], [-4, 6], [-5, 3], [0, 3], [-8, 3], [0, 3], [-4, 1], [-1, 2], [-2, 1], [-1, 4], [-12, 15], [-2, 10], [-4, 3], [-3, 8], [1, 3], [0, 2], [-2, 3], [-3, 3], [-7, 9], [-2, 2], [-7, 3], [-5, 1], [-5, 2], [-2, 1], [-5, 4], [-3, 1], [-14, -23], [-15, 15], [-7, 10], [-5, -1], [-7, -3], [-18, -11], [-2, 1], [-4, -3], [-2, 0], [-2, -2], [0, -2], [-2, -2], [-2, 1], [-7, 0], [-2, 1], [-2, 0], [-1, 1], [0, 3], [2, 0], [3, -3], [4, 0], [1, 1], [1, 4], [2, 0], [2, -2], [2, 2], [1, 2], [4, 3], [1, -1], [5, 5], [2, 3], [-1, 2], [3, 10], [1, 2], [-3, 3], [-3, 8], [0, 4], [-7, 2], [-4, 1], [-3, -1], [-4, -4], [-5, -4], [-3, -2], [-1, -1], [1, -1], [1, 0], [2, -5], [0, -4], [4, 4], [1, 3], [1, 0], [0, -2], [-2, -3], [-1, -1], [-1, -3], [2, -5], [0, -2], [3, -7], [-1, 0], [0, -1], [-1, 0], [0, 1], [-3, 6], [-1, 0], [-2, 5], [-1, 1], [-3, 6], [0, -2], [-1, 0], [-1, 1], [0, 2], [-1, 2], [-1, 5], [-2, 3], [-5, 10], [-1, 0], [-1, -1], [0, -2], [1, -1], [-1, 0], [0, 2], [-2, 0], [-6, 11], [-3, 4], [-11, 18], [-7, 12], [0, 2], [-1, 1], [-4, 3], [-7, 5], [-7, 3], [0, -1], [-5, 3], [-5, 2], [-7, 2], [-11, 0], [-2, -1], [-1, -1], [-3, -2], [-2, 0], [-1, -2], [0, -8], [3, 0], [0, -6], [4, 0], [0, -1], [-5, 1], [0, 2], [-4, 0], [1, 4], [0, 10], [-1, 1], [-4, 1], [-2, 0], [1, -2], [-3, 0], [1, -15], [-2, 0], [0, 2], [1, 0], [0, 6], [-1, 0], [0, 1], [1, 1], [0, 3], [-1, 1], [-4, 0], [-2, 2], [-15, 0], [-1, -2], [-3, -1], [-3, 6], [-6, 3], [-4, 3], [-3, 4], [-4, 4], [-3, 0], [-1, -2], [-2, -1], [0, -4], [2, -4], [0, -14], [1, -3], [3, -6], [2, -5], [3, 1], [1, 0], [2, -4], [1, 0], [-1, -2], [1, -3], [1, -2], [1, -1], [1, 0], [0, -1], [3, -3], [2, -3], [2, 0], [4, -2], [3, -2], [3, 6], [4, -1], [0, -1], [1, -2], [3, 1], [6, 4], [2, -2], [-2, -4], [-6, -8], [-9, 1], [-1, -1], [-2, 1], [-5, 2], [-7, 4], [-6, 7], [-5, 6], [-1, 4], [-2, 4], [-2, 2], [0, 1], [-2, 0], [-1, -1], [-4, 6], [2, 6], [0, 9], [-2, 0], [-2, 10], [1, 0], [0, 5], [-3, -2], [-1, -2], [0, -4], [1, 0], [0, -1], [-1, 0], [0, 3], [-1, 3], [2, 2], [3, 1], [2, 1], [2, 4], [-2, 27], [0, 6], [-1, 1], [-4, 41], [-1, 1], [-2, 15], [0, 8], [1, 0], [0, -1], [2, 0], [1, -5], [0, -4], [1, -10], [2, 0], [1, -1], [0, -7], [-1, -5], [1, -24], [2, -3], [6, -5], [7, -3], [4, 2], [-1, 5], [-1, 4], [0, 6], [3, 7], [-2, 4], [0, 11], [-2, 5], [-4, 8], [10, 8], [-1, 3], [-1, 0], [-1, 4], [-3, 1], [-1, 0], [-2, 7], [-6, -1], [-2, -4], [-1, -5], [-2, 0], [0, 3], [-4, -1], [-3, 10], [-2, 3], [-1, 0], [0, -2], [2, -2], [0, -3], [1, -2], [0, -2], [-2, 0], [0, 1], [-1, 2], [-1, 3], [0, 6], [-1, 1], [-2, 4], [-1, 3], [0, 3], [-2, 2], [0, 2], [-2, 1], [0, 1], [-1, 3], [-2, 0], [-3, 3], [-3, 6], [-2, 5], [-4, 3], [-2, 2], [0, 1], [-1, 4], [-2, 2], [-3, 0], [0, 3], [-1, 2], [-1, 0], [-2, 3], [3, 3], [-1, 4], [-3, 4], [-2, 2], [-4, 5], [-4, 3], [-6, 3], [-2, 0], [0, -2], [-1, 0], [0, 2], [-1, 0], [-1, 1], [-7, -14], [6, 13], [-1, 0], [0, 1], [-6, 1], [-2, 1], [-1, 0], [-7, -10], [-1, 1], [-3, -4], [-1, 1], [-1, -1], [-4, -2], [-4, 5], [1, 0], [3, -3], [2, 1], [1, 1], [1, 0], [1, 2], [1, 0], [2, 1], [0, 2], [1, 0], [0, 1], [-1, 2], [-1, 0], [0, 1], [-3, 0], [-3, 1], [0, -1], [-1, 0], [0, 1], [-6, 2], [-8, 4], [-1, 0], [-1, 1], [-1, 0], [-7, -6], [-3, 4], [-2, 4], [-6, 6], [-3, 4], [-3, 5], [-3, 4], [0, 1], [-2, 2], [0, 1], [-1, 2], [0, 5], [2, 1], [0, 2], [-1, 3], [-1, 0], [0, 1], [-1, 2], [-1, 0], [-7, 4], [-2, 1], [-1, 2], [-4, 4], [-5, 0], [-1, 1], [-1, 0], [-4, -3], [-4, -2], [-3, -2], [-5, -2], [-4, 0], [-3, -1], [-11, 0], [-10, 4], [-4, 2], [-4, 3], [-7, 4], [1, 2], [6, -5], [5, -2], [4, -3], [5, -2], [5, -1], [13, 0], [4, 1], [4, 2], [4, 1], [9, 6], [0, 9], [5, 11], [3, 5], [0, 1], [-1, 0], [0, 1], [-1, 0], [-9, -4], [-3, 0], [0, -8], [-1, 0], [0, -3], [-10, 0], [0, 2], [1, 0], [0, 53], [-5, 0], [-8, -3], [0, -39], [-5, -10], [-2, 2], [-1, -1], [0, -1], [-1, 0], [0, -1], [-1, 0], [0, 3], [2, 0], [1, 1], [-1, 4], [0, 38], [1, 3], [0, 1], [2, 2], [1, 2], [10, 3], [0, 2], [2, 0], [1, -1], [1, 5], [0, 1], [5, 1], [0, 4], [3, 3], [2, 0], [1, -8], [-1, 0], [0, -1], [2, 0], [1, 1], [2, 0], [0, 1], [1, 0], [0, -1], [1, 1], [2, 0], [0, 1], [3, 13], [1, 0], [0, 3], [-2, 0], [-4, 5], [-1, 1], [1, 1], [-2, 1], [-10, -14], [0, -2], [-1, 0], [0, 2], [10, 15], [0, 2], [1, 0], [0, -1], [5, 7], [0, 1], [-1, 0], [1, 1], [0, 1], [-2, 0], [-2, 4], [0, 2], [1, 0], [2, 1], [0, 1], [2, 0], [0, -2], [1, -1], [0, -1], [2, -3], [1, 0], [0, -1], [2, -2], [2, 3], [0, 3], [-1, 2], [0, 0], [2, -2], [1, -3], [2, 1], [2, 4], [0, 1], [-1, 2], [2, 0], [0, -1], [1, -1], [7, 0], [1, 1], [0, -1], [1, 0], [1, 1], [0, 13], [-1, 18], [0, 3], [-3, 0], [1, 1], [2, 3], [-2, 11], [-2, 12], [-1, 11], [1, 7], [1, 2], [2, 3], [2, 2], [4, 2], [1, 0], [2, 2], [2, 1], [1, 1], [1, 2], [0, 3], [1, 2], [-1, 4], [-1, 2], [-1, 1], [0, 2], [-1, 1], [-2, 0], [-3, 2], [-2, 2], [-3, 6], [0, 2], [1, 3], [-1, 1], [0, 2], [1, 1], [0, 1], [3, 3], [2, 0], [6, 6], [-3, 6], [9, 11], [1, 3], [-2, 29], [-8, 11], [4, 5], [-2, 2], [-1, 6], [-6, 56], [-1, 4], [-2, 4], [-24, 36], [0, 2], [-2, 46], [-2, 0], [-2, 53], [2, 22], [8, 18], [5, 26], [6, 29], [5, 2], [1, 32], [40, -6], [2, 18], [4, 2], [-2, 8], [0, 2], [1, 2], [-1, 13], [5, -2], [2, -5], [2, -1], [3, -2], [0, 5], [2, 1], [7, 51], [-2, 10], [-3, 0], [-1, 3], [-4, 7], [-5, 6], [-1, 3], [-6, 8], [-2, 4], [-3, 3], [-7, 8], [-5, 3], [-2, 0], [-4, 3], [-5, -1], [-2, 3], [-12, 5], [-1, 2], [-8, 3], [-1, 2], [-5, 0], [0, 4], [4, 2], [6, -1], [-1, 7], [6, 6], [1, 4], [2, 3], [-4, 0], [0, -3], [-3, 0], [1, 1], [0, 7], [-1, 1], [-2, 1], [-1, 3], [-2, 2], [-5, 3], [-1, 11], [1, -1], [2, 0], [4, 4], [3, 0], [-1, 4], [-3, 3], [0, 5], [-3, 1], [-1, 1], [-15, 2], [0, 4], [-2, -2], [0, -5], [-6, -5], [0, 11], [-2, 2], [-2, -2], [-2, -1], [1, -2], [0, -3], [-7, -4], [-2, -2], [-2, -1], [0, 5], [-3, 0], [0, 3], [-5, 3], [-4, 5], [-1, 4], [-1, 0], [0, -4], [-2, 2], [-4, 8], [-3, 11], [2, 15], [-2, 5], [-1, 8], [-3, 2], [-8, 0], [-1, 2], [-8, 1], [0, 3], [-4, 1], [-2, 4], [-4, 0], [0, -4], [-6, -1], [-2, 8], [-2, 1], [-1, -3], [-2, -2], [-3, 0], [-4, 3], [-1, 0], [-2, -2], [-1, 0], [-1, 1], [0, 3], [-3, 0], [0, 2], [3, 0], [1, 10], [-1, 0], [-1, -4], [-1, -1], [-5, 2], [-2, 3], [-9, 3], [-1, 2], [-5, 0], [-3, 3], [-3, 1], [0, -3], [-8, 0], [-1, 1], [-1, 7], [3, 0], [1, 6], [-2, -2], [0, -3], [-4, 2], [0, -3], [-5, -2], [0, 3], [-2, 2], [-3, 1], [0, 4], [-4, -1], [-5, 2], [0, 3], [-1, 2], [-1, 5], [-2, 0], [1, 5], [-5, -2], [0, -7], [-2, 0], [1, 12], [-2, 0], [0, -4], [-3, -3], [0, -5], [-3, 0], [0, 5], [-9, -2], [0, 4], [-5, 0], [-2, -2], [0, 3], [-5, 0], [-2, 7], [-1, 8], [-3, -1], [0, -1], [-1, -7], [-2, 1], [-2, 2], [-7, 2], [0, 2], [2, 0], [1, 9], [-2, 0], [-3, -6], [-3, -4], [-9, 1], [-15, -1], [-1, -3], [0, -1], [-12, -2], [1, 3], [-5, -1], [0, 1], [-1, 3], [-1, -1], [-13, -2], [-2, 3], [0, -4], [-9, 1], [-1, -1], [-8, 0], [0, 2], [3, 0], [-1, 3], [-2, 1], [-1, 2], [-3, -1], [-1, 1], [0, 4], [-3, 0], [-1, 2], [-4, 0], [0, 1], [-1, 6], [-1, 0], [0, -6], [-7, 0], [-1, 2], [-2, 0], [-5, -3], [0, -3], [-3, 0], [0, 10], [-1, 0], [-2, -8], [-1, 1], [0, 5], [-1, -1], [-4, 0], [-2, 3], [-2, 5], [0, 3], [-4, 9], [-3, 1], [-4, 0], [-4, 5], [-5, 2], [0, 4], [-7, 0], [0, 3], [-4, 5], [0, 3], [-3, 4], [-4, 2], [-2, 4], [0, 3], [3, 5], [-5, -2], [-1, -3], [0, -1], [-3, -1], [1, 5], [-1, -1], [-7, 0], [-3, 6], [3, 0], [1, 13], [-1, 1], [-2, 7], [-6, 2], [-1, 1], [-1, 3], [-3, 1], [-2, 3], [5, 1], [0, 3], [-3, 1], [-2, -1], [0, 4], [7, 1], [0, 5], [-5, -1], [1, 3], [-3, 1], [-1, 1], [-3, 1], [1, 2], [-1, 5], [-2, 0], [0, 3], [-3, 0], [0, 8], [-5, -2], [-1, 7], [2, 0], [1, 8], [-2, 0], [1, 3], [-2, 2], [0, 1], [3, 4], [0, 3], [-2, 2], [0, 3], [2, 2], [3, 1], [0, 3], [-3, 1], [-3, 4], [0, 5], [-2, 3], [-4, 3], [-4, 2], [0, 3], [3, 7], [-4, 1], [-4, 5], [0, 5], [-5, -1], [1, 6], [-5, 2], [-2, 3], [0, 5], [-3, -1], [-2, -3], [-4, -3], [0, 5], [-4, -2], [1, 4], [-2, 1], [-1, 5], [-1, 1], [-2, 1], [-1, -4], [-2, -1], [1, 5], [1, 1], [0, 3], [-2, 3], [-2, 1], [-1, -5], [-2, -3], [-4, 0], [-1, 4], [-3, 15], [-1, 1], [-1, 7], [-4, -2], [-1, -6], [-1, 0], [-1, 5], [-1, 1], [-2, 5], [-2, 3], [-1, 0], [-4, -3], [3, 10], [1, 3], [-4, -4], [-2, 0], [-1, 1], [0, 5], [1, 1], [-3, 0], [1, 7], [-2, 0], [2, 5], [-2, 0], [-1, 2], [-6, 2], [-1, -2], [-1, 0], [-3, 3], [-2, 1], [0, 3], [-1, 2], [-1, 6], [0, 4], [-8, 3], [0, 3], [-3, 0], [2, 3], [0, 2], [-1, 1], [-1, 4], [-4, 0], [-1, 1], [0, 5], [-2, 2], [0, -4], [-2, -1], [0, 3], [-3, 1], [0, 1], [-1, 3], [-2, 0], [-2, 13], [-4, -2], [2, 5], [-3, 1], [-1, 1], [0, 5], [-3, -1], [0, 4], [-5, 2], [-2, 3], [0, 3], [2, 0], [-1, 3], [-1, 2], [0, 6], [-1, 2], [-2, 15], [2, 3], [0, 3], [-2, 3], [0, 18], [-1, 2], [3, 2], [2, 1], [0, 5], [1, 2], [1, 3], [2, 0], [-2, 8], [1, 15], [-1, 2], [0, 17], [-4, 7], [-1, 5], [4, 0], [0, 2], [-4, -1], [-1, 25], [4, 2], [-3, 11], [2, 1], [3, -3], [0, 4], [2, 0], [-2, 5], [4, 1], [1, 5], [1, -1], [3, 9], [0, 5], [1, 2], [1, 3], [4, 0], [-2, 4], [0, 17], [2, 1], [4, 6], [0, 7], [6, 1], [-1, 5], [-1, 2], [0, 1], [1, 2], [0, 16], [-1, 4], [2, 0], [-1, 6], [-2, 1], [-2, 2], [-2, 10], [2, -1], [1, 2], [3, 1], [-2, 5], [-1, 5], [5, 1], [3, -1], [3, 5], [1, 3], [1, 1], [5, 0], [1, 1], [2, -5], [1, 0], [1, 24], [-2, 22], [-2, -2], [1, -3], [-2, 0], [-1, 8], [-5, 4], [-2, 3], [-23, 4], [0, -4], [4, 1], [3, -7], [0, -6], [-2, 0], [-6, -1], [0, 5], [-22, 11], [-1, 1], [-3, 0], [-8, 3], [-4, 5], [-9, 8], [-4, 0], [-4, 3], [-7, 2], [-2, -2], [-6, 0], [-2, 2], [-1, 4], [-2, -1], [-8, 1], [-1, 2], [-4, 1], [1, 4], [-12, 6], [-5, 4], [0, 3], [2, 0], [0, 8], [-4, 0], [0, -6], [-9, 1], [0, 4], [-2, 0], [-4, 5], [-6, 3], [-2, 3], [-2, 6], [0, 1], [-3, 0], [0, -1], [-1, -3], [-2, 2], [-4, 6], [0, 5], [-7, 5], [-4, 0], [0, 4], [-2, 1], [-5, 6], [-5, 2], [-3, 0], [-1, 2], [-7, 1], [0, 6], [-11, -1], [-4, 2], [-6, -1], [-8, 8], [-2, 5], [-5, 7], [-6, -1], [1, 2], [0, 3], [-1, 1], [-5, -1], [-1, 2], [-4, 0], [-4, 3], [-10, 2], [-2, 5], [-6, 4], [0, 4], [-6, 4], [-2, 3], [-2, 10], [-2, 2], [-3, 1], [0, 3], [-5, 2], [-2, 3], [-4, 5], [0, -5], [2, -10], [4, -13], [-3, -1], [0, -4], [4, -8], [3, -8], [0, -5], [4, -8], [-1, -3], [3, 0], [1, -17], [-4, -1], [-4, -4], [-1, -3], [-6, -2], [0, 4], [-1, -1], [-1, -4], [1, -5], [2, -2], [1, -5], [6, -13], [4, -5], [0, -1], [-1, -3], [0, -9], [4, -11], [1, -2], [3, -8], [5, -6], [1, -5], [4, -2], [2, -8], [5, -2], [2, -2], [1, 1], [5, 0], [1, -1], [0, -5], [-1, -2], [5, -4], [4, -1], [-1, 7], [2, 0], [0, -3], [3, 0], [3, -5], [1, -12], [2, 0], [-1, -1], [1, -5], [8, -2], [-1, -6], [1, -1], [5, -1], [0, -3], [2, 0], [1, -3], [0, -7], [3, -1], [1, -10], [3, -3], [3, -10], [-4, 0], [0, 3], [-9, 3], [-2, -3], [0, -6], [5, -2], [2, -3], [1, -5], [1, -2], [0, -5], [-1, -3], [6, -3], [0, -3], [4, -2], [-1, -1], [0, -2], [2, -1], [4, -5], [2, -1], [1, -3], [1, -1], [1, -10], [3, 0], [2, -5], [2, -3], [0, -3], [-7, -5], [-1, -1], [-6, -5], [-3, -1], [1, -3], [-1, -5], [5, -2], [-1, 5], [3, 0], [1, 7], [7, 4], [7, 1], [2, 3], [0, 7], [1, 0], [2, -10], [-12, -4], [-3, -3], [-2, -4], [-2, -1], [1, -8], [-1, -5], [-2, 2], [0, -4], [2, -2], [6, -1], [1, -8], [2, -8], [4, 0], [2, -5], [0, -3], [-1, -2], [4, -4], [3, -1], [2, -6], [2, -3], [1, -3], [2, -3], [3, 0], [2, 3], [1, -5], [2, 0], [0, 6], [1, 0], [1, -1], [0, -7], [2, -5], [-4, 2], [0, -7], [-5, 2], [0, -3], [5, -4], [3, -1], [0, 3], [2, 0], [-1, 5], [2, 0], [2, -13], [2, 0], [2, -5], [3, 2], [1, -5], [2, -2], [3, -1], [3, -5], [0, -3], [4, -2], [2, -6], [-4, 0], [1, -5], [2, -3], [1, -4], [6, 1], [3, -1], [0, -1], [-10, -1], [-16, 5], [0, 4], [-7, -1], [-9, 1], [-13, -5], [-4, 0], [-5, -3], [-2, 0], [-11, -7], [-3, -4], [-4, -1], [-4, -4], [-1, -4], [-5, -2], [-2, -3], [0, -3], [-5, -2], [-1, -3], [-2, -3], [-1, -4], [-4, 0], [-2, -5], [-5, -6], [-1, -8], [-3, 0], [1, -8], [-3, -4], [-3, -8], [-2, -10], [-3, 0], [1, -2], [0, -9], [3, -4], [1, -22], [1, -2], [0, -6], [-2, -5], [0, -13], [1, -4], [0, -3], [-1, -2], [0, -6], [3, -3], [2, -7], [0, -3], [1, -2], [1, -6], [1, -3], [4, -9], [1, -4], [2, 0], [1, -5], [1, -2], [0, -6], [-3, 1], [0, -3], [8, -2], [0, -3], [6, -3], [3, -5], [1, -13], [4, -1], [3, -5], [0, -2], [-4, -8], [-2, -3], [-1, -5], [-3, -4], [-1, -10], [-2, -8], [-2, -1], [-1, -5], [1, -7], [5, -1], [3, -7], [0, -1], [-1, -2], [-1, -8], [-2, -1], [-1, -1], [-1, -6], [-1, -2], [0, -3], [2, -5], [0, -4], [2, -1], [0, -5], [-4, -3], [0, -13], [1, -4], [1, -6], [2, -3], [0, -5], [3, -13], [3, 0], [-1, -10], [2, -2], [0, -5], [-2, 0], [-1, -1], [1, -12], [3, -2], [3, -1], [-3, -6], [0, -2], [3, -5], [0, -1], [-2, -2], [0, 5], [-5, -2], [0, -5], [-3, 0], [0, -5], [2, 0], [0, 3], [2, 1], [1, -7], [3, -6], [-1, -4], [2, -2], [4, -1], [0, -5], [-2, 0], [-1, -5], [-2, -5], [0, -11], [-3, 0], [1, 6], [-4, -5], [-1, -1], [2, 0], [2, -8], [-3, 2], [-2, 1], [-2, -5], [3, 0], [1, -2], [0, -6], [2, -8], [4, -2], [2, -16], [-1, 1], [-5, -1], [0, 3], [-3, 3], [2, -5], [-3, 0], [2, -3], [2, -13], [3, 0], [0, 5], [2, 0], [-1, -3], [1, -12], [3, 0], [0, 5], [2, 0], [1, 5], [-2, 4], [-3, 4], [5, 2], [1, -3], [1, -2], [1, -3], [2, 1], [-1, 2], [3, 4], [4, 29], [1, 3], [1, 7], [2, 0], [3, 11], [-1, 7], [2, 0], [0, -3], [-1, -25], [-3, 0], [0, -10], [-2, -1], [0, -9], [-3, 0], [0, -9], [-2, -1], [-1, -4], [-1, -3], [-1, -10], [-1, -4], [-1, -10], [-2, 0], [-1, -4], [-1, -2], [-3, -3], [-7, -5], [-2, -3], [-4, -1], [0, 1], [-2, -1], [0, -5], [-3, 1], [0, -1], [-1, -3], [-3, 0], [0, -3], [-1, -2], [-1, -5], [-3, 0], [1, -5], [-2, -5], [0, -1], [1, -2], [0, -2], [-1, -1], [0, -7], [-1, -1], [3, -3], [2, -1], [1, 2], [-1, 5], [3, 0], [0, 10], [2, 0], [1, -12], [1, -1], [0, -2], [-3, -4], [-8, 0], [-4, 4], [-1, 5], [0, 5], [-2, 3], [0, 5], [-6, 27], [-6, 61], [1, 52], [-1, 54], [-1, 6], [0, 13], [-2, 7], [-2, 104], [-1, 12], [-2, 4], [-1, 64], [3, 0], [-1, 13], [-2, 5], [-2, 85], [-1, 5], [0, 24], [-2, 7], [-2, 96], [-1, 6], [-1, 43], [-1, 13], [-1, 3], [0, 5], [-2, 3], [-2, 15], [-2, 16], [-1, 3], [-2, 17], [-1, 5], [0, 4], [-1, 9], [-2, 3], [-2, 14], [-2, 9], [0, 6], [-2, 5], [-1, 6], [4, -1], [-5, 13], [-1, 1], [-8, 33], [0, 3], [-3, 5], [-2, 11], [0, 4], [-2, 6], [2, 3], [0, 2], [-2, 2], [-4, 14], [0, 4], [-2, 6], [-4, 26], [-3, 7], [0, 3], [-2, 6], [-1, 4], [-5, 7], [-4, 1], [-2, 8], [0, 5], [-3, 11], [-2, 5], [0, 5], [-3, 6], [0, 5], [-1, 3], [0, 5], [-4, 8], [0, 4], [-3, 6], [0, 5], [-1, 3], [0, 5], [-2, 2], [-4, 16], [-2, 26], [-2, 2], [-1, 6], [-3, 3], [-2, 5], [0, 3], [-3, 7], [-5, 6], [-2, 4], [-5, 3], [-2, 42], [-3, 12], [-2, 4], [-6, 0], [-1, 13], [1, 10], [-1, 21], [2, 20], [1, 52], [-3, 25], [-1, 3], [0, 3], [-3, 7], [0, 3], [-4, 16], [0, 5], [-3, 6], [0, 14], [-1, 6], [-2, 4], [-3, 1], [0, 8], [3, 0], [-1, 20], [8, 80], [3, 39], [1, 10], [1, 6], [0, 3], [-2, 6], [2, 2], [2, 0], [1, 1], [-1, 2], [-3, 0], [-2, -2], [-1, 2], [-8, -8], [-1, 1], [3, 3], [-3, -2], [-1, 1], [2, 3], [-2, -2], [-1, 1], [14, 14], [5, 10], [0, 4], [-4, 7], [1, 11], [-2, 1], [-41, -1], [-2, -1], [-1, 1], [1, 1], [43, 0], [-1, 18], [0, 15], [4, 4], [18, 0], [1, 8], [2, 1], [-1, 14], [-2, 2], [-6, 1], [-14, -2], [-14, 1], [0, -4], [-8, 0], [0, 4], [-9, 0], [-8, 2], [-8, -2], [-7, 0], [-9, 33], [-4, 29], [-13, 23], [11, 9], [5, 5], [3, 5], [2, 10], [-1, 14], [0, 6], [2, 9], [2, 6], [4, 7], [2, 1], [0, 1], [1, 5], [4, 3], [7, 5], [3, 4], [2, 4], [0, 4], [-4, 13], [-1, 5], [-1, 8], [-1, 6], [0, 4], [3, 9], [1, 4], [0, 11], [-4, 10], [-1, 10], [-2, 6], [-3, 1], [0, 1], [-1, 3], [-1, 4], [3, 1], [2, -5], [3, 0], [1, 2], [0, 10], [-1, 1], [-3, 17], [-3, 6], [-1, 10], [-1, 2], [0, 4], [4, -3], [1, 4], [-2, 4], [-5, 0], [0, 4], [-1, 1], [-2, 7], [3, -1], [2, -2], [-1, 6], [-2, 5], [0, 5], [-2, 1], [0, -3], [-3, 0], [-2, 8], [-1, 8], [0, 5], [-3, 3], [-4, 15], [-8, 4], [-1, 0], [-1, -1], [0, -6], [6, -13], [0, -5], [-2, 0], [2, -4], [0, -11], [2, -8], [-3, -1], [-2, -2], [0, -9], [-1, 0], [-3, 1], [-1, -2], [1, -5], [-4, 2], [-2, 0], [-1, -1], [1, -5], [-3, 0], [0, -8], [-2, 0], [0, 3], [-1, 0], [0, -9], [-4, 3], [-2, -20], [1, -16], [-2, 2], [-1, 13], [-2, 3], [-2, 1], [-1, -9], [-2, 1], [0, 5], [5, 21], [0, 5], [-1, 1], [-2, 1], [-1, 3], [-2, -1], [-2, -2], [-1, -7], [-4, 2], [0, -3], [-3, -1], [0, -1], [-1, -5], [-1, 0], [1, 10], [3, 0], [-1, 5], [0, 4], [-2, 0], [-1, -3], [-3, -3], [-1, -3], [-3, 0], [1, 3], [3, 3], [0, 3], [3, 0], [1, 10], [-4, -1], [1, 6], [-2, 0], [0, -3], [-3, -1], [-4, -7], [-2, 0], [1, 3], [1, 1], [0, 4], [3, 0], [3, 8], [2, 3], [3, 7], [2, 3], [4, 10], [1, 8], [2, 0], [-1, 61], [1, 19], [-1, 41], [3, 11], [1, 5], [4, 10], [3, 7], [5, 12], [5, 11], [2, 1], [2, 9], [2, 5], [1, 6], [1, 4], [1, 5], [1, 2], [2, 9], [1, 4], [1, 6], [4, 9], [4, 21], [7, 60], [2, 73], [-1, 7], [-3, 53], [-3, 15], [0, 5], [-3, 8], [-1, 13], [-1, 3], [-2, 17], [-5, 22], [-3, 5], [-1, 8], [-1, 2], [-2, 6], [-1, 2], [-4, 11], [-3, 4], [0, 3], [-2, 3], [-5, 11], [-3, 4], [0, 3], [-2, 2], [-2, 1], [0, 3], [-3, 0], [0, 5], [-3, 1], [-2, 3], [-3, 1], [0, 5], [-5, 2], [-2, 3], [-6, 4], [-6, 8], [-2, 0], [0, 2], [3, -1], [4, -3], [6, -1], [0, 2], [-5, 0], [0, 3], [-9, 2], [0, 3], [-1, -1], [-2, 0], [-7, 5], [-5, 1], [0, 3], [-6, 2], [-1, 2], [-16, 6], [-23, 6], [-8, 2], [-4, 3], [-2, 2], [-3, 10], [0, 3], [-3, 3], [-3, 7], [-2, 1], [-1, 9], [1, 4], [3, 5], [-7, -1], [-2, 9], [-2, 1], [-3, 7], [-2, 2], [1, 5], [1, 2], [-6, -1], [-2, 4], [-3, 4], [-7, 0], [-1, 4], [-1, 0], [4, -26], [7, -3], [2, -5], [-1, -8], [0, -5], [2, -5], [0, -8], [3, 0], [2, -7], [2, -3], [0, -4], [-9, -4], [0, 5], [2, 0], [2, 3], [0, 1], [-2, 7], [-2, 1], [-1, 1], [-1, 3], [-3, 1], [-1, 0], [0, 5], [1, 2], [-1, 16], [-2, 0], [0, 3], [-3, 1], [-4, 6], [0, 13], [-2, 4], [-3, 1], [-4, 4], [1, -16], [3, -3], [4, -6], [2, -7], [1, -10], [-3, 0], [2, -14], [3, -4], [4, -8], [0, -1], [-4, -3], [-2, -2], [-5, 0], [0, 4], [-4, 9], [0, 3], [-3, 5], [0, 5], [-3, 9], [-4, 6], [-8, 1], [-4, -1], [0, -6], [-1, -2], [0, -1], [2, -7], [-3, 0], [1, -3], [2, -4], [1, 0], [4, 3], [4, 1], [-2, -5], [5, -1], [0, -10], [6, 2], [-3, -14], [-1, 0], [-4, -1], [0, -5], [3, 0], [-1, -5], [3, -3], [2, -7], [-2, 1], [-2, 0], [-1, -2], [11, 1], [-2, -3], [0, -3], [-14, -2], [0, -1], [19, -1], [11, 7], [1, 1], [7, 0], [7, 4], [5, -1], [0, -2], [-21, -7], [-4, -4], [-6, -1], [-12, -1], [-2, 2], [-5, 1], [-1, 1], [-7, 3], [0, 4], [-6, 1], [-1, 3], [-6, 9], [-3, 11], [-2, 15], [-2, 22], [-2, 4], [0, 4], [-2, 12], [-3, 11], [-3, 10], [-2, 5], [0, 3], [-4, 8], [-2, 5], [-3, 8], [-5, 4], [-4, 7], [-5, 5], [-10, 6], [-5, 4], [-4, 0], [-3, 3], [-2, 5], [-3, 6], [0, 7], [-2, 5], [0, 14], [-3, 10], [-2, 5], [-1, 6], [-3, 3], [-1, 5], [-3, 4], [-6, 11], [-1, 3], [4, 3], [7, 0], [3, 3], [2, 0], [4, 3], [4, 1], [0, 2], [-12, -1], [-1, 2], [5, 3], [0, 1], [-4, 0], [0, 5], [5, 1], [2, 7], [-4, -1], [-4, -5], [-8, -3], [-3, 1], [-5, -4], [-4, -2], [0, -1], [-1, 0], [-1, 1], [-4, 2], [-1, 3], [-1, 1], [-2, 1], [-1, 3], [-3, 4], [-6, 4], [-6, 7], [-2, 3], [-4, 5], [-1, 2], [-3, 4], [-4, 4], [-1, 4], [-7, 6], [-3, 3], [-2, 3], [-3, 4], [-4, 5], [-4, 3], [-2, 6], [-3, 4], [0, 3], [5, 0], [1, 3], [-1, 5], [-1, 1], [-3, -1], [3, 11], [4, 1], [-8, 6], [2, 5], [-9, 0], [0, 3], [-5, -1], [-1, -1], [0, -6], [-2, 0], [0, 6], [-3, 10], [-7, 23], [-4, 6], [-1, 7], [-1, 3], [-3, 5], [-2, 5], [-2, 3], [0, 4], [-3, 5], [-2, 2], [-4, 6], [-4, 4], [-2, 1], [-1, 1], [-14, 6], [-15, 3], [0, 3], [-3, 1], [0, 5], [-2, 2], [0, 3], [4, 0], [-3, 6], [-5, 1], [1, 1], [-1, 10], [-2, -2], [-1, -3], [-2, 0], [0, 3], [-16, 6], [-7, 0], [-8, 3], [-1, 1], [-5, 2], [-5, 5], [0, 4], [-4, 0], [0, 3], [-3, 1], [-2, 4], [-2, 3], [-2, 4], [-3, 1], [0, 3], [-2, 0], [-1, 3], [-12, 15], [-2, 4], [-2, 5], [-3, 2], [-1, 5], [3, 0], [1, 13], [-1, 2], [-1, 3], [-5, -2], [2, -6], [2, -2], [-1, -5], [-5, 6], [-3, 1], [-3, 6], [-1, 8], [6, -5], [-1, 7], [-4, 5], [-1, 3], [-2, 1], [-3, 4], [-5, 4], [-3, 3], [-6, 2], [0, 3], [-6, 2], [3, -10], [0, -1], [-1, -1], [-3, 0], [-1, 15], [-7, 2], [-1, 2], [-14, 6], [-1, 3], [-2, 0], [2, 3], [0, 3], [-3, 1], [-3, 5], [-3, -1], [0, 5], [-3, -1], [-3, 2], [0, -3], [-4, 3], [0, 4], [1, 5], [-2, 0], [-1, 2], [-2, 0], [-3, -4], [0, -4], [-2, 2], [-1, 5], [6, 7], [4, 1], [1, 4], [3, 5], [-3, -1], [-1, -2], [-14, -6], [3, 11], [3, 1], [0, 3], [-1, 1], [-4, 0], [-1, -2], [-3, 0], [0, 1], [-1, 3], [3, 0], [0, 3], [2, 0], [1, 5], [-2, 2], [0, 3], [-2, 0], [0, -3], [-2, -2], [0, 5], [-4, 0], [1, 2], [-9, 3], [-1, 4], [-5, -2], [-2, 2], [0, 4], [-9, 3], [-2, 1], [0, -3], [-3, 1], [-2, 1], [-23, 10], [-1, 1], [-6, 3], [-4, 0], [1, 3], [-2, 2], [-3, 1], [-8, 0], [-2, 6], [-3, 5], [-3, 7], [-2, 2], [-5, 1], [-1, 3], [-1, 2], [-3, 0], [-2, 3], [-1, 1], [-2, 0], [-6, 4], [0, 1], [-2, -1], [-1, -1], [-10, -1], [-1, 1], [-8, -4], [-6, 2], [-4, -5], [-14, -7], [-12, -11], [-10, -12], [1, -8], [2, -3], [0, -7], [3, -2], [2, -1], [2, -3], [1, -8], [3, -2], [2, -1], [2, -3], [1, -4], [4, -1], [0, -2], [-4, 1], [-5, 5], [-3, 4], [0, 1], [-7, 8], [-1, 4], [-4, 4], [-1, 4], [-2, 0], [-1, 3], [-3, 5], [-1, 8], [-1, 24], [-4, 12], [-4, 8], [-5, 6], [-1, 15], [2, 0], [1, 6], [5, 17], [7, 55], [-2, 51], [0, 6], [-1, 4], [-2, 9], [0, 4], [-3, 9], [-1, 2], [-2, 7], [-2, 4], [0, 2], [-2, 2], [-2, 0], [-4, 3], [-3, 0], [-1, 2], [-4, 4], [-4, 5], [-5, 4], [-2, 4], [-3, 3], [-2, 4], [-2, 6], [-4, 5], [-3, 4], [-4, 8], [-3, 4], [-1, 3], [0, 1], [-3, 1], [-1, 3], [-9, 16], [-6, 8], [-1, 3], [-4, 5], [-2, 5], [-5, 6], [-3, 9], [-5, 3], [-1, 3], [-4, 4], [-3, 4], [-6, 10], [-1, 4], [-2, 3], [-4, 2], [-1, 3], [-5, 3], [-6, 7], [-2, 4], [-2, 1], [0, 3], [-7, 2], [0, 3], [-6, 4], [-11, 11], [-6, 2], [0, 4], [-5, 2], [-4, 5], [-6, 4], [-2, 4], [-4, 2], [-1, 3], [-2, 1], [-3, 5], [-2, 1], [-1, 3], [-2, 2], [-3, 1], [0, 3], [-3, 4], [-4, 4], [-3, 0], [0, 4], [-7, 1], [-1, 3], [-6, 3], [-2, 5], [-7, 4], [-5, 3], [-1, 6], [-3, 1], [-2, 2], [0, 4], [-3, 0], [-1, 3], [-6, 5], [-5, 14], [-4, 8], [-7, 12], [-2, 4], [-3, 3], [0, 1], [-6, 5], [-2, 0], [0, 2], [-1, 0], [-1, -2], [0, 3], [-11, 6], [-1, -2], [-1, -1], [-2, 0], [-2, 2], [0, 5], [-5, 3], [-2, -2], [0, -3], [-1, 0], [0, 3], [-2, 0], [0, 1], [-2, -1], [0, 1], [-5, 1], [-2, 0], [-1, -2], [0, -1], [-1, 0], [-1, 1], [1, 1], [0, 2], [-1, 2], [-6, 2], [-5, -1], [-8, -1], [-9, -3], [-1, -36], [-1, -2], [-1, -1], [-9, 1], [-1, 0], [0, 1], [1, 0], [9, -1], [1, 1], [0, 3], [1, 40], [-3, 0], [0, 1], [-1, 0], [0, -1], [-2, 0], [-1, -35], [0, -4], [-1, 0], [0, 1], [1, 22], [-4, 2], [-3, 1], [-5, 0], [-4, 1], [-6, 3], [-6, 4], [-4, 4], [-6, 4], [-2, 2], [-1, 5], [-2, 3], [-1, 2], [-1, 1], [-1, 2], [-2, 2], [-1, -1], [0, 2], [1, 1], [-1, 2], [0, 6], [-3, 13], [-1, 7], [-1, 2], [-2, 7], [-1, 2], [0, 8], [-2, 10], [-2, 11], [-10, 25], [-5, 15], [-5, 12], [-8, 16], [-6, 5], [-7, -5], [-2, 6], [-3, 7], [-2, 3], [-3, 4], [-2, 3], [-4, 3], [0, 1], [-3, 2], [-8, 6], [-12, 7], [-7, 4], [-2, 1], [-2, 2], [-2, 1], [-1, 3], [-6, 8], [-1, 3], [-8, 4], [-1, 2], [-10, 4], [-1, 2], [-8, 3], [-3, 0], [-1, 2], [-6, 0], [0, 4], [-26, 1], [-4, -1], [-1, -1], [-1, 0], [0, 1], [-1, 0], [-1, -1], [0, -2], [3, -4], [7, -1], [0, -1], [-9, 0], [-8, -2], [-1, -5], [-1, 1], [0, 4], [-2, 1], [-1, 2], [-4, 6], [-5, 5], [-6, 3], [-1, -2], [-2, 2], [-2, 3], [-8, 3], [-9, 5], [-2, 1], [0, -1], [-2, -1], [-1, 0], [3, 3], [-3, 2], [-2, -3], [1, 2], [-4, 6], [-1, 4], [-4, 4], [-1, 0], [-6, -6], [-1, 0], [-2, 2], [0, 1], [1, -2], [2, 0], [3, 2], [2, 3], [1, 1], [-2, 3], [-1, 0], [-1, 1], [-4, -6], [1, -2], [-2, 3], [4, 5], [-4, 8], [-1, 1], [-6, 1], [-9, 7], [-2, 1], [-1, 3], [-1, 2], [0, 3], [10, 10], [3, 5], [1, 19], [-3, -10], [-6, -2], [-3, -2], [-1, -4], [-2, -3], [-1, 1], [-2, -1], [-4, 2], [-1, 0], [-4, -2], [-13, 5], [-6, 3], [-8, 6], [-1, 2], [-2, 6], [-2, 2], [0, 5], [-2, 2], [-2, 9], [-2, 4], [-3, 5], [-6, 7], [-4, 3], [-2, 2], [-2, 1], [-5, 5], [-4, 1], [-8, 3], [-23, -1], [-15, 9], [0, 4], [-2, 3], [-3, 1], [-3, 4], [-1, 3], [-2, 4], [-1, 3], [-3, 1], [-2, 2], [-1, 5], [-3, 1], [-1, 2], [-3, 0], [-1, 5], [-4, 2], [0, 3], [-6, 10], [0, 5], [-2, 0], [-2, 7], [-1, 8], [-3, 2], [0, 3], [-8, 16], [-4, 2], [-1, 7], [-2, 3], [-4, 0], [-2, 8], [-2, 4], [-1, 3], [-4, 2], [0, 3], [-3, 1], [-7, 5], [-17, 3], [-2, -1], [-11, 0], [-1, 2], [-5, 2], [-2, 5], [-2, 1], [-3, 2], [-1, 5], [-6, 2], [-1, 3], [-3, 5], [-7, 3], [-7, 5], [-4, 2], [-2, 2], [-2, 15], [-4, 6], [-3, 10], [-2, 10], [-3, 8], [-4, 5], [-7, 14], [-9, 21], [-2, 3], [-8, 7], [-3, -1], [-4, 5], [-1, -1], [-6, 6], [-6, 2], [-18, 1], [-6, -6], [-3, -1], [-5, 0], [-8, 5], [-3, 3], [-4, 3], [-2, 4], [-5, -2], [-1, 2], [2, 3], [0, 3], [-2, 5], [-3, 3], [-4, 1], [-6, -1], [-3, 2], [-6, 2], [-5, 3], [-5, 7], [-6, 7], [-4, 7], [-7, 7], [-2, 4], [1, 11], [-2, 2], [-1, 3], [1, 14], [4, 12], [0, 8], [-2, 5], [-3, 3], [-6, 10], [-6, 6], [-8, 7], [-7, 3], [-6, 3], [-3, 1], [-2, -1], [-3, 2], [2, 6], [-5, 3], [-2, 4], [-1, 3], [1, 9], [-2, 2], [-4, 2], [-5, 5], [-37, -41], [0, 2], [-2, -1], [36, 41], [-3, 3], [-2, 1], [-5, 5], [-1, 0], [-31, -34], [2, 4], [-2, -1], [-2, -2], [0, 1], [32, 35], [0, 1], [1, 1], [-1, 1], [-1, 2], [-14, 13], [1, -1], [2, -1], [-1, 2], [-2, 2], [8, -7], [1, 1], [7, -6], [1, -1], [1, 0], [0, 1], [10, 11], [3, 4], [1, 5], [-2, 1], [1, 4], [3, -1], [6, -9], [5, -5], [6, 2], [4, 6], [3, 7], [2, 12], [-1, 7], [-1, 4], [-7, -2], [-1, 1], [-5, -2], [-2, -1], [-2, 2], [0, 3], [-2, 3], [-4, 2], [-2, 7], [-2, 3], [-3, 2], [-3, -9], [-6, -7], [-3, -2], [-2, -7], [-1, -1], [0, -3], [1, -4], [-1, -3], [-6, 1], [-1, -4], [-9, -9], [-7, 3], [-1, 2], [-6, 4], [-4, 5], [-5, 4], [-9, 4], [-4, 5], [-1, 0], [-2, -3], [-4, 1], [-1, 8], [-6, 1], [-2, 3], [-4, 2], [-2, 3], [-7, 1], [-1, 5], [-1, 0], [-7, -21], [-2, 1], [-3, 2], [0, 7], [-7, -2], [2, -8], [-4, -2], [-1, 5], [-9, 1], [-1, 2], [-10, 2], [-17, 8], [-10, 2], [-6, 4], [-9, 1], [-1, 2], [-9, 3], [0, -4], [-6, 0], [-5, -6], [0, 3], [-2, 0], [-20, 5], [-1, 2], [-9, 0], [1, 2], [-1, 5], [-5, 2], [-1, 8], [-1, 3], [-4, 7], [-3, 1], [-1, 1], [-4, 1], [-2, 12], [-5, 1], [-1, 5], [-3, 1], [-2, 4], [-4, 0], [-1, 4], [-2, 3], [-4, 1], [-1, 2], [-9, 1], [-2, 4], [-6, 3], [-2, 2], [-6, 1], [0, 3], [-8, -1], [-1, 1], [1, 8], [-20, 17], [-10, 8], [-7, 5], [-9, 5], [-1, 5], [-3, 4], [-6, 2], [-2, 2], [-1, 5], [0, 9], [-4, 11], [-5, 8], [-5, 4], [-9, 3], [-3, -1], [-8, 5], [-3, 5], [-9, 5], [-5, 0], [-8, -6], [-17, 6], [-6, 1], [-7, 0], [-8, -2], [-8, -4], [-8, -5], [-8, -6], [-4, -7], [-3, -4], [-5, 1], [-7, 5], [-6, 6], [-4, 3], [-6, 8], [-5, 8], [-5, 14], [1, 4], [4, 0], [2, -2], [3, 0], [3, 2], [5, 4], [7, 6], [5, 7], [4, 6], [4, 7], [3, 10], [4, 19], [1, 11], [-1, 12], [-2, 8], [-2, 7], [-1, 5], [-4, 7], [-4, 6], [-4, 5], [-4, 4], [-7, 4], [-6, 2], [-6, 5], [-2, 6], [-3, 6], [-4, 5], [-8, 4], [-8, 5], [-6, 5], [-5, 8], [-3, 13], [-4, 9], [-13, 26], [-3, 3], [-9, 10], [-11, 14], [-10, 9], [-17, 19], [-14, 13], [-14, 12], [-14, 13], [-18, 22], [-11, 13], [-17, 19], [-12, 16], [-17, 15], [-17, 16], [-19, 21], [-3, 2], [-2, 4], [-3, 4], [-3, 11], [-2, 5], [-6, 7], [-7, 12], [-6, 5], [-4, 7], [-4, 3], [-3, 1], [0, 3], [-3, 3], [-2, 7], [0, 3], [-1, 7], [1, 3], [0, 5], [-1, 5], [-3, 5], [-5, 8], [-5, 3], [-3, 0], [-5, -3], [-14, 4], [-2, 6], [-3, 1], [-4, 4], [0, 4], [-2, 1], [-4, 4], [-2, 8], [0, 3], [2, 3], [3, 0], [0, 4], [1, 0], [1, 1], [0, 10], [-3, 10], [-2, 3], [-6, 1], [-5, 5], [-7, 0], [-2, 2], [-4, 1], [0, 3], [-1, 2], [-1, 5], [3, 0], [0, 3], [-5, -1], [-2, -2], [-11, 0], [1, 6], [3, 0], [0, 2], [-3, 1], [-2, 2], [-2, 5], [-5, 0], [0, 5], [3, 0], [0, 3], [-5, -1], [1, 3], [-5, 0], [0, 4], [-2, -1], [-2, 1], [-3, 1], [3, -5], [0, -6], [1, -3], [3, -1], [0, -6], [2, 0], [2, -2], [0, -1], [-2, 0], [0, 1], [-6, 2], [0, 5], [-8, 10], [-1, 5], [-1, 1], [-1, 4], [4, -1], [2, 3], [4, 1], [1, 8], [3, 2], [12, 0], [6, 3], [3, 7], [-2, 7], [3, 17], [5, 8], [-3, 5], [-15, 7], [-7, 4], [-3, 2], [-1, 5], [1, 13], [0, 3], [-7, 6], [-16, -1], [0, -3], [-2, -1], [-2, 2], [-6, -2], [-2, 10], [1, 3], [-2, 5], [2, 6], [5, 3], [-3, 4], [-9, -6], [-3, 13], [-10, 9], [-7, 13], [7, 11], [1, 8], [-6, 6], [-9, 1], [-5, -2], [-2, -6], [-13, 2], [0, 4], [-7, 3], [-5, 4], [0, 6], [2, 5], [-1, 5], [-5, 1], [-5, 9], [-1, 3], [6, 1], [-3, 2], [-1, 7], [-3, 2], [-6, 2], [2, 3], [2, 6], [2, 1], [1, 1], [1, 3], [5, 1], [1, 1], [5, 4], [2, 5], [-3, 5], [-2, -1], [-2, 3], [2, 2], [0, 3], [1, -1], [4, 0], [-1, -6], [3, -5], [6, 1], [11, -4], [2, 5], [-4, 18], [5, 2], [8, -14], [5, 3], [4, 4], [0, 9], [-4, 8], [-1, 7], [-4, 2], [6, 4], [2, 14], [-9, 7], [-4, 3], [1, 4], [-2, 3], [2, 1], [1, 6], [6, 3], [0, 1], [2, 1], [1, 0], [1, -1], [1, 1], [1, 0], [2, 2], [1, 3], [3, 5], [3, 0], [1, 6], [-2, 4], [-3, 3], [-4, -1], [-3, -3], [-5, -1], [-5, 5], [-4, -4], [-1, 8], [3, 5], [-1, 3], [-3, 0], [-4, -1], [1, 6], [7, 3], [-2, 5], [1, 1], [-1, 5], [-3, 5], [-3, 6], [-2, 3], [-3, -2], [-3, 4], [-6, 3], [-5, 0], [-7, -6], [-5, 4], [-2, -2], [4, -11], [4, -7], [2, -2], [2, -5], [1, -3], [1, -4], [-4, -2], [-2, -12], [-5, -4], [-3, -3], [0, -17], [2, 0], [6, 4], [0, -4], [-4, -4], [-2, -3], [-3, -4], [-4, -3], [-3, -5], [-3, -6], [-7, -9], [-5, -5], [-4, 0], [-6, -6], [-2, -4], [2, -6], [0, -7], [-5, -10], [-4, -3], [-1, -3], [-3, 0], [-6, -1], [-6, 1], [-8, 4], [-6, 9], [-4, 8], [-9, 2], [-6, 5], [-6, 8], [-7, 10], [-4, 7], [-2, 6], [1, 13], [2, 7], [1, 8], [0, 3], [1, 9], [-3, 9], [-4, 2], [-5, 7], [-7, 10], [-7, 7], [-2, 6], [1, 6], [1, 3], [3, 6], [2, 7], [3, 3], [3, 1], [4, -6], [6, -2], [4, 1], [2, 0], [6, 2], [4, 3], [6, 7], [28, -2], [2, -2], [10, -2], [2, 10], [2, 11], [-3, 5], [-8, 8], [-7, 17], [-4, 1], [-1, 4], [-6, 3], [-3, 0], [-4, 2], [-6, 8], [-3, 8], [-3, 3], [0, 9], [-3, 5], [-1, 3], [-2, 5], [0, 8], [-3, 9], [4, 6], [10, -5], [10, 8], [8, 8], [1, 6], [-1, 7], [-3, 5], [-2, 2], [-3, 2], [-4, 3], [-3, 5], [1, 5], [5, 4], [3, 8], [0, 10], [-5, 10], [-6, -1], [-7, -12], [-1, 4], [2, 6], [3, 7], [-1, 8], [6, 8], [-6, 9], [-5, 4], [-4, -5], [-9, -1], [-5, -3], [-7, -2], [-3, -11], [-5, -6], [-8, -1], [-11, 8], [-6, 12], [4, 12], [-10, -6], [-24, 18], [9, 10], [4, -1], [2, 3], [-5, 3], [-6, 6], [-3, 0], [-5, 2], [0, 4], [-6, 6], [-3, 0], [-4, 4], [-8, 6], [-5, 4], [-8, 3], [-10, 1], [-14, -2], [-2, -2], [-4, 0], [-23, -9], [-1, -2], [-1, 0], [4, 19], [1, 2], [3, 45], [-2, 10], [0, 3], [-3, 5], [0, 12], [-4, 10], [-4, 1], [1, 4], [-1, 5], [7, 2], [15, 0], [3, 1], [2, 4], [-4, -2], [-20, 0], [-11, 6], [1, 3], [-10, 1], [-1, 4], [-6, 1], [4, 9], [-1, 8], [-4, -1], [0, -3], [-2, 1], [-1, -2], [-3, 0], [-4, 4], [0, 10], [-5, -2], [0, 5], [-1, 0], [-1, -5], [-3, 2], [-1, 7], [-4, 1], [1, 4], [4, 2], [2, 2], [2, 0], [1, 8], [3, 5], [-2, 0], [-3, -3], [-1, -6], [-4, 0], [0, -4], [-5, 0], [-2, -2], [-7, 3], [-1, 8], [-2, 0], [0, -3], [-3, 0], [0, 3], [-3, 0], [-2, 10], [0, 3], [-4, 2], [-1, 3], [-2, 3], [5, -1], [3, 1], [0, 3], [6, 0], [0, 2], [-9, 1]], [[33514, 10646], [0, 5], [3, 0], [3, -5], [-1, -6], [-3, 3], [-1, 3], [-1, 0]], [[33744, 3944], [0, 2], [1, 0], [-1, 4], [2, 1], [1, 1], [2, 0], [1, -1], [3, 0], [1, -1], [2, 0], [1, -1], [2, 0], [1, 1], [1, -1], [0, 1], [1, 0], [0, 1], [1, 0], [1, 1], [0, 1], [1, 0], [-2, -2], [0, -2], [-1, -1], [0, -5], [1, 0], [0, -2], [1, 0], [0, -1], [1, 0], [1, -1], [1, 0], [0, -1], [1, -1], [1, 0], [2, -2], [-3, -3], [0, -2], [-2, 0], [-1, -1], [0, -3], [-1, 1], [0, -1], [-1, -2], [-1, 1], [-2, 0], [-1, 1], [-1, 0], [0, -1], [-1, -1], [-1, 0], [0, -2], [-1, 1], [-1, 0], [0, 2], [-1, 2], [0, 1], [-2, 2], [-1, -1], [0, 2], [-1, 1], [-2, 1], [-1, 1], [2, 0], [1, -1], [1, 2], [0, 3], [1, 3], [-2, 2], [-2, 0], [-1, 1], [-2, 0]], [[33768, 4015], [1, 0], [1, 1], [1, 0], [0, 0], [1, 0], [0, 1], [1, 0], [0, 0], [1, -1], [0, 0], [1, 1], [1, 0], [1, -1], [2, 0], [1, 1], [0, 2], [1, 0], [1, 2], [1, 1], [-1, 0], [0, 1], [1, 0], [0, 1], [1, 0], [0, -1], [1, 0], [2, -1], [1, 0], [3, 3], [6, 10], [2, 4], [2, 5], [1, 5], [-1, 1], [2, 1], [-1, 1], [0, 1], [2, 0], [1, -1], [5, 0], [2, 1], [2, 0], [1, 2], [1, 0], [0, 2], [1, 0], [0, -3], [1, -1], [2, 0], [2, 2], [1, -1], [0, -1], [0, 0], [0, -1], [2, -2], [2, 0], [2, 2], [0, -1], [2, -1], [0, -2], [1, 0], [0, -1], [1, -1], [-2, -2], [0, -1], [1, 0], [0, -1], [1, -1], [1, 0], [1, -1], [1, 0], [1, 1], [0, -1], [1, -1], [2, 0], [0, -1], [1, 0], [1, -1], [0, -2], [1, -1], [-1, -2], [0, -1], [-1, -1], [0, -2], [-1, -1], [1, -1], [0, -2], [-3, -2], [-1, -2], [-1, 0], [-1, -2], [0, -2], [2, -4], [1, -1], [0, -6], [-1, -1], [0, -1], [-1, 0], [0, -1], [-5, 0], [-3, -1], [-2, 0], [-3, -2], [-4, -1], [-1, 1], [1, 0], [0, 6], [-3, 3], [-1, 0], [-3, 1], [-3, 0], [0, -1], [-1, -1], [-1, 1], [-4, 0], [1, 1], [-1, 0], [0, 1], [-2, 0], [0, -1], [-2, -1], [-2, 0], [0, -1], [-1, 0], [1, 2], [1, 0], [0, 3], [-1, -1], [-2, -1], [0, -1], [-1, 0], [-1, -1], [-2, 0], [0, -1], [-1, -1], [-5, 1], [-1, 1], [-2, 0], [0, 1], [1, 0], [0, 1], [-1, 1], [-1, -1], [0, 2], [-1, -1], [0, -1], [-2, 0], [-7, 1], [-1, 1], [0, 1], [-1, 0], [0, 1], [1, 0], [-1, 1], [0, -1], [-1, 1]], [[33769, 4018], [2, 0], [0, -1], [-1, 0], [0, 1], [-1, 0]], [[33796, 4058], [1, 0], [0, 2], [1, 0], [0, 1], [1, 0], [2, 2], [0, 0], [1, 0], [0, -2], [-1, 0], [0, -2], [-1, -1], [-1, 0], [-2, -1], [-1, 1]], [[33802, 3422], [3, 35], [2, 1], [0, 8], [3, 2], [2, 1], [1, 11], [1, 2], [0, 8], [3, 0], [0, 2], [1, 11], [2, 0], [-1, 4], [3, 0], [4, 16], [4, 7], [0, 3], [3, 0], [0, 3], [2, 0], [2, 4], [2, 5], [1, 3], [3, 0], [1, 3], [1, 5], [2, 3], [3, 1], [1, 3], [2, 5], [4, 5], [0, 3], [3, 0], [1, 5], [3, 0], [0, 5], [2, 1], [1, 1], [5, 3], [0, 3], [7, 0], [3, 5], [0, 4], [3, 0], [0, 3], [2, 2], [3, 8], [2, 10], [3, 0], [2, 10], [4, 1], [0, 4], [6, 0], [2, 3], [0, 3], [3, 0], [2, 10], [3, 0], [-1, 3], [2, 1], [1, 8], [3, 1], [1, 1], [3, -1], [-1, 5], [-1, 0], [0, 2], [3, 1], [1, -1], [0, 3], [2, 1], [2, 2], [7, 1], [0, 3], [4, -1], [6, 4], [13, 1], [0, -3], [5, -1], [17, -6], [5, -5], [9, -4], [0, -3], [1, -1], [4, -3], [2, -1], [1, -2], [-1, -3], [8, -4], [1, -1], [5, -2], [4, 1], [0, -3], [6, -2], [2, -3], [1, -3], [9, -3], [1, -8], [4, -3], [5, -6], [4, -1], [3, -11], [0, -5], [2, -10], [-2, 0], [1, -5], [-2, -1], [1, -7], [5, -3], [1, 6], [2, 0], [0, -11], [16, -1], [1, -3], [1, -2], [1, -11], [14, -8], [1, -1], [6, -1], [2, -5], [9, -1], [0, -3], [16, -3], [0, -12], [4, -1], [0, -5], [5, -2], [8, -1], [1, -5], [9, -3], [2, -7], [0, -4], [-1, -1], [-2, -1], [-1, -10], [0, -1], [-6, -2], [0, -4], [-2, 1], [-5, 0], [-2, -3], [-5, -4], [-7, -1], [-20, 1], [-1, 1], [0, -4], [-5, -1], [0, -4], [3, 0], [5, -7], [7, 0], [2, -1], [3, -1], [2, -3], [0, -7], [-1, -8], [-3, 0], [-2, -10], [0, -1], [-19, 1], [-1, -3], [-2, -4], [-1, -3], [-4, 0], [0, -3], [-3, -4], [0, -3], [-7, -2], [0, -3], [-3, -3], [0, -4], [-4, -1], [-1, 0], [-1, -12], [-3, -1], [-1, -1], [-1, -6], [-3, -7], [-1, -3], [-5, -2], [3, -8], [2, -10], [1, -1], [1, -5], [0, -5], [2, -3], [1, -15], [-1, -3], [0, -15], [-2, -2], [-4, 0], [-1, 1], [-19, 2], [-5, -2], [-23, -1], [-15, -7], [-2, 0], [-7, -3], [-2, 0], [-5, -5], [-3, -1], [0, -3], [-1, -1], [-4, -1], [0, -3], [-1, -2], [-1, -5], [-6, -1], [-3, -3], [-2, -1], [-1, -3], [0, -1], [-3, -1], [-1, -3], [-4, -4], [-7, -2], [-12, -3], [0, 5], [-1, -1], [-5, 1], [-1, 3], [-4, 5], [-4, 29], [-4, 12], [-3, 2], [-13, 0], [-1, -2], [-1, 0], [-2, 2], [-3, 5], [-2, 5], [-3, 8], [0, 7], [-4, 4], [-1, 4], [-3, 2], [-6, 6], [-2, 4], [-2, 1], [-4, 4], [-3, 6], [-6, 2], [-1, 5], [-1, 2], [-2, 5], [-2, 3], [-1, 6], [-6, 3], [-4, 4], [-4, 2], [-4, 3], [-5, 7], [-9, 6], [-4, 1], [-1, 6], [-2, 1], [-3, 5], [-2, -1], [-1, 3], [-4, 7]], [[33884, 10026], [1, 8], [4, 4], [2, 1], [0, -2], [-1, 0], [0, -3], [10, 2], [0, -1], [1, -1], [0, -2], [-1, 0], [0, 1], [-8, 0], [2, -7], [3, -3], [0, -7], [3, -1], [4, 1], [0, 3], [2, 2], [0, 3], [3, 0], [1, -15], [7, -4], [7, 2], [6, 0], [9, -6], [4, 0], [0, -4], [4, 2], [-1, -3], [-1, -2], [-1, -3], [-3, 1], [-2, -3], [0, -3], [-3, 0], [2, -5], [3, -3], [0, -7], [4, -1], [1, -7], [-2, 0], [1, -5], [0, -11], [-3, -1], [-2, 0], [-2, 2], [-7, 4], [0, 3], [-4, 1], [-1, 1], [0, 3], [-3, 1], [-5, 5], [-5, 2], [0, 4], [-2, 2], [-4, 1], [-3, 10], [-5, 6], [-3, 2], [-3, 10], [-3, 3], [-6, 20]], [[33891, 3768], [3, 0], [7, 7], [19, 3], [2, -3], [-2, 0], [0, -2], [-1, 0], [0, -3], [-4, -8], [-2, -3], [-9, -3], [-1, 0], [-1, 1], [-7, 0], [-3, 4], [-1, 7]], [[34082, 3367], [3, 0], [0, 5], [-2, 8], [3, 0], [1, 10], [1, -1], [3, 0], [6, 6], [3, 0], [1, 7], [5, -1], [4, 4], [9, 13], [9, 2], [10, 5], [4, 5], [3, 1], [13, 4], [3, 3], [6, 4], [24, -4], [2, -15], [3, -4], [3, 0], [3, -18], [-10, 0], [-7, 3], [0, -4], [-2, 0], [2, 9], [0, 3], [-2, 2], [-5, 0], [-6, -4], [-3, -7], [-5, -3], [-1, -3], [-2, -3], [-2, -1], [0, 4], [-5, 0], [3, 11], [1, 2], [1, 3], [5, -2], [1, 5], [4, 2], [0, 7], [-13, 1], [0, -2], [-4, -2], [-2, -4], [0, -5], [-3, -1], [-4, -4], [-1, -4], [0, -4], [2, -4], [1, -3], [-2, 0], [-1, 3], [-1, 1], [-2, 1], [-1, -12], [1, -1], [-1, -12], [-1, -4], [-7, 0], [-17, -5], [-2, -3], [-1, -3], [-5, -2], [0, -3], [-1, 1], [-3, 0], [0, -3], [1, -1], [-1, -7], [-1, -1], [0, -9], [-2, -8], [-3, 1], [-2, 4], [0, 5], [-3, 4], [-2, 1], [-1, 6], [-3, 8], [-2, 13]], [[34136, 2214], [1, 1], [0, 7], [9, 4], [22, 4], [2, 2], [4, 0], [1, 1], [10, 5], [1, 2], [8, 0], [1, -1], [27, -1], [1, 1], [9, 5], [5, 0], [5, 4], [3, 1], [1, -4], [-6, 0], [-2, -18], [-2, 0], [-2, -8], [4, -1], [0, -4], [3, 0], [0, -3], [1, 1], [6, 0], [17, -4], [6, -9], [7, -3], [-2, 6], [-5, 4], [-4, 7], [12, -5], [1, -2], [8, 0], [6, -2], [-1, 7], [-3, 0], [-3, 6], [-3, 4], [-5, 1], [-7, 8], [-5, 4], [-6, 8], [-3, 0], [-3, 10], [-3, 4], [-5, 2], [-2, 1], [-7, 4], [-1, 5], [-3, 3], [0, 4], [2, -3], [8, 0], [1, -1], [7, -3], [20, -3], [25, -11], [4, -3], [20, -5], [3, -1], [20, -5], [1, -1], [7, 0], [49, -11], [39, -7], [1, -2], [28, -10], [5, -1], [0, -3], [8, -3], [6, -4], [3, -4], [6, -3], [1, -1], [6, -3], [1, -5], [3, -3], [1, -3], [2, 0], [0, -3], [9, -3], [0, -4], [3, 0], [1, -2], [3, -1], [0, -3], [10, -7], [4, -1], [-1, -6], [3, -4], [-1, -3], [4, -4], [2, -1], [2, -7], [1, -1], [0, -1], [-1, 0], [-1, 1], [-2, 1], [-1, 0], [-3, -5], [-5, -2], [-8, -1], [0, 5], [-2, 3], [-1, 4], [-3, 0], [-7, -1], [0, -4], [-8, 0], [-1, 2], [-9, 4], [1, 3], [-2, 2], [0, 4], [-3, 1], [-2, 3], [-7, 1], [0, 3], [-3, 5], [-4, 5], [0, -3], [-7, 0], [-3, 4], [-13, 1], [-3, -4], [4, -4], [5, -2], [4, -3], [4, 0], [4, -3], [2, -3], [3, -1], [0, -3], [4, 0], [2, -5], [5, -6], [0, -5], [4, -3], [4, -4], [3, -1], [0, -3], [2, -3], [3, -1], [2, -3], [0, -3], [7, -2], [2, -4], [7, -2], [0, -5], [2, 0], [5, -6], [0, -7], [5, -1], [2, -5], [4, -2], [13, -17], [4, -7], [1, -3], [3, -4], [12, -4], [0, -3], [2, -1], [7, -5], [6, -2], [0, -3], [3, -1], [2, -3], [3, -1], [0, -3], [2, -1], [3, -3], [4, -2], [2, -3], [15, -5], [0, -4], [7, -1], [3, -5], [3, -11], [2, -8], [3, -4], [1, -4], [1, -2], [3, -20], [2, -4], [5, -12], [0, -5], [2, -5], [0, -3], [2, -1], [2, -7], [-13, -2], [0, 4], [-10, 3], [-5, 5], [-15, 7], [0, 3], [-3, 6], [-5, 3], [-4, 5], [-6, 3], [-2, 2], [-8, 3], [-12, 0], [-2, -2], [-5, -1], [-1, 3], [-4, 5], [-1, 3], [-1, 8], [-2, 0], [0, 4], [-2, 6], [-5, 3], [-1, 1], [-8, 3], [-4, 5], [-10, 8], [-23, 1], [-5, -2], [-18, 0], [-6, 2], [-1, 1], [-6, 3], [-23, 1], [-67, 14], [-41, 0], [-3, 2], [-10, 0], [-1, 1], [-9, 2], [-5, 6], [-2, 6], [-3, 3], [-2, 5], [-4, 8], [-1, 3], [-3, 0], [-1, 7], [-9, 5], [-30, 9], [-1, 2], [-16, 4], [0, 3], [-11, 6], [-1, 1], [-5, 2], [0, 4], [-3, 1], [-4, 3], [-2, 2], [0, 3], [-5, 2], [-1, 3], [-4, 5], [-1, 3], [-4, 5], [-3, 6], [-5, 7], [0, 5], [-8, 7], [-3, 1], [-1, 8], [-5, 2], [-2, 4], [-3, 4], [-4, 3], [-1, 6], [-14, 5], [0, 3], [-3, 1], [-2, 2], [-4, 10], [-4, 5], [-2, 11], [0, 10]], [[34158, 1707], [5, 3], [20, 0], [16, 4], [19, -2], [1, -1], [3, -1], [1, -7], [3, 1], [0, -4], [-15, 4], [-3, 2], [-48, 1], [0, -2], [-2, 0], [0, 2]], [[34162, 2627], [1, 8], [0, 13], [4, 7], [0, 6], [4, 2], [1, 5], [3, 0], [3, 10], [-1, 10], [1, 0], [10, 1], [-1, -11], [4, -2], [-3, -9], [6, -3], [22, 1], [1, -2], [7, -2], [3, 6], [0, 5], [-1, 5], [-3, 5], [-2, 2], [-4, 0], [-4, 4], [-3, 10], [-3, 4], [-10, 4], [0, 3], [6, 1], [5, -5], [8, -1], [2, -2], [8, 0], [1, -1], [6, -3], [8, -1], [1, -5], [8, 1], [1, -1], [5, -1], [0, -3], [14, -4], [4, -3], [6, 0], [8, -3], [15, -3], [15, 1], [-3, -10], [-3, -5], [-1, -3], [-3, -1], [-1, -3], [-3, -4], [-1, -4], [-2, 0], [-2, -16], [2, 0], [0, -18], [-4, -8], [0, -7], [-3, -2], [-6, -9], [-4, -3], [-2, 0], [-4, 3], [-5, 0], [-4, -2], [-10, 2], [-9, -2], [-7, -3], [-11, -2], [-3, 0], [0, 4], [-19, 5], [-5, 0], [-21, 8], [-7, 4], [-10, 12], [0, 4], [-5, 11]], [[34210, 4297], [4, 1], [2, 18], [1, 1], [5, -2], [4, 1], [0, 3], [4, 2], [2, 10], [4, 1], [3, 8], [3, -1], [2, 2], [2, 1], [2, 3], [1, 3], [2, 0], [0, -5], [2, 0], [1, 5], [2, 1], [12, -1], [0, -3], [2, -1], [5, -5], [4, -2], [6, 0], [3, -3], [5, -1], [0, -2], [-1, 0], [0, -3], [6, -4], [5, 0], [8, 3], [1, 0], [5, -4], [4, 0], [2, -3], [10, -5], [13, -3], [0, -3], [5, -1], [10, -4], [0, -4], [5, -1], [0, -7], [2, 0], [5, -6], [1, -9], [0, -13], [-2, 0], [-3, -4], [-5, -1], [-4, -3], [-5, -1], [0, -3], [-5, -1], [-7, -3], [-2, -2], [-20, 1], [-15, -3], [-10, 1], [-3, 4], [-31, 0], [-3, -1], [-31, 0], [-3, 4], [-3, 2], [-2, 4], [-2, 1], [-1, 7], [-2, 4], [-3, 15], [-1, 2], [-1, 10]], [[34245, 3363], [4, 2], [11, 3], [1, 5], [7, -3], [2, -8], [-2, -1], [-5, -5], [-6, -2], [-4, -3], [-5, 0], [-2, 10], [-1, 0], [0, 2]], [[34291, 1330], [4, 1], [3, 5], [4, 7], [0, 3], [3, 0], [2, 4], [0, 6], [8, 2], [1, -3], [-1, 0], [0, -4], [-2, -1], [-2, -7], [-2, -1], [-8, -6], [-7, -9], [-1, -5], [-2, -2], [0, 10]], [[34292, 3235], [1, 0], [1, 3], [1, 2], [1, 8], [6, 3], [1, 4], [1, 1], [1, 4], [2, 1], [1, -6], [16, -6], [12, 1], [3, 1], [9, 0], [2, -3], [3, -1], [1, -4], [8, -6], [2, -3], [7, -2], [15, -2], [0, -3], [7, 0], [0, -3], [3, 0], [3, -7], [3, -9], [2, -3], [-1, -15], [2, -5], [1, -2], [1, -3], [2, -2], [4, -1], [2, -3], [0, -3], [3, 0], [0, -4], [4, 0], [1, -2], [5, -2], [1, -1], [7, -3], [6, -4], [6, -5], [5, -3], [3, 0], [6, -2], [13, -6], [1, -2], [1, -1], [-1, -2], [1, -4], [-3, 0], [-13, 5], [-5, -8], [-1, -6], [4, -5], [7, -6], [7, -4], [10, -2], [9, -3], [3, -4], [7, -4], [4, 1], [0, 2], [4, -2], [1, -2], [-1, -2], [1, -2], [9, -4], [4, 4], [2, 5], [-8, 5], [2, 1], [5, -4], [5, -2], [13, -2], [2, -2], [3, -2], [4, -3], [5, -1], [0, -1], [-3, -4], [2, -4], [4, 2], [3, -2], [5, 3], [7, 1], [6, -3], [5, -1], [-1, -1], [-3, 0], [1, -3], [2, -3], [1, 0], [2, -3], [-1, -2], [0, -1], [5, -1], [3, 0], [1, 1], [3, 1], [2, -1], [2, 1], [4, -2], [5, -2], [1, -2], [2, -3], [2, 0], [1, 4], [1, 3], [4, -1], [5, -7], [4, -3], [3, -7], [2, -6], [3, -3], [3, -8], [1, -6], [2, -3], [5, -5], [2, -4], [3, -3], [3, -4], [5, -4], [2, -3], [6, -4], [3, 0], [21, -11], [2, -2], [7, -3], [2, -1], [1, -2], [4, -5], [2, -4], [0, -3], [1, -4], [7, -7], [9, -7], [7, -3], [6, -1], [13, 2], [6, 0], [1, -2], [-1, -1], [-2, -3], [-1, -4], [-1, -5], [-4, -10], [0, -11], [4, -20], [1, -1], [0, -36], [2, -11], [4, -5], [1, -3], [3, -4], [2, -4], [6, -6], [8, -5], [10, -3], [12, -3], [2, -8], [1, -2], [3, -4], [1, 0], [3, -1], [3, -5], [-3, -16], [-3, -26], [-2, -10], [3, -1], [-5, -12], [1, -2], [2, -38], [-1, -22], [1, -23], [3, -23], [6, -18], [3, -8], [1, -5], [3, -8], [2, -5], [3, -9], [3, -7], [3, -3], [2, -7], [2, -6], [4, -8], [7, -11], [6, -8], [7, -12], [2, -5], [3, -6], [2, -8], [4, -7], [5, -8], [4, -6], [6, -8], [5, -7], [6, -11], [5, -6], [3, -5], [3, -4], [5, -7], [4, -5], [6, -7], [5, -5], [6, -5], [3, -3], [5, -3], [5, -2], [3, -4], [4, -4], [2, -3], [3, -3], [6, -3], [8, -5], [11, -3], [0, -2], [4, -2], [9, -3], [6, -3], [7, -3], [9, -1], [12, 2], [9, 2], [30, 5], [19, -1], [19, 2], [11, 5], [3, 0], [2, 2], [18, -3], [10, -7], [4, 0], [0, -4], [4, -4], [5, -3], [3, -3], [3, -2], [3, -3], [6, -2], [2, -5], [5, -2], [5, -5], [2, -3], [3, -1], [0, -3], [5, -1], [2, -3], [4, -1], [0, -3], [7, -7], [2, -1], [0, -4], [3, -2], [6, -3], [1, -2], [7, 0], [7, -5], [9, -4], [8, -2], [15, 3], [0, -3], [1, 0], [0, 3], [8, 0], [6, -2], [1, -1], [4, -2], [3, -3], [9, 0], [1, 1], [0, -4], [7, -3], [1, -1], [0, -7], [-3, 0], [0, -5], [4, -1], [0, 3], [2, 1], [0, 2], [7, 2], [0, 3], [1, 1], [6, 0], [1, 2], [4, 1], [1, 5], [-2, 0], [-1, 2], [11, 9], [6, 7], [6, 1], [5, 4], [10, 5], [10, 8], [3, 3], [5, 2], [3, 3], [4, 5], [6, 8], [2, 2], [15, 8], [9, 6], [4, 5], [3, 1], [5, 5], [3, 0], [-1, -9], [5, -5], [2, -6], [1, -2], [0, -5], [14, 5], [7, 7], [1, -5], [-1, -1], [0, 1], [-4, -1], [0, -2], [-2, -1], [0, 2], [-14, -7], [0, -6], [2, -5], [7, -4], [6, -5], [7, -2], [5, -3], [4, -2], [8, -2], [5, -2], [7, -2], [9, -3], [9, -5], [8, -2], [4, -2], [3, -3], [1, -3], [2, -4], [0, -3], [2, -13], [6, -1], [1, -5], [-2, 1], [-1, -1], [0, -4], [1, -1], [2, -7], [3, 0], [-2, -3], [1, -8], [4, -6], [3, -4], [3, -3], [2, 0], [1, -7], [2, -1], [0, -3], [3, -3], [2, 0], [4, -5], [2, -7], [-1, -10], [-3, -5], [-5, -9], [-1, -4], [-1, -3], [-1, -4], [2, -5], [4, -7], [0, -5], [6, -8], [-1, -3], [5, -6], [3, -1], [1, -5], [5, -2], [3, -3], [8, -6], [14, -3], [10, 0], [3, 1], [5, 1], [0, 4], [5, 4], [4, 1], [0, 3], [3, 3], [0, 3], [4, 1], [2, 3], [1, 3], [2, 3], [5, 1], [3, 4], [1, 4], [4, 0], [1, 5], [2, 1], [5, 5], [5, 6], [5, 3], [2, 6], [3, 2], [1, 3], [1, 2], [1, 3], [7, 2], [5, 10], [0, 5], [3, 0], [1, 5], [2, 2], [26, 2], [2, -9], [5, -2], [2, -2], [3, 0], [-1, -3], [-5, -2], [1, -13], [4, -2], [3, -11], [2, 0], [2, -3], [0, -4], [2, 0], [2, -5], [6, -3], [1, -6], [13, -3], [0, 3], [2, 0], [0, -3], [13, 6], [8, 8], [5, 3], [0, 3], [13, 16], [1, 7], [3, 0], [1, 10], [3, 0], [0, 6], [1, 4], [3, 31], [-2, 14], [-1, 4], [0, 5], [-3, 14], [0, 5], [-3, 5], [-4, 18], [-2, 5], [0, 3], [-3, 5], [-2, 11], [-2, 2], [-1, 5], [-3, 4], [0, 4], [-2, 2], [-5, 3], [0, 3], [-2, 0], [0, 3], [-3, 1], [-2, 5], [-4, 1], [-3, 3], [-16, 1], [0, 3], [-18, 1], [0, 2], [5, 0], [-1, 10], [-3, 0], [-1, 16], [-2, 5], [-2, 2], [0, -4], [-8, -1], [-1, -1], [-1, 0], [-1, 1], [0, 3], [-3, 0], [0, -4], [-2, 0], [-2, -2], [-4, -3], [0, -3], [-1, -2], [0, -13], [1, -1], [6, -18], [3, -6], [3, -9], [3, -3], [0, -3], [3, -7], [1, -3], [4, -4], [2, -1], [2, -4], [5, -3], [1, -1], [5, -3], [2, -3], [1, -5], [2, -1], [0, -4], [5, 0], [2, -3], [-3, 0], [2, -6], [1, -2], [0, -2], [-6, -11], [-3, -8], [-10, 0], [-23, 6], [-15, 2], [-34, -3], [-10, -3], [-2, -3], [-7, -2], [-16, 0], [-5, 2], [0, 10], [-4, 0], [-1, 3], [-5, 5], [-2, 6], [-4, 5], [-3, 29], [-3, 4], [-2, 11], [12, -1], [0, 1], [-7, 1], [-4, 5], [-1, 4], [0, 3], [-1, 1], [-5, 2], [0, 3], [4, 2], [0, 8], [1, 2], [0, 8], [3, 2], [2, 3], [1, 5], [2, 2], [0, 1], [-5, 4], [-1, 0], [-5, -3], [-4, -1], [-2, -7], [-5, -3], [0, -3], [-3, 0], [-2, -18], [-1, 0], [-2, 9], [-1, 13], [2, 1], [4, 5], [6, 5], [5, 7], [10, 10], [4, 6], [3, 2], [3, 8], [4, 13], [2, 3], [4, 5], [9, 10], [4, 5], [3, 4], [8, 12], [1, 9], [-2, 19], [-2, 8], [0, 7], [-1, 3], [-1, 18], [-2, 6], [2, 1], [-1, 17], [2, 2], [1, 10], [1, 2], [0, 9], [-2, 4], [0, 13], [3, 9], [2, 5], [0, 9], [3, 5], [0, 8], [-2, -1], [0, -1], [-2, 0], [0, 2], [2, 1], [3, 4], [14, 16], [10, 9], [1, 9], [-17, 12], [-1, 3], [1, 2], [1, 3], [3, -1], [11, -7], [6, 5], [4, 4], [3, 11], [7, -2], [6, -3], [2, -7], [4, -7], [1, -7], [3, -9], [7, -7], [6, -2], [4, 0], [6, -2], [8, 5], [4, 5], [1, 6], [-2, 8], [1, 4], [0, 2], [-2, 2], [2, 10], [1, 1], [0, 9], [-3, 4], [-5, -1], [-4, -2], [1, -5], [-4, 1], [-3, 7], [-1, 3], [2, 4], [6, 1], [9, 3], [4, 1], [1, 2], [1, 3], [1, 4], [1, 12], [-4, 15], [3, 1], [4, 4], [1, 2], [1, 3], [2, 2], [1, 3], [2, 0], [3, -1], [5, 0], [2, -1], [5, -7], [17, 1], [10, 1], [4, 0], [2, 2], [7, 3], [2, 0], [2, 4], [5, 7], [-2, 7], [-5, 6], [3, 9], [6, 3], [6, -5], [-2, -12], [-3, -5], [-1, -4], [0, -5], [3, -4], [1, -4], [2, -3], [4, -1], [1, -2], [3, -1], [1, 7], [2, 2], [3, 1], [1, -3], [1, -2], [0, -6], [-2, -6], [-6, 0], [-1, -1], [0, -6], [6, -2], [0, -3], [9, -1], [5, 3], [-3, -4], [-2, -1], [0, -2], [4, -2], [1, 4], [0, 11], [2, 3], [-1, 5], [1, 0], [2, -3], [1, -6], [-3, 0], [1, -2], [-1, -8], [3, 0], [0, 3], [1, 0], [-2, -10], [0, -8], [2, -3], [0, -5], [1, -2], [1, -3], [4, 2], [1, -5], [0, -2], [-1, -3], [0, -2], [2, -3], [0, -8], [9, -1], [4, 2], [2, 3], [1, -15], [0, -3], [-3, 0], [0, -2], [4, 0], [-1, -10], [-3, -2], [-6, -5], [-4, -1], [1, -5], [1, -2], [0, -3], [-2, -5], [-3, -5], [-1, -23], [3, 0], [4, 3], [4, 1], [2, -8], [1, 6], [0, 7], [1, 3], [-1, 8], [1, 7], [5, 6], [2, 7], [4, 2], [5, 2], [1, 8], [2, 0], [0, 16], [4, -2], [1, -4], [3, 0], [-2, -9], [-6, -6], [-2, -12], [-5, 2], [0, -17], [-3, -9], [-1, -2], [2, -2], [2, 0], [3, 4], [2, 0], [1, 10], [3, 0], [1, -10], [-1, -2], [-1, -10], [-3, 0], [0, -1], [-2, -12], [4, 2], [-4, -7], [-2, -1], [2, -4], [4, 2], [3, 0], [4, 12], [0, 3], [-3, 5], [1, 10], [2, 0], [3, -10], [4, 2], [-1, -4], [1, -11], [4, -1], [2, 3], [1, -2], [-1, -6], [4, 0], [1, 8], [1, 0], [1, -3], [-1, -7], [-2, 0], [-2, -7], [-8, -3], [-2, -7], [-7, -5], [-2, -1], [-3, -5], [-1, -10], [0, -5], [6, 2], [2, -8], [-5, 1], [-1, -11], [2, -2], [3, -8], [2, -11], [9, -3], [2, -4], [1, -4], [2, 0], [4, -5], [0, -5], [4, -2], [3, -4], [3, -27], [4, -6], [1, -3], [4, -4], [2, -1], [-2, -8], [-1, -10], [4, -8], [1, -3], [5, -2], [0, -3], [2, -3], [3, 0], [0, -4], [5, -4], [5, 0], [0, -4], [8, -3], [0, -5], [2, 0], [2, -2], [2, -1], [0, -3], [5, -1], [3, -10], [3, -5], [1, -2], [2, -5], [1, -17], [1, -2], [0, -5], [5, -6], [2, -1], [9, 1], [1, 5], [3, 0], [-1, 5], [2, 0], [0, -7], [3, -1], [2, -2], [1, 2], [-1, 3], [4, -1], [3, 1], [0, 3], [5, -1], [-2, 3], [-1, 6], [1, 0], [2, -6], [22, 1], [3, -3], [2, 1], [1, -3], [1, -2], [2, -5], [2, -3], [3, -5], [2, -13], [4, -1], [0, -10], [3, -8], [2, -4], [4, -11], [2, -2], [0, -6], [3, 0], [3, -16], [3, -2], [3, -8], [5, -1], [0, -4], [6, -3], [1, -5], [-2, -3], [4, 0], [1, -3], [1, -2], [1, -8], [4, -2], [0, -3], [6, 0], [-1, -5], [2, 0], [1, -4], [2, -4], [1, -6], [4, -4], [4, -1], [4, -6], [-7, -2], [2, -5], [3, -2], [0, -3], [7, -2], [1, -2], [18, 1], [4, 1], [13, 3], [0, 3], [17, 2], [1, 5], [5, 3], [8, 0], [1, 1], [6, 4], [1, 1], [7, 1], [1, 4], [1, 3], [3, 2], [3, 0], [-1, -4], [8, 0], [2, 3], [5, -1], [0, -3], [10, 3], [2, -11], [4, -5], [0, -2], [-3, -1], [1, -11], [-3, -4], [0, -8], [-1, -6], [2, 0], [1, -7], [-2, 2], [-1, -5], [0, -1], [-4, -1], [-1, -10], [-3, 0], [0, -5], [1, -1], [0, -4], [-3, -5], [0, -4], [-3, -1], [-2, -4], [-9, -5], [-2, -2], [-2, -5], [-1, -3], [-4, 1], [1, -3], [-1, -1], [-2, -1], [0, -3], [-6, -2], [0, 4], [-2, -1], [-1, 1], [0, 3], [-1, 0], [0, -4], [-3, 0], [-6, -1], [0, -4], [-1, 0], [0, 4], [-5, -1], [-3, 1], [0, 1], [-2, 0], [-2, -3], [-2, 0], [0, 2], [1, 1], [2, 1], [0, 2], [3, 0], [0, 1], [-10, 0], [-4, -2], [0, -3], [3, 0], [0, 2], [1, 2], [2, 0], [3, -1], [0, -1], [-1, -2], [-1, -1], [-2, -1], [1, -3], [2, 0], [6, 3], [-1, -10], [8, 2], [0, 3], [2, -1], [1, 6], [5, 1], [2, 0], [-1, -1], [1, -3], [0, -5], [-4, -1], [-5, -3], [-3, 0], [-3, -7], [-4, -2], [-3, -3], [-5, -1], [0, 3], [-1, 0], [0, -4], [-2, 0], [0, -4], [-9, 1], [-6, -6], [-3, -8], [-1, -5], [-3, 2], [1, -10], [3, -3], [1, -7], [3, -5], [-1, -14], [1, 0], [2, 9], [1, 2], [0, 8], [3, 5], [1, 5], [1, 2], [1, 6], [5, 7], [1, 3], [0, 3], [3, 2], [6, 6], [9, 3], [11, 2], [10, 5], [2, 4], [8, 2], [6, 4], [1, 0], [12, 6], [3, 7], [5, 2], [2, 3], [1, 3], [5, 2], [2, 3], [0, 2], [-2, 6], [-2, 1], [0, 1], [3, 1], [1, 1], [3, 0], [2, 2], [4, 6], [3, -1], [-1, 1], [2, 2], [1, -2], [2, 1], [-2, 4], [10, 7], [26, 18], [1, -2], [-1, -1], [6, -16], [1, 1], [3, -8], [-2, -1], [3, -3], [1, 1], [2, 0], [4, 3], [0, -1], [-1, -3], [-1, -5], [1, -6], [3, -7], [1, -2], [-2, -3], [-5, -9], [-9, -20], [-9, -16], [-8, -19], [-1, -12], [0, -7], [2, -3], [0, -3], [2, -8], [2, -2], [1, -4], [0, -4], [-2, 1], [-1, -4], [-2, -4], [-2, -7], [0, -7], [8, -5], [-1, -3], [-2, 1], [-5, -6], [-3, -4], [-4, -6], [-2, -4], [-2, -5], [1, -1], [-1, -6], [1, -1], [-2, -2], [-1, -3], [-15, -11], [-10, -7], [-4, -3], [-1, -2], [-1, -3], [-4, -5], [-3, -6], [-5, -9], [-12, -16], [0, -2], [-5, -6], [-2, -3], [-2, -4], [-1, -3], [0, -3], [2, -2], [-2, -10], [1, -3], [-2, -5], [1, -3], [-1, -3], [0, -12], [-1, -4], [0, -14], [1, -3], [3, 0], [4, -7], [4, -6], [6, -1], [4, -1], [6, 2], [2, 0], [2, -4], [0, -6], [1, -3], [6, -4], [1, -3], [-1, -4], [-5, -12], [-3, -8], [-2, -6], [-1, -7], [0, -22], [3, -13], [1, -5], [0, -17], [2, -4], [-1, -16], [-2, -13], [2, -3], [-3, -10], [-1, -4], [-1, -7], [0, -9], [3, -13], [1, -5], [2, -2], [-1, -10], [1, -7], [4, -7], [2, -3], [4, -3], [3, -5], [2, -10], [3, -5], [4, -6], [6, -15], [1, -3], [3, -6], [2, -5], [3, -8], [3, -5], [4, -3], [5, -3], [5, -1], [5, 1], [2, 1], [1, -4], [-2, -7], [-3, -8], [-1, -6], [-1, -7], [-3, -16], [-3, -8], [-2, -4], [0, -3], [-4, -14], [-4, -9], [-2, -4], [0, -8], [1, -8], [-4, -12], [-5, -11], [-7, -10], [-14, -8], [-10, -6], [-9, -3], [-10, -2], [-9, 0], [-13, 1], [-12, 2], [-14, 4], [-17, 3], [-10, 3], [-5, 4], [-17, 19], [-4, 8], [-7, 16], [-3, 13], [-11, 14], [-15, 27], [0, 2], [-4, 7], [-5, 7], [-2, 3], [-6, 10], [-4, 11], [-5, 10], [-3, 10], [-3, 4], [-8, 11], [-7, 7], [-22, 17], [-3, 4], [-15, 13], [-5, 4], [-8, 6], [0, 6], [-4, 3], [-3, 2], [-9, 5], [-6, 2], [-7, 4], [-30, 7], [-15, 3], [-10, 3], [-36, 6], [-3, 2], [-13, 2], [-14, 4], [-9, 0], [-5, 1], [-13, -1], [-9, 1], [-9, 5], [-22, 3], [-12, 4], [-11, 2], [-8, 5], [-2, 7], [1, 14], [5, 5], [8, 7], [3, 1], [3, 3], [10, 1], [6, 2], [17, 6], [5, 1], [4, 2], [6, 1], [4, 3], [3, 0], [1, -2], [4, 0], [2, 2], [5, -2], [10, 5], [9, -1], [3, 2], [4, -1], [13, 7], [6, 4], [6, 8], [4, 3], [5, 1], [4, 1], [3, 3], [2, 3], [2, 2], [2, 0], [9, 17], [6, 13], [8, 18], [5, 11], [2, 5], [4, 12], [3, 11], [2, 11], [1, 10], [-1, 24], [-3, 21], [-3, 19], [-2, 10], [-2, 8], [-10, 25], [-3, 0], [0, 1], [2, 0], [0, 1], [-1, 2], [-1, 3], [-2, 3], [-2, -2], [-1, 0], [0, 1], [2, 2], [0, 3], [-4, 6], [-1, 2], [-1, 0], [-1, -1], [-1, 0], [0, -1], [-2, 0], [-2, 2], [-1, 0], [0, 1], [1, 0], [3, -1], [1, 0], [1, 1], [0, 1], [-1, 0], [0, 1], [-1, 0], [-1, 3], [-1, 1], [-3, 2], [-6, 3], [-6, 0], [-2, 1], [-4, 6], [-8, 6], [-4, 1], [-4, 3], [-5, 2], [-1, -3], [0, -9], [-1, 0], [0, 12], [-7, 1], [-4, 5], [-8, -1], [1, 3], [-5, 4], [-8, 4], [0, 1], [-3, 0], [-1, -3], [2, -6], [2, -1], [0, -1], [-3, 1], [-2, 10], [-7, 4], [-12, 5], [-7, 4], [-12, 1], [-2, 2], [-5, 0], [-9, 3], [-10, -1], [0, 3], [-31, 3], [-1, 2], [-14, 6], [-9, 0], [-32, 6], [-6, -2], [-27, -2], [-3, -2], [-4, 0], [-3, -1], [-4, 0], [-4, -2], [-4, 0], [-25, -9], [-10, -5], [-9, -3], [-3, 0], [-5, -4], [-20, -7], [-4, -3], [-3, 0], [-6, -3], [-3, 0], [-5, -4], [-2, 0], [-6, -3], [-3, 0], [-5, -4], [-14, -3], [-2, -2], [-13, -2], [-43, -2], [-10, -2], [-2, -2], [-12, 2], [-42, -3], [-7, 2], [-3, -5], [-5, 0], [-4, 3], [-10, 1], [-4, -3], [-9, -3], [-2, 8], [-2, 2], [0, -10], [-2, -8], [1, 0], [1, 7], [3, -3], [4, 1], [-2, -3], [-1, -3], [-4, -1], [-1, -9], [-3, -4], [-2, -6], [-2, -30], [0, -21], [-2, 0], [-2, -6], [-3, -3], [-8, -1], [-1, -8], [-6, -3], [-6, 0], [-3, -3], [-2, 0], [-14, 4], [-3, 4], [-38, 7], [-7, 3], [-2, 2], [-5, 1], [0, 1], [-1, 3], [-8, 2], [0, 3], [-6, 1], [-1, 1], [-23, 9], [0, 3], [-6, 0], [-3, 11], [-3, 0], [0, 4], [-4, 8], [-8, 10], [-4, 1], [0, 3], [-1, 2], [-1, 3], [-6, 2], [0, 3], [-15, 2], [-1, 2], [-8, 3], [-1, 1], [-7, 3], [0, 3], [-7, 0], [0, 3], [-8, 1], [0, 4], [-2, 0], [-4, 4], [-6, -1], [-3, 13], [-3, 8], [-3, 3], [-2, 10], [-4, 1], [-1, 1], [-5, 2], [-3, 4], [-7, 4], [-8, 9], [-6, 3], [-9, 9], [-2, 12], [-4, 4], [-4, 7], [-1, 3], [-2, 0], [-1, 5], [-4, 6], [-1, 5], [-1, 2], [0, 6], [1, 2], [0, 10], [-3, 10], [-4, 6], [-1, 5], [-3, 4], [-3, 2], [-1, 3], [-8, 2], [0, 3], [-2, 1], [-2, 2], [-2, 0], [-1, 7], [-8, 3], [-1, 3], [-7, 7], [-6, 2], [-27, -1], [-12, -3], [-8, 0], [0, 1], [-1, 3], [-3, 1], [-1, 1], [-5, 2], [-5, -5], [-2, 0], [-4, 4], [-3, 1], [0, 5], [-1, 1], [-5, -2], [-6, -1], [0, -3], [-3, 0], [-2, 6], [-4, 1], [-3, 5], [-16, 4], [-3, 11], [-2, 0], [-1, 3], [-5, 1], [-7, 5], [-2, 4], [-3, 2], [-4, 3], [-8, 3], [-4, 4], [-2, 4], [-9, 8], [-5, 3], [-1, 6], [-3, 1], [-2, 2], [-3, 9], [-6, 8], [-2, 6], [-6, 2], [-2, 3], [-3, 5], [-4, 4], [-3, 2], [0, 5], [-4, 4], [-4, 3], [-3, 2], [-2, 1], [-6, 1], [0, 3], [-5, 3], [-3, -1], [-2, 4], [-5, 3], [-5, 5], [-7, 8], [-2, 0], [0, 5], [-4, 1], [-6, 5], [-2, 4], [0, 3], [-4, 4], [-3, 2], [0, 4], [-4, 0], [-1, 3], [-1, 2], [-1, 4], [-2, 1], [-6, 7], [-5, 4], [-3, 4], [-3, 0], [-1, 4], [-5, 5], [-7, 8], [-2, 1], [-1, 3], [-3, 3], [-1, 5], [-5, 7], [0, 3], [-1, 2], [-4, 13], [-2, 1], [-5, 16], [-1, 2], [-1, 6], [-2, 2], [-5, 26], [-1, 3], [-1, 8], [-1, 5], [0, 17], [-1, 4], [-1, 22], [-1, 3], [-2, 16], [2, 2], [1, -3], [5, 0], [1, 5], [0, 1], [-1, 2], [-5, 14], [0, 18], [-1, 1], [-5, 1], [0, -3], [-3, 0], [0, 4], [-9, 26], [-6, 8], [0, 4], [-3, 0], [-3, 4], [1, 4], [-3, 0], [-2, 3], [0, 3], [-7, 2], [-2, 4], [-7, 2], [0, 3], [-5, 2], [0, 8], [-2, 1], [-1, 0], [-2, 7], [-6, 2], [-2, 4], [-3, 3], [0, 5], [1, 2], [-3, 1], [-2, 4], [-4, 4], [-5, 2], [3, 1], [-2, 6], [-2, 8], [-7, 7], [-7, 6], [-2, 0], [-9, 8], [-4, 2], [-2, 2], [0, 5], [-7, 1], [-7, 7], [-3, -1], [-2, 2], [-3, 2], [-7, 6], [-6, -1], [-10, 4], [-3, 2], [-6, 1], [-7, -2], [-4, 2], [-11, -3], [-8, -5], [-4, -3], [-5, -2], [-1, -3], [0, -4], [3, -2], [3, 0], [5, 1], [4, 1], [6, 1], [4, 4], [4, -1], [9, -1], [8, -4], [4, -1], [5, -1], [1, -2], [1, -4], [4, -3], [-1, -2], [-10, -2], [-10, 1], [-9, -4], [-8, 1], [-9, 2], [-7, -1], [-1, 2], [-7, 0], [-7, -2], [-5, 5], [-10, -3], [-22, -9], [-9, 0], [-14, 1], [-5, 2], [-3, 2], [-3, 5], [-1, 7], [2, 9], [3, 5], [1, 6], [-1, 8], [1, 2], [1, 8], [0, 6], [1, 6], [2, 5], [2, 4], [4, 16], [3, 6], [2, 3], [3, 4], [4, 8], [7, 3], [5, 3], [4, 3], [2, 4], [3, 5], [5, 10], [7, 15], [7, 19], [2, 7], [0, 3], [2, 10], [2, 12], [2, 11], [-3, 16], [-1, 2], [0, 3], [-2, 2], [-2, 7], [-3, 7], [-3, 6], [-2, 2], [-4, 7], [-3, 5], [-5, 6], [-7, 6], [-4, 0], [-11, 10], [-8, 10], [-3, 3], [0, 4], [1, 4], [-4, 10], [-9, 12], [2, 2], [2, 18], [-2, 5], [-5, 6], [-12, 6], [-14, 2], [-11, 0], [-7, -3], [-13, -2], [-4, 2], [2, 3], [4, 3], [0, 3], [-3, 5], [-1, 13], [0, 18], [-2, 1], [0, 13], [-2, 4], [-3, 4], [-1, 5], [-2, 0], [-1, 4], [-2, 4], [-4, 5], [-1, 3], [-1, 10], [-1, 2], [0, 29], [-2, 5], [0, 8], [-1, 2], [0, 6], [1, 2], [-2, 0], [0, 5]], [[34447, 3842], [2, 0], [11, 1], [3, -3], [-1, 5], [2, 0], [2, -3], [0, -3], [-1, -2], [13, -1], [7, -1], [3, 0], [2, -1], [1, -2], [3, -2], [7, -4], [19, 0], [2, -1], [3, -1], [3, 0], [3, -2], [4, -2], [1, -2], [6, -2], [0, -3], [3, 0], [6, -8], [0, -4], [2, -5], [2, -16], [2, -5], [1, -18], [4, -4], [14, -2], [0, -3], [5, -1], [3, -5], [1, -4], [13, 0], [2, -3], [3, -1], [0, -3], [5, 0], [0, -2], [-6, -1], [-5, -3], [-4, -5], [-5, -2], [-1, -2], [-4, 0], [0, -4], [-3, 1], [-1, -2], [-6, -3], [-4, -5], [-6, -6], [-1, -4], [-3, -1], [-4, -15], [-4, -5], [-1, -19], [-1, -5], [-6, -4], [-2, -1], [-1, -7], [-10, -1], [-11, -5], [-1, -1], [-6, -4], [-8, 1], [0, 3], [-6, 0], [-1, 3], [0, 1], [-5, 2], [-1, 4], [-2, 2], [-2, 1], [-1, 3], [-1, 2], [-1, 24], [-2, 5], [-3, 8], [-4, 3], [0, 3], [-1, 2], [-4, 21], [-1, 2], [-1, 4], [-4, 7], [-4, 3], [-4, 0], [-1, 1], [7, 2], [3, 2], [2, 4], [1, 6], [1, 25], [0, 26], [-1, 3], [1, 18], [0, 2], [-1, 1], [-6, 4], [-4, -1], [-2, 1], [-3, 2], [-3, 0], [0, -3], [-1, 0], [-1, 15], [1, 3], [-2, 0], [0, 2]], [[34451, 3989], [4, 4], [5, -1], [2, -8], [3, 0], [1, 2], [8, 4], [1, 8], [-3, 1], [-1, 2], [-2, 1], [0, 1], [2, 0], [0, 3], [7, 2], [3, -5], [1, -7], [1, -1], [1, -4], [9, -2], [7, 1], [1, -2], [0, -5], [-2, -2], [-4, -2], [-10, 2], [-2, -3], [-1, -4], [-6, -3], [-10, 0], [0, -5], [-4, 1], [-1, 0], [0, 5], [2, 0], [-1, 8], [-1, 1], [-3, 0], [-1, -1], [-1, 0], [-3, 4], [-2, 5]], [[34455, 1780], [1, 3], [1, 9], [3, 1], [2, 5], [0, 2], [-1, 3], [-2, 2], [0, 1], [1, 1], [5, 0], [2, 1], [0, -3], [-3, 0], [2, -12], [3, 2], [1, -3], [4, -5], [-1, -15], [-6, -2], [-7, 0], [-1, 4], [-2, 0], [-2, 3], [0, 3]], [[34512, 1090], [10, 9], [10, 5], [9, 1], [0, -2], [-3, 0], [0, -1], [-5, -5], [-2, 0], [-5, -5], [-3, 0], [-11, -4], [0, 2]], [[34581, 1717], [1, 0], [2, 5], [2, 0], [0, 4], [1, 0], [2, -3], [3, -9], [-1, -3], [3, -2], [4, -1], [0, -5], [-3, -6], [-2, 0], [-4, 11], [-1, 2], [-5, 3], [-1, 3], [-1, 0], [0, 1]], [[34680, 3293], [1, 2], [2, 8], [4, 7], [1, 5], [0, 5], [1, 5], [2, 1], [1, 7], [4, 2], [0, 3], [4, 2], [0, 4], [4, 12], [1, 2], [5, 14], [1, 2], [-1, 8], [1, 15], [12, -1], [4, 2], [28, -3], [11, 2], [4, -1], [13, -2], [2, -1], [6, 0], [3, -2], [11, 1], [3, -2], [30, 4], [4, 2], [9, 0], [10, 3], [1, 2], [5, 0], [14, 7], [1, 1], [11, 6], [3, 0], [6, 5], [1, 0], [3, -2], [1, 0], [1, 2], [4, 1], [3, 4], [3, 1], [1, -4], [2, 3], [4, 3], [4, 2], [5, 7], [8, 8], [5, 2], [2, 4], [1, 3], [2, 1], [1, 2], [3, 0], [1, 5], [1, 1], [3, -1], [1, 5], [3, 0], [1, 5], [6, 4], [9, 13], [2, 3], [3, 5], [2, 3], [5, 7], [0, 3], [5, 6], [3, 1], [0, 3], [2, 2], [0, 3], [3, 3], [2, 1], [1, 9], [5, 2], [0, 3], [3, 0], [1, 7], [4, 0], [3, 10], [2, 3], [2, 7], [3, 2], [2, 1], [1, 5], [1, 2], [0, 5], [3, 0], [2, 11], [3, 0], [2, 10], [3, 0], [1, 10], [4, 2], [0, 5], [3, 6], [1, 15], [-1, 5], [-2, 1], [-1, 5], [-6, 7], [0, 3], [4, -2], [0, -3], [3, -1], [1, -1], [7, -3], [16, -2], [1, -1], [6, -3], [0, -3], [8, 0], [0, -3], [20, -4], [7, 2], [5, -2], [6, -5], [5, -6], [-1, -2], [3, -4], [7, -7], [3, -6], [4, -5], [2, -5], [1, -5], [1, -14], [-2, -16], [-1, -1], [0, -7], [-2, -7], [2, -1], [0, -10], [3, 3], [3, 0], [1, 7], [3, 0], [0, 3], [5, 1], [3, 4], [4, 0], [3, -11], [1, -2], [3, -9], [1, -2], [1, -5], [2, 0], [2, -5], [5, -1], [0, -3], [2, 0], [1, -5], [3, -7], [-1, -8], [-2, -3], [0, -7], [-3, 0], [1, -6], [-1, -3], [-2, -1], [-1, -9], [-3, 0], [0, -4], [-2, 0], [-2, -6], [-2, -1], [-3, -8], [-3, -3], [1, -5], [3, 0], [0, -3], [-7, -1], [-2, -2], [-4, 1], [-2, -6], [-5, -2], [-1, -3], [-5, -7], [-6, -13], [-1, -5], [-2, 0], [-3, -10], [-1, -2], [-2, -6], [-1, -2], [-2, -10], [-2, 0], [-1, -24], [2, -3], [0, -4], [4, -6], [4, -11], [0, -4], [3, -5], [3, -6], [5, -6], [2, -7], [3, 0], [0, -3], [2, -2], [2, -8], [2, 0], [1, -6], [3, 0], [1, -3], [1, -2], [1, -5], [4, -8], [7, -8], [0, -5], [5, -6], [3, 0], [0, -5], [3, -1], [1, -2], [2, 0], [2, -7], [2, -1], [0, -4], [3, 0], [0, -6], [6, -15], [1, -1], [1, -5], [2, -3], [5, -2], [0, -3], [4, -3], [4, 0], [0, -4], [5, 0], [4, -3], [18, -5], [3, 0], [11, -3], [21, 1], [0, -5], [5, -1], [2, -3], [1, -5], [5, -1], [1, -2], [3, 0], [2, -4], [0, -4], [10, 3], [0, -3], [8, -3], [11, 0], [3, -8], [4, -3], [2, 0], [1, 2], [7, 1], [1, 15], [4, 0], [3, -10], [2, -3], [1, -5], [8, -4], [1, -2], [4, 0], [0, -5], [2, -3], [9, -4], [8, -1], [2, 3], [0, 4], [-1, 1], [5, 2], [2, -11], [-3, -1], [-1, -2], [-6, -3], [-1, 4], [-6, -1], [0, 1], [-1, 3], [-8, -2], [0, 5], [-5, 6], [-2, 1], [-3, 0], [-7, -3], [-3, -4], [-5, -1], [-5, -7], [-4, 0], [-1, 1], [1, -7], [1, -1], [1, -4], [2, -2], [9, -3], [1, -2], [11, -5], [1, -12], [-3, 0], [1, -9], [-1, -5], [0, -10], [1, -3], [2, -4], [2, -1], [1, -3], [3, -2], [1, -2], [1, -8], [-2, 1], [-2, 2], [-11, 3], [-1, -1], [0, -3], [2, 0], [1, -2], [0, -5], [2, -5], [1, -5], [3, 0], [-1, -14], [2, -8], [-5, -5], [-11, -1], [0, 4], [-5, 2], [-3, 4], [-2, 3], [-4, 4], [-8, 4], [-2, 6], [-6, 2], [0, 3], [-7, 0], [0, 4], [-3, -1], [0, 4], [-1, 0], [-11, 4], [-4, -1], [-1, -1], [-10, -4], [-7, -1], [-1, -2], [-3, 0], [-6, -5], [-5, -1], [0, -3], [-4, -4], [0, 4], [-6, 0], [-2, 6], [-1, 2], [-1, 4], [-1, 0], [-1, -3], [0, -1], [-3, -1], [0, 4], [-2, 0], [0, 3], [2, 0], [-1, 2], [-3, 0], [-2, -1], [-5, 1], [-1, 1], [-3, 2], [-18, 2], [-4, -2], [-6, 0], [-2, -2], [-4, 0], [-14, -5], [-6, -5], [-3, 0], [-5, -4], [-11, -3], [-23, -4], [-1, -1], [-3, -1], [-1, -7], [-5, -2], [-1, -2], [-2, -1], [0, -3], [-5, -3], [-6, -7], [-1, -3], [-6, -1], [-2, 2], [-2, 0], [-2, -10], [-8, 2], [-2, 3], [0, -34], [-2, 0], [0, -4], [-2, -3], [4, -2], [-1, -4], [4, 0], [0, -5], [2, -2], [0, -3], [2, -3], [1, -4], [3, 0], [1, -6], [8, -6], [2, -3], [3, -1], [2, -3], [2, -6], [2, -3], [3, 0], [0, -4], [2, 0], [-1, -3], [8, -1], [2, 1], [3, -5], [0, -4], [-4, 0], [-1, -1], [0, -3], [2, 0], [1, -3], [1, -2], [0, -8], [2, -3], [-1, -3], [6, -2], [2, -5], [5, -1], [0, -3], [2, -2], [4, -11], [3, -5], [1, -3], [8, -8], [5, -1], [1, -2], [23, 1], [12, -3], [9, -4], [2, -5], [2, -2], [5, -3], [0, -3], [3, 0], [4, -6], [3, -5], [1, -5], [3, -2], [0, -6], [7, -3], [2, -3], [5, -1], [8, 1], [1, -7], [2, 0], [0, 3], [3, 2], [-1, -5], [3, 0], [0, 4], [1, 0], [1, -2], [-1, -5], [5, -1], [3, 1], [0, -3], [2, 0], [1, 2], [-1, 3], [6, -1], [3, -1], [1, 0], [3, 1], [8, 1], [0, 2], [-2, 0], [0, 5], [2, 0], [0, -3], [7, 4], [10, 1], [0, -4], [2, -2], [3, -1], [0, -3], [-4, 0], [-1, -8], [4, -2], [2, -3], [0, -3], [5, -6], [3, -1], [0, -3], [4, -1], [3, -7], [0, -3], [3, -1], [2, 2], [2, 1], [0, -4], [8, -4], [5, 0], [2, -8], [3, 0], [2, -4], [0, -4], [1, -2], [1, -8], [5, -4], [3, -1], [2, -10], [5, -1], [2, -3], [2, -2], [4, -2], [1, -3], [2, -3], [1, -3], [2, 0], [1, -3], [0, -4], [3, -4], [4, -2], [3, -2], [7, 0], [1, 1], [3, 1], [2, -3], [1, -5], [-3, 0], [-2, -8], [-2, -4], [0, -3], [1, -3], [0, -5], [3, -5], [0, -5], [4, -1], [0, -3], [3, 0], [0, -7], [6, -6], [4, -13], [2, -4], [1, -8], [2, -5], [1, -1], [3, -16], [4, -8], [3, -5], [1, -7], [4, -4], [6, -2], [0, -3], [3, 0], [3, -8], [0, -4], [2, 0], [1, -3], [2, -3], [2, -7], [2, -3], [1, -5], [2, 0], [2, -5], [5, -6], [1, -3], [9, -2], [1, 0], [0, -3], [3, 0], [-4, -11], [-4, -1], [-5, -7], [-3, -3], [-4, 0], [-3, -4], [-3, 0], [-1, -4], [-2, -2], [-4, -1], [0, -3], [-1, -1], [-10, -5], [-1, -2], [-4, -2], [-5, -7], [-2, -3], [-1, -13], [-7, -7], [0, 3], [-3, 1], [-4, 4], [0, 8], [-2, 7], [-4, 4], [-1, 4], [-6, 6], [-4, 13], [-5, 21], [0, 3], [-4, 7], [0, 3], [-3, 6], [-5, 2], [0, 3], [-5, 3], [-3, 5], [-3, 8], [2, 20], [1, 0], [0, -5], [1, 0], [0, 7], [4, 1], [-3, 18], [-1, 10], [-1, 5], [-4, 5], [-1, 6], [-6, 14], [-5, 2], [1, 5], [-2, 1], [-2, 2], [-7, 3], [-1, 1], [-7, 2], [-2, 3], [-5, 2], [0, 4], [-11, 4], [-1, 1], [-6, -2], [-5, 1], [0, 3], [-3, -3], [-1, -3], [-5, 1], [0, -3], [-4, -1], [-2, -2], [0, -2], [3, -3], [0, -2], [-2, -2], [-10, 0], [-3, 1], [-5, 1], [0, 3], [-6, -2], [-1, -2], [-3, -1], [2, -6], [-5, 0], [-2, 3], [-1, 3], [-3, 1], [-2, 4], [-3, 1], [0, 5], [-2, -1], [-20, 3], [-16, 1], [-16, 2], [-1, 1], [-22, 5], [-1, 1], [-29, 6], [-1, 2], [-7, 1], [0, 3], [-6, 2], [-3, 3], [-6, 1], [0, 3], [-8, 1], [-1, 2], [-13, 3], [-1, 1], [-7, 1], [-1, 3], [-1, 1], [-14, 5], [-8, 0], [-1, 4], [-3, 0], [-4, 5], [-6, 2], [-2, 1], [-5, 2], [-2, 3], [-5, 1], [-1, 1], [-1, 4], [-4, 0], [-1, 2], [-2, 1], [0, 3], [-4, 0], [0, 3], [-2, 3], [-3, 3], [-6, 4], [-1, 3], [-7, 1], [0, 4], [-4, 0], [-1, 1], [0, 3], [-3, 0], [0, 4], [-5, 2], [-2, 6], [-3, 2], [-3, 4], [-2, 4], [-6, 4], [-1, 3], [-2, 0], [0, 4], [-5, 1], [0, 3], [-6, 3], [-1, 4], [-7, 3], [-1, 3], [-5, 2], [-2, 4], [-8, 4], [0, 3], [-2, 1], [-4, 3], [-2, 2], [-1, 3], [-2, 1], [-3, 4], [-4, 6], [-2, 1], [-2, 4], [-3, 3], [-4, 1], [-1, 3], [-6, 4], [-1, 1], [-7, 4], [-1, 4], [-7, 3], [-24, 3], [-1, 1], [1, 5], [5, 0], [3, 5], [0, 5], [3, 0], [2, 8], [0, 13], [-2, 7], [-1, 1], [0, 4], [-4, 6], [0, 31], [-1, 2], [3, 0], [-2, 8], [0, 5], [-3, 3], [-2, 6], [-2, 0], [-1, 4], [-1, 0], [-5, 3], [-1, 3], [-7, 4], [-3, 3], [-21, 5], [-1, 1], [-5, 3], [-1, 3], [0, 1], [-3, 0], [0, 5], [-2, 1], [-4, 6], [-2, 8], [-4, 36], [-7, 24], [-1, 1], [-2, 7], [-4, 8], [-3, 5], [-2, 5], [-3, 2], [-6, 9], [-3, 2], [-6, 9], [-6, 8], [0, 3], [-5, 12], [-5, 6], [-4, 6], [-2, 1], [-1, 3], [-3, 4], [-5, 4], [-3, 8], [-4, 5], [-4, 9], [-4, 5], [-1, 4], [-4, 4], [-2, 5], [-6, 8], [-1, 5], [-3, 3], [-2, 7], [-1, 3], [-3, 0], [1, 3], [-3, 6], [-3, 1], [-2, 19], [-1, 1], [-3, 1], [0, 3], [-2, -2], [-1, 0], [0, 2], [2, 2], [-1, 13], [-6, 1], [-1, 12], [-1, 0], [-3, 1], [0, 8], [-2, 10], [-2, 0], [0, 3], [-1, 13], [-2, 0], [-2, 8], [0, 4], [-3, 4], [-2, 5], [0, 3]], [[34707, 1823], [1, 0], [2, 5], [4, 5], [1, 3], [7, -2], [7, -3], [0, -3], [27, -8], [23, -14], [2, -3], [1, -3], [2, 0], [0, -3], [3, -1], [3, -3], [7, -4], [0, -3], [5, -1], [3, -3], [5, -3], [2, -3], [0, -3], [3, -1], [1, -2], [8, -1], [4, -3], [7, -2], [2, -1], [13, -5], [3, -3], [3, -1], [1, -6], [2, 0], [2, -4], [0, -8], [3, -5], [1, -3], [9, -10], [2, -1], [1, -3], [1, -2], [3, -18], [4, -6], [0, -5], [4, -2], [2, -3], [1, -3], [2, -3], [3, 0], [1, -5], [3, -3], [2, 0], [2, -5], [2, 0], [2, -12], [-17, 5], [-1, 3], [-4, 6], [-4, 3], [-4, 2], [-3, 5], [-3, 4], [-3, 1], [2, 3], [-3, 0], [0, 4], [-15, 2], [-48, -1], [-1, -1], [0, 3], [-5, 0], [0, 5], [-8, 3], [-1, 5], [-2, 5], [1, 6], [0, 5], [4, 7], [-1, 11], [-2, 5], [-4, 3], [-1, 4], [-2, 0], [-9, 12], [-3, 0], [0, 4], [-7, 1], [0, 3], [-5, 1], [-4, 3], [-4, 2], [-1, 1], [-9, 5], [-1, 2], [-3, 0], [0, 12], [-3, 0], [0, 5], [-6, 2], [-1, 2], [-7, 3], [-1, 1], [-4, 2], [-4, 5], [-2, 0], [-1, 9], [-2, 0], [0, 3]], [[34727, 4010], [1, 6], [4, 2], [2, 3], [-1, 15], [-1, 0], [0, 10], [5, 4], [3, 0], [3, -4], [4, -2], [1, -1], [8, 0], [1, -2], [15, -1], [0, -3], [3, 0], [2, -9], [-1, -4], [6, -8], [3, -2], [7, -1], [0, -3], [13, 4], [1, 2], [5, 2], [0, 5], [2, -1], [5, -1], [0, -3], [2, -3], [3, -1], [0, -3], [6, -1], [5, -3], [4, -1], [0, -3], [1, -1], [15, -4], [1, -1], [7, -4], [6, -1], [0, -1], [-3, 0], [0, -2], [19, -7], [0, -3], [1, -1], [5, -1], [-1, -5], [9, -1], [0, -4], [10, 0], [0, 3], [4, 2], [0, -4], [1, -1], [1, 5], [-2, 3], [1, 4], [-2, 0], [0, 6], [2, 0], [5, -7], [1, -3], [4, -5], [0, -3], [8, -8], [2, 0], [1, 2], [13, 0], [9, -3], [3, -6], [1, 0], [1, -7], [-1, 0], [-2, 6], [-3, 3], [-2, 0], [-5, -4], [-2, -8], [-7, -2], [-5, -1], [-4, 0], [0, -2], [4, -1], [-1, -1], [1, -3], [2, -1], [8, -8], [11, -1], [4, -5], [2, -4], [1, -4], [5, -1], [0, -3], [8, -4], [6, 1], [2, -10], [-1, -16], [3, -3], [3, -1], [0, -3], [7, -2], [1, -2], [11, 0], [3, 2], [12, 0], [0, -4], [4, -6], [1, -7], [6, -1], [0, -3], [3, -1], [1, -2], [4, -1], [1, -3], [3, -5], [-3, 0], [-1, -3], [3, 0], [0, -3], [2, -3], [3, 0], [0, -4], [6, -2], [3, -3], [1, 0], [2, 3], [5, 0], [4, 2], [9, -1], [0, -3], [5, -1], [15, -7], [0, -3], [3, 0], [0, -3], [3, 0], [0, -3], [3, 0], [0, -3], [4, -4], [7, -4], [14, -1], [1, -1], [3, 12], [3, 2], [4, 2], [10, 1], [1, -8], [-2, -2], [-2, -10], [-1, -1], [-1, -13], [2, -5], [1, -3], [2, 0], [0, -4], [9, 1], [3, 2], [5, 0], [6, -2], [-1, -4], [2, -29], [0, -3], [-3, -1], [-1, -2], [2, 0], [1, -2], [0, -3], [1, -2], [0, -3], [4, -8], [1, -5], [-3, 0], [1, -7], [4, -4], [0, -4], [-1, -1], [-1, -5], [-2, 0], [-1, -4], [-6, -11], [1, -8], [0, -18], [2, -2], [0, -1], [-1, -1], [-2, 0], [-2, -2], [-8, -4], [0, 3], [-4, 1], [-2, 2], [-3, 7], [-2, 3], [-1, 3], [-3, 1], [0, 1], [-1, 3], [-5, 2], [-1, 1], [0, 3], [-3, 1], [-1, 2], [-4, 0], [0, 4], [-2, 0], [-3, 4], [-3, 0], [0, 4], [-7, 1], [0, 3], [-8, 0], [0, 3], [-11, 4], [-15, -1], [0, 3], [-3, 1], [-1, 2], [-4, 1], [0, 4], [-3, 0], [0, 5], [-4, 4], [-2, 6], [-3, 0], [0, 3], [-2, 0], [-1, 3], [-2, 4], [-1, 3], [-3, 0], [1, 3], [-3, 5], [0, 2], [3, 8], [-1, 8], [-3, 1], [0, 4], [-3, 6], [-2, 3], [1, 28], [-3, 12], [-1, 1], [-1, 3], [-3, 1], [-2, 4], [-4, 6], [-3, 1], [0, 3], [-5, 2], [-4, 5], [-3, 3], [-4, 3], [-4, 2], [-5, 6], [-4, 2], [-15, 1], [-1, 2], [-8, 4], [0, 3], [-3, 1], [-1, 1], [-6, 3], [-1, 13], [-2, 6], [3, 0], [0, 3], [1, 1], [0, -5], [2, -2], [0, -8], [2, -1], [4, 1], [0, -3], [5, 1], [-4, 12], [0, 1], [-5, 2], [-2, 8], [-4, 7], [-3, 4], [-4, 2], [-2, 4], [-5, 3], [-2, 3], [-5, 3], [-2, 3], [-1, 3], [-3, 1], [-4, 4], [-2, 4], [-6, 3], [-4, 3], [-3, 5], [-2, 1], [-6, 4], [-1, 1], [-7, 3], [1, 3], [-8, 3], [-1, 2], [-7, 1], [-1, 2], [-9, 5], [-6, 2], [-1, 1], [-5, 2], [-1, 1], [0, 3], [-8, 2], [0, 3], [-5, 1], [-1, 2], [-12, 5], [-5, 1], [0, 3], [-22, 5], [-24, 0], [-4, -1], [-3, -4], [-13, -1], [-3, -2], [-1, 8], [-5, 0], [0, 3], [-10, 4], [-3, 4], [-4, 1], [-1, 2], [-7, 3], [-2, 2], [-3, 0], [-2, -1], [-3, -1]], [[34864, 554], [1, 19], [3, 2], [2, 5], [3, 2], [9, 1], [1, -3], [1, -1], [1, -5], [-1, 0], [0, -8], [1, 0], [-1, -2], [0, -3], [2, -2], [0, -3], [-8, -11], [-3, -2], [-2, 0], [-5, 5], [-4, 6]], [[34904, 3858], [8, -1], [5, -2], [0, -4], [8, -4], [2, -3], [5, -1], [0, -3], [5, 0], [2, -5], [5, -6], [1, -5], [1, -3], [-2, -1], [-5, 0], [-1, 1], [0, 3], [-3, 1], [-4, 3], [-6, 7], [0, 3], [-4, 1], [-5, 7], [-6, 3], [-3, 3], [-3, 1], [0, 5]], [[34954, 3805], [2, 0], [-1, 3], [7, 1], [7, -2], [1, -4], [0, -9], [-3, -1], [-4, 0], [-5, 2], [-1, 3], [-1, 2], [0, 3], [-2, 0], [0, 2]], [[34974, 213], [0, 5], [3, 4], [0, 3], [-1, 1], [2, 1], [3, 4], [2, 0], [2, 1], [1, 1], [2, 3], [3, 1], [0, -4], [-3, 0], [0, -1], [-2, -1], [-3, -4], [0, -2], [1, -2], [0, -1], [-1, -2], [-2, -6], [-6, 0], [-1, -1]], [[34975, 318], [1, 0], [0, 3], [4, 3], [2, 3], [4, 1], [0, -3], [15, -6], [2, -2], [3, 0], [2, -3], [3, -5], [2, -5], [3, -15], [-1, -1], [6, -4], [6, 0], [2, 2], [1, -1], [1, -9], [3, 0], [4, -3], [7, -1], [1, -5], [-5, 0], [-3, -10], [-1, -5], [-6, 1], [-4, 1], [-9, 0], [-6, -2], [-2, -1], [-13, -2], [-9, -5], [-2, 0], [-1, 1], [0, 3], [4, 13], [1, 2], [1, 8], [-1, 13], [-5, -4], [0, 17], [-2, 1], [-1, 5], [-4, 7], [-1, 5], [-2, 1], [0, 2]], [[34988, 4542], [0, 1], [1, 1], [5, 0], [8, -3], [3, -5], [0, -5], [-3, 5], [-5, 3], [-9, 3]], [[35007, 1565], [2, 0], [0, 5], [13, 9], [10, 0], [2, -3], [10, 0], [4, 3], [4, 4], [2, 3], [0, 7], [-1, 1], [-5, 2], [0, 7], [6, 3], [6, 0], [14, -5], [3, -3], [5, -1], [2, -8], [-2, 0], [0, -5], [-10, -1], [-4, 5], [-2, 1], [-6, 0], [-3, -4], [-1, -3], [1, -11], [8, -3], [1, -1], [6, -1], [0, -3], [3, -3], [4, 0], [1, -5], [2, 0], [1, -4], [1, -1], [0, -13], [2, -3], [0, -7], [2, -8], [0, -3], [4, -2], [3, -5], [2, -6], [2, 0], [4, -5], [0, -5], [4, -1], [1, -5], [-2, 0], [-1, -5], [-4, -3], [-1, 0], [-3, 2], [-5, 0], [-13, 4], [-2, 6], [-1, 2], [-7, 1], [0, 3], [-7, 2], [-1, 3], [-1, 1], [-6, 1], [0, 3], [-3, 1], [-2, 2], [-2, 5], [-2, 4], [-4, 3], [-2, 1], [-1, 3], [-3, 4], [-3, 1], [0, 5], [-7, 1], [0, 4], [-4, 0], [-3, 3], [-1, 3], [-3, 1], [-2, 2], [0, 3], [-3, 0], [0, 5], [-2, 2], [0, 5]], [[35010, 4572], [0, 2], [5, 1], [2, -5], [-7, 2]], [[35021, 4525], [0, 3], [2, 2], [4, 2], [9, -2], [10, -4], [0, -4], [7, -1], [2, -4], [1, -4], [4, -2], [1, -5], [5, -6], [3, -3], [3, -1], [1, -3], [1, -2], [0, -3], [3, 0], [0, -4], [4, 0], [0, -3], [10, -6], [1, -2], [5, 0], [0, -4], [3, 0], [1, -3], [2, -7], [3, 0], [1, -5], [11, -3], [5, -7], [5, -10], [0, -3], [3, -2], [2, -1], [1, -8], [3, 0], [3, -5], [4, -9], [3, -5], [0, -1], [-1, -2], [1, -10], [-7, -1], [0, 3], [-1, 1], [-6, 2], [-2, 1], [-5, 2], [-2, 3], [-5, 2], [-4, 4], [-6, 1], [-1, 2], [-10, 5], [-2, 2], [-8, 3], [-2, 3], [-1, 3], [-6, 2], [-1, 2], [-4, 2], [-6, 8], [-3, 2], [-9, 12], [-3, 8], [-5, 2], [-2, 10], [-3, 4], [-3, 1], [0, 5], [-3, 3], [-2, 8], [-3, 4], [-1, 5], [-4, 8], [-1, 1], [-1, 5], [-1, 2], [-2, 7], [-1, 0]], [[35074, 4033], [4, 4], [3, -1], [5, -2], [1, -3], [-1, 0], [0, -2], [3, -2], [9, -1], [1, -5], [-6, 0], [-1, -4], [-1, -1], [-1, -3], [-10, 6], [-1, 4], [-2, 1], [-2, 2], [-1, 7]], [[35075, 4535], [0, 2], [1, 0], [0, 6], [7, -2], [2, -4], [4, -3], [2, -1], [0, -3], [8, -4], [1, -5], [3, 0], [0, -3], [2, 0], [2, -3], [1, -3], [3, -5], [3, -1], [7, -9], [0, -4], [3, 0], [4, -6], [2, -7], [2, -2], [3, -1], [0, -4], [2, 0], [4, -5], [3, -1], [0, -4], [3, -1], [0, -3], [3, -1], [3, -4], [1, -4], [2, 0], [2, -6], [1, -2], [1, -5], [3, -5], [0, -10], [3, 0], [0, -3], [-3, -1], [-1, -1], [-2, 0], [0, 5], [-7, 2], [-1, 12], [-3, 3], [-1, 5], [-1, 1], [-1, 4], [-2, 0], [-1, 5], [-6, 6], [-1, 4], [-2, 1], [-3, 3], [-2, 1], [0, 5], [-3, 0], [-2, 4], [-3, 1], [-2, 6], [0, 1], [-3, 1], [0, 3], [-2, 2], [0, 3], [-8, 2], [0, 3], [-5, 1], [-10, 8], [-3, 6], [-5, 7], [-3, 6], [-3, 2], [-1, 5], [-1, 0]], [[35170, 4370], [0, 2], [2, 0], [0, 9], [1, 1], [14, 0], [1, -2], [3, -1], [3, -6], [3, -10], [6, -8], [3, 0], [1, -4], [1, -11], [-5, 1], [-3, 1], [-5, 8], [-1, 3], [-2, 0], [-1, 4], [-2, 2], [-2, 1], [0, 3], [-10, 1], [-4, 5], [-3, 1]], [[35175, 3591], [3, 0], [0, 8], [2, 2], [2, 9], [-1, 10], [3, 0], [2, 4], [0, 3], [4, -2], [0, 4], [1, 0], [1, -5], [2, -5], [-1, 0], [0, -2], [1, 0], [2, -14], [1, -4], [0, -6], [4, -12], [0, -8], [2, -1], [-1, -10], [-2, -3], [-8, 0], [-1, 2], [-8, 3], [-1, 2], [-5, 2], [2, 6], [0, 4], [-4, 13]], [[35232, 3887], [3, 12], [0, 3], [-2, 3], [0, 13], [5, 3], [2, -3], [-2, 0], [0, -3], [2, 0], [2, -7], [0, -3], [1, -3], [-1, -11], [-2, -3], [-8, -1]], [[35238, 4341], [0, 2], [1, 1], [3, 8], [-1, 5], [-1, 0], [0, 2], [4, 2], [3, 1], [2, -3], [-2, -15], [-6, -6], [-1, 0], [-2, 3]], [[35265, 4256], [0, 1], [4, 0], [0, -3], [4, -8], [4, -5], [2, -7], [5, -7], [3, -6], [1, -7], [4, -6], [0, -7], [-4, 2], [1, 5], [-3, 0], [-1, 3], [-3, 7], [-3, 3], [-2, 8], [-4, 5], [-1, 8], [-4, 5], [-2, 9], [-1, 0]], [[35315, 4199], [0, 2], [3, 1], [-1, -3], [6, -2], [3, -5], [1, -3], [4, -5], [0, -1], [-1, -1], [-5, -1], [0, 3], [-5, 3], [-3, 6], [-1, 6], [-1, 0]], [[35324, 1346], [1, 1], [1, 7], [3, 3], [1, 8], [3, 1], [1, 6], [3, 3], [2, 0], [2, 4], [1, 3], [2, 3], [5, 1], [1, 2], [4, 2], [1, 1], [14, -1], [1, -2], [7, -1], [1, -2], [15, -1], [4, 3], [2, 3], [3, 1], [9, 5], [3, 3], [13, -1], [0, -3], [-5, 0], [0, -7], [-2, 0], [-2, -3], [-2, -6], [-4, -1], [-4, -7], [-3, -2], [-3, -4], [-1, -3], [-4, -1], [-2, -6], [-1, -1], [0, -4], [-5, -1], [-1, -4], [-4, -7], [-3, 1], [0, -4], [-2, -2], [-3, -1], [0, -3], [-5, -1], [-2, -2], [-4, 0], [-1, -1], [-12, -4], [-17, 2], [0, 3], [-8, 4], [0, 3], [-3, 1], [0, 12]], [[35382, 3166], [3, 11], [2, 2], [0, 3], [4, 2], [3, -7], [1, -6], [-1, 0], [0, -2], [-3, 0], [0, -5], [-2, 2], [-1, -3], [-2, -3], [-2, 0], [-2, 4], [0, 2]], [[35408, 2865], [2, 9], [2, 2], [0, 5], [4, 2], [5, 7], [8, 3], [6, 5], [2, 4], [7, 2], [1, 1], [6, 4], [1, 1], [5, 2], [2, 2], [16, 8], [4, -1], [-1, -3], [2, -6], [13, -6], [1, -1], [4, -2], [4, -3], [9, -2], [5, 4], [3, 0], [17, 5], [2, 3], [9, 5], [4, 1], [1, 5], [-3, 0], [2, 7], [8, 3], [0, 3], [-1, 0], [0, 2], [4, 4], [2, 1], [2, -3], [1, -13], [4, -2], [1, -6], [5, -3], [5, 0], [12, 6], [5, 0], [1, 1], [6, 4], [3, 3], [2, 1], [-2, 6], [2, 1], [9, -1], [6, -3], [3, -4], [2, 0], [1, -4], [3, -3], [2, -13], [-1, -10], [-1, -1], [-1, -8], [-2, -1], [-1, -1], [-1, -8], [-1, -1], [-5, 0], [-4, -3], [-1, -5], [-6, -4], [-1, -2], [-6, -3], [-2, -2], [-6, -1], [-3, -4], [0, -2], [1, -2], [0, -1], [-4, -5], [-1, 6], [-1, 2], [0, 5], [-6, 7], [-9, 1], [-4, -1], [-3, 0], [-7, 4], [-22, 2], [0, 8], [-26, -2], [-14, -6], [-7, 4], [-11, -1], [-3, -1], [-3, 0], [-6, -4], [-2, 0], [-5, -3], [-4, 0], [-3, -2], [-3, 0], [-24, -12], [-6, -5], [-9, -3], [-2, 15], [-2, 1], [-1, 1], [0, 5]], [[35417, 2680], [1, 0], [1, -1], [1, 0], [1, -8], [5, 4], [3, 1], [1, 6], [2, 2], [0, 3], [-1, 0], [0, 5], [1, 0], [0, 3], [8, -1], [3, -7], [1, -6], [-3, 0], [0, -5], [-2, -2], [1, -3], [-3, 0], [-1, -13], [7, 1], [3, -1], [-1, -2], [-2, -2], [-4, 0], [-4, -2], [-6, -1], [0, -3], [-4, 1], [-4, -4], [1, 9], [-3, 15], [-1, 2], [0, 7], [-1, 1], [0, 1]], [[35437, 1540], [0, 20], [1, 2], [2, 42], [2, 2], [1, 5], [0, 8], [1, 2], [5, 18], [4, 0], [1, 5], [5, 4], [6, 1], [3, 6], [3, 15], [2, 0], [1, 5], [5, 11], [2, 4], [2, 8], [2, 0], [2, 10], [2, 0], [2, 10], [5, 2], [4, 5], [5, 0], [13, 7], [9, 2], [25, 0], [5, 5], [7, 4], [29, 4], [4, 1], [10, 1], [1, -2], [4, -2], [3, -3], [2, -1], [2, -3], [3, -11], [-1, 0], [0, -2], [1, 0], [1, -6], [5, -2], [0, -3], [5, -2], [3, -5], [1, -3], [5, -1], [4, -7], [1, -5], [2, -1], [1, -8], [3, -7], [0, -3], [1, -3], [0, -23], [-3, -7], [-1, -5], [-4, -1], [-2, -2], [-1, -7], [-3, 0], [-3, -5], [-1, -3], [-2, 0], [-2, -6], [-6, -6], [-3, -8], [-2, -3], [-3, -10], [1, -6], [-3, -5], [-2, -5], [-2, -15], [2, -2], [0, -4], [1, -4], [0, -11], [-2, -8], [0, -5], [-1, -2], [-5, -20], [-1, -31], [1, -1], [-3, 0], [1, -10], [-3, -20], [-1, -44], [-2, 2], [-1, 6], [-3, 5], [0, 4], [-2, 6], [-5, -2], [1, 4], [1, 1], [1, 13], [-5, 16], [-3, 5], [-3, 0], [-3, 41], [-2, 1], [-1, 1], [0, 37], [3, 0], [1, 8], [4, 2], [2, 7], [1, 1], [2, 8], [1, 2], [1, 5], [4, 2], [0, -4], [4, 2], [0, -3], [1, 0], [2, 3], [0, 3], [5, 2], [2, 7], [1, 1], [2, 10], [3, 0], [0, 4], [2, 0], [1, 5], [1, 1], [0, 3], [-1, 2], [-1, 3], [-8, 3], [-1, 1], [-6, 2], [-8, -1], [0, -7], [-4, -11], [-4, -4], [-3, 0], [-1, -2], [-10, -2], [-2, -2], [-4, -15], [0, -5], [-1, -2], [-1, -5], [-2, -3], [-2, -10], [-3, 0], [-1, -10], [-2, 0], [-2, -6], [-2, -3], [-4, -3], [-1, 0], [-1, 1], [0, 1], [1, 2], [0, 2], [-3, 5], [-4, 1], [-3, 11], [0, 1], [-8, -1], [-5, -41], [2, -6], [1, -5], [3, -2], [2, -1], [1, -5], [6, -2], [0, -1], [3, -28], [-3, -28], [-7, 0], [-1, 3], [-6, 4], [-2, 4], [-4, 6], [-3, 1], [0, 5], [-5, 4], [-4, 6], [-4, 4], [-1, 5], [-7, 8], [-2, 8], [-2, 23], [3, 13], [3, 0], [-1, 3], [3, 0], [0, 5], [2, 0], [0, 5], [-3, 3], [-1, 5], [-5, 5], [-3, 6], [-5, 2], [-1, 3], [-6, 3], [-9, 6], [-1, 2], [-5, 0], [-4, -4], [-4, -1], [-1, -9], [-2, -1], [-3, -8], [-2, -2], [-5, 0]], [[35451, 2598], [4, -4], [2, -1], [0, 3], [3, 0], [2, -4], [4, 0], [1, 5], [4, 0], [2, 9], [4, 15], [-1, 5], [0, 2], [2, 0], [1, 10], [3, -2], [-1, 5], [-2, 4], [-2, 1], [-4, 4], [0, 7], [1, 0], [0, 7], [1, 0], [2, -7], [4, -1], [0, -4], [1, -1], [1, -7], [4, -2], [3, -3], [2, -1], [2, -5], [-1, -23], [1, -10], [0, -8], [4, -4], [2, -1], [0, -3], [4, 1], [1, 2], [19, -2], [2, -5], [13, -1], [2, -1], [5, -1], [-2, -7], [0, -3], [4, -5], [1, -3], [2, 0], [0, -3], [-19, -10], [-5, 0], [-4, -3], [-3, -1], [1, -23], [1, -5], [-1, -5], [3, -2], [4, -3], [1, 0], [4, 3], [2, 1], [0, 3], [9, 2], [1, -13], [-3, 0], [-1, -3], [-1, -2], [-1, -3], [-6, -1], [-1, -1], [-1, -8], [-3, -1], [-1, -1], [0, -6], [-1, -2], [-2, -6], [-5, -3], [-1, 0], [-5, 5], [-4, 3], [-5, 1], [-1, 3], [0, 1], [-4, 0], [-1, -1], [0, 11], [-2, 12], [-4, 13], [-2, 1], [0, 5], [-8, 2], [-1, 3], [-1, 1], [0, 7], [-2, 5], [-2, 6], [0, 18], [-6, 11], [-3, 7], [-2, 2], [-10, 5], [-2, 2], [-2, 12]], [[35618, 1079], [5, 28], [1, 2], [2, 9], [2, 2], [2, 8], [1, 2], [2, 8], [2, 0], [2, 8], [3, 4], [2, 6], [3, 4], [5, 5], [7, 4], [3, 5], [10, 1], [4, -3], [4, -1], [1, -2], [9, 0], [4, 4], [9, 1], [7, 1], [1, -2], [8, -3], [1, -2], [5, -2], [6, -20], [-1, -22], [-1, -4], [0, -6], [-1, -4], [0, -8], [1, -1], [-3, 0], [0, -10], [-4, -1], [-1, -3], [-4, -16], [0, -3], [-2, -7], [-2, -1], [-1, 0], [0, -20], [-3, 0], [0, -7], [-2, -3], [-1, -16], [1, -1], [9, -1], [2, 5], [0, 4], [1, 1], [0, 3], [3, 15], [2, 2], [3, 11], [2, 2], [0, 5], [3, 0], [0, 3], [4, 7], [0, 8], [3, 0], [1, 8], [4, 2], [0, 10], [2, 3], [3, 33], [2, 13], [3, 3], [2, 7], [4, 1], [-1, 4], [3, 2], [7, 4], [4, 4], [9, -2], [3, -5], [-2, 0], [0, -1], [2, 0], [1, -20], [1, -14], [1, -4], [0, -3], [5, -2], [2, 0], [2, -2], [2, -1], [0, -9], [-3, -5], [-1, -4], [-2, 0], [-3, -10], [-1, -1], [-1, -5], [-2, 0], [-2, -8], [-2, 0], [-3, -10], [-2, 0], [-1, -4], [1, -4], [5, -2], [-2, -8], [-3, -4], [-2, -1], [-2, -7], [-3, -3], [-1, -7], [-4, 0], [-2, -9], [0, -12], [-2, -10], [-3, -5], [-2, -2], [-2, -1], [-2, -11], [-1, -2], [0, -8], [-1, -2], [-4, -16], [-4, -9], [-1, -2], [-3, 1], [-1, -4], [-3, -5], [-2, -2], [-4, 0], [-1, -2], [-9, -3], [-5, 0], [-2, -3], [0, -3], [-3, -1], [-2, 0], [-2, 2], [-9, 1], [-17, 4], [0, -5], [-6, 1], [-7, 4], [-1, 3], [-3, 5], [-3, 9], [-1, 2], [-2, 7], [0, 13], [-1, 4], [-3, 5], [-2, 4], [0, 3], [-1, 1], [-3, 9], [-4, 4], [-5, 12], [-4, 13], [0, 3], [-3, 6], [0, 5], [-2, 12], [-3, 9], [-3, 5], [-1, 12], [0, 11]], [[36290, 7443], [1, 0], [0, -1], [1, -1], [5, -6], [1, -5], [2, 0], [-1, -3], [1, 0], [1, -1], [0, -1], [1, -1], [1, 0], [0, -1], [1, -1], [0, -2], [-1, 0], [-2, 2], [-1, 2], [-1, 1], [-2, 3], [-1, 5], [-2, 3], [-3, 0], [0, 5], [-1, 0], [0, 2]], [[36342, 2210], [3, 0], [-1, 2], [0, 19], [1, 7], [-1, 2], [0, 11], [2, 0], [0, -7], [2, -3], [-1, 0], [0, -3], [1, 0], [-3, -36], [-1, -3], [-2, 0], [0, 1], [1, 1], [-1, 9]], [[36351, 2169], [1, 2], [1, 16], [1, 2], [1, 30], [0, 1], [2, 0], [2, 15], [1, 2], [3, 13], [7, 1], [7, 6], [9, 4], [0, -3], [-3, 0], [0, -6], [-8, -3], [-7, -5], [-3, -4], [-2, -8], [-5, -46], [-1, -3], [0, -13], [-2, -10], [-1, -2], [0, -6], [-2, 1], [-1, 3], [0, 13]], [[36371, 2168], [4, 18], [1, 2], [1, 8], [1, 2], [5, 19], [5, 2], [0, 3], [7, 8], [3, 1], [-3, 3], [0, 2], [2, 0], [0, 3], [3, 2], [2, 1], [1, -6], [1, -1], [5, 1], [-1, -3], [-4, -2], [0, -3], [4, 0], [0, -2], [-3, 0], [0, -3], [-4, -6], [-5, -5], [-2, 0], [-4, -5], [-4, -2], [-1, -2], [-6, -25], [-2, -10], [-1, -1], [-2, -10], [-1, -1], [-1, 0], [-1, 1], [0, 11]], [[36388, 2265], [2, -1], [8, 3], [0, -5], [3, 1], [1, 1], [5, 3], [1, 3], [6, 8], [1, 7], [2, 3], [-1, 0], [0, 2], [2, 1], [-1, -21], [-2, 2], [0, 3], [-2, -2], [-3, -11], [-5, -8], [-4, 0], [1, 5], [-2, -2], [0, 3], [-7, -2], [1, 4], [-6, 0], [0, 3]], [[36403, 2152], [1, 2], [1, 3], [7, 3], [3, 2], [2, 0], [1, 1], [8, 1], [2, 1], [0, 3], [3, 1], [0, -3], [-1, 0], [0, -2], [-1, 0], [-1, -3], [-1, -6], [-2, 0], [1, -12], [-1, -3], [3, -1], [1, -2], [6, -2], [-2, -3], [0, -3], [2, -7], [-3, -6], [-3, -1], [0, 4], [-3, 0], [0, 6], [-1, 2], [-1, 3], [-8, 2], [-1, 8], [-5, 0], [-1, 2], [-5, 1], [0, 3], [-1, 3], [0, 3]], [[36443, 2354], [2, 0], [0, 8], [2, 3], [1, 5], [-3, 0], [0, -3], [-2, 2], [0, 1], [3, 5], [0, 8], [3, 0], [3, 10], [0, 2], [-1, 1], [-1, 4], [4, 1], [2, 4], [-1, 8], [2, 0], [2, 11], [-2, 0], [0, 5], [3, -1], [0, 3], [1, 1], [9, 0], [1, 2], [4, 0], [2, -8], [1, -1], [0, -5], [1, -2], [3, -10], [3, -3], [0, -16], [4, -7], [2, -9], [-2, 1], [-2, -1], [-3, -3], [-3, -2], [-4, -5], [-5, -2], [-1, -3], [-3, -3], [-4, 0], [-4, -6], [-4, -8], [1, -1], [2, 0], [5, -2], [0, -10], [-2, -8], [-4, -6], [-4, -4], [-1, -3], [-2, 1], [-1, 1], [-3, 1], [3, 20], [1, 1], [0, 6], [-5, 1], [0, 5], [2, 0], [-1, 4], [0, 1], [-3, -1], [-1, 7]], [[36461, 2217], [7, 4], [5, 7], [5, 0], [8, 3], [2, 4], [3, 0], [1, 1], [9, 3], [2, -8], [-1, 0], [0, -2], [-2, -1], [0, -7], [-1, -2], [-5, -2], [-2, -2], [-5, -1], [-1, -2], [-15, -7], [-6, 2], [-4, 4], [0, 6]], [[36525, 2272], [2, 3], [11, 1], [0, -4], [7, -1], [3, -5], [1, -3], [5, -4], [2, -1], [0, -15], [-3, 3], [-6, 0], [-7, 3], [-3, 3], [-3, 2], [-1, 5], [-5, -1], [-1, 3], [-1, 5], [-1, 0], [0, 6]], [[36554, 1273], [1, 0], [0, 6], [2, 1], [3, 0], [3, -3], [11, -4], [1, -2], [0, -3], [3, -5], [0, -10], [-2, -2], [-4, 1], [-1, 5], [-4, 1], [0, 5], [-6, 2], [-6, -1], [0, 4], [3, 0], [0, 3], [-4, 0], [0, 2]], [[36566, 349], [2, 0], [0, 4], [13, 5], [47, -4], [1, -1], [8, -3], [1, -2], [4, -1], [2, -3], [1, -3], [7, -4], [2, -2], [12, -6], [1, -2], [16, -6], [1, -1], [11, -5], [10, -5], [2, -2], [6, 1], [1, -2], [15, -4], [0, -3], [8, 0], [1, -5], [-1, -3], [-2, 0], [1, -5], [-3, 0], [0, 3], [-2, 0], [0, -5], [-3, -10], [-2, 0], [-1, -9], [-3, 0], [-3, -20], [-1, -2], [-2, -19], [1, -12], [4, -11], [1, -2], [4, -11], [1, -2], [1, -3], [-4, 1], [-1, -1], [0, 3], [-8, 3], [-1, 1], [-5, 3], [-1, 3], [0, 1], [-8, -1], [-11, 6], [-1, -5], [0, -1], [-3, -1], [0, 10], [-1, -2], [-1, 0], [0, 2], [1, 2], [4, -1], [3, 3], [3, 1], [3, 7], [2, 8], [3, 3], [0, 8], [3, 0], [0, 17], [-2, 16], [-3, 5], [-1, 5], [-3, 5], [0, 5], [-3, 0], [-3, 4], [-1, 4], [-2, 0], [0, 3], [-5, 1], [0, 4], [-9, 2], [-5, -1], [0, 3], [2, 0], [0, 2], [-4, 2], [-15, 7], [-1, 1], [-6, 2], [-2, 1], [-6, 2], [-26, -2], [-4, -5], [-5, 0], [-3, 2], [-1, 3], [-3, 1], [-2, 3], [-3, 1], [0, 3], [-4, 3], [-3, 0], [0, 4], [-8, 0], [-8, 6], [0, 3]], [[36603, 833], [1, 0], [2, 10], [1, 1], [1, 4], [2, 0], [1, 3], [4, 5], [0, 3], [5, 3], [4, 3], [15, 1], [1, -5], [-3, 2], [0, -2], [-5, -2], [-3, -8], [-2, -1], [-1, -9], [-4, 0], [-2, -5], [0, -3], [-1, -1], [-11, -1], [0, 4], [-4, -4], [-1, 0], [0, 2]], [[36634, 1599], [4, 1], [0, 5], [5, 4], [3, 0], [2, 1], [2, -9], [-1, 0], [0, -2], [-5, -1], [-3, -2], [-6, 0], [-1, 3]], [[36651, 1508], [1, 0], [2, 13], [8, 5], [2, -13], [3, -10], [3, -5], [0, -3], [12, -3], [-1, -3], [-5, -5], [-3, -8], [-3, -1], [0, -5], [-4, -11], [-1, -2], [-1, -18], [-1, -1], [-1, 0], [-1, 1], [0, 10], [-4, 23], [0, 6], [-1, 4], [0, 8], [-3, 14], [-2, 0], [0, 4]], [[36657, 1402], [8, 0], [1, 6], [3, 0], [0, -5], [3, -3], [2, -6], [5, -7], [-5, 3], [-4, 3], [-5, 1], [0, -5], [-4, 0], [-2, 3], [0, 6], [-2, 0], [0, 4]], [[36686, 1342], [4, 2], [2, 4], [3, 0], [1, 15], [6, -1], [0, -4], [3, 0], [1, -2], [6, -3], [1, -2], [4, -1], [5, -5], [3, -1], [1, -5], [3, -2], [2, -1], [2, -3], [-18, 0], [-2, -2], [-2, -8], [-6, -1], [-9, 1], [-3, 3], [-4, 6], [-1, 3], [-2, 2], [0, 5]], [[36842, 679], [1, 10], [10, 2], [1, 2], [7, 2], [3, 1], [14, 1], [2, -3], [0, -5], [-1, 0], [0, 3], [-1, 0], [0, -4], [-1, 0], [0, -4], [-10, 3], [-13, -2], [-3, -2], [-2, 0], [-1, -2], [-4, -1], [1, -6], [-2, 2], [-1, 3]], [[36876, 4200], [0, 10], [4, 4], [7, 1], [2, -3], [-1, 0], [0, -2], [1, 1], [-1, -7], [-3, -3], [-2, -3], [-4, 0], [-3, 2]], [[36939, 3042], [1, 3], [1, 1], [1, 9], [3, 5], [0, 6], [3, 0], [1, 5], [2, 1], [3, 3], [6, 2], [1, 2], [7, 2], [0, 3], [3, 2], [1, -6], [-2, 0], [0, -5], [-2, -1], [-2, -3], [-3, -6], [1, -7], [-3, -3], [-1, -7], [-2, 0], [-1, -2], [-8, 0], [-10, -4]], [[36993, 1236], [6, 6], [7, 2], [1, 1], [3, 0], [2, 2], [4, -1], [0, -1], [-1, 0], [0, -2], [-4, -2], [-1, -6], [-3, 0], [-2, -6], [-3, 0], [-4, 3], [-5, 3], [0, 1]], [[37042, 1374], [1, 8], [3, 0], [1, 5], [4, 4], [5, 2], [2, 3], [5, 2], [4, -5], [3, 0], [0, -2], [-1, 0], [0, -5], [-2, 0], [0, -3], [-3, -3], [-3, 0], [-5, -5], [-4, -2], [-10, 1]], [[37101, 1305], [9, -4], [10, -6], [0, -3], [6, -2], [4, -5], [4, -3], [5, -3], [0, -3], [4, 0], [0, -3], [2, 0], [2, -5], [2, 0], [2, -3], [0, -3], [2, 0], [1, -5], [3, 0], [0, -3], [4, 0], [-1, -10], [-2, -3], [-2, -12], [-5, 0], [0, 3], [-2, 4], [-1, 3], [-2, 0], [-1, 6], [-4, 7], [1, 3], [-3, 1], [-2, 3], [-3, 1], [-1, 3], [-1, 2], [0, 3], [-3, 1], [-4, 5], [-5, 3], [-4, 5], [-3, 2], [-1, 5], [-2, 1], [-3, 3], [-2, 1], [-1, 4], [-3, 4], [0, 3]], [[37320, 237], [1, 6], [2, 1], [4, 5], [5, 3], [8, 1], [1, -6], [2, 0], [1, -3], [1, -1], [0, -1], [-2, 0], [0, 1], [-10, 0], [0, -1], [-7, -1], [-4, -2], [-2, -2]], [[37339, 4889], [3, 0], [0, 2], [-1, 0], [-1, 3], [2, 0], [2, 7], [1, 1], [2, 7], [3, 0], [2, 5], [1, 0], [1, -5], [2, -8], [2, 0], [1, -5], [4, 0], [0, -3], [15, -2], [0, -3], [3, 0], [0, -3], [-6, 1], [-3, -5], [-9, -1], [-1, 2], [-1, 0], [-3, -2], [-9, 0], [-1, -1], [-1, 0], [-4, 1], [-3, 6], [-1, 3]], [[37348, 3957], [6, 2], [0, -3], [5, -4], [3, -1], [-2, -3], [8, -2], [0, -3], [8, -3], [0, -3], [3, -4], [4, -4], [0, -7], [4, -1], [2, -4], [1, -5], [2, 0], [5, -5], [4, -5], [3, -1], [3, -5], [1, -3], [3, -1], [2, -5], [6, -2], [1, -5], [7, -2], [2, -3], [5, -3], [0, -3], [12, -4], [1, -1], [3, -1], [0, -3], [2, -3], [5, -2], [0, -3], [3, 0], [-1, -5], [2, -3], [12, -3], [2, -1], [5, -1], [0, -3], [8, 0], [0, -3], [4, 0], [3, -5], [1, -5], [0, -7], [-9, 2], [0, 3], [-5, 1], [-2, 2], [-1, 5], [-6, 2], [0, 3], [-5, 1], [-5, 3], [-3, 0], [-3, 1], [-8, 2], [-2, 2], [-3, 5], [-1, 5], [-2, 2], [-9, 7], [-5, 1], [-1, 3], [0, 1], [-11, 3], [-1, 1], [-2, 1], [-1, 3], [-8, 8], [1, 4], [-5, 0], [-8, 8], [-1, 4], [-5, 3], [-2, 2], [-1, 7], [-4, 5], [-4, 8], [-3, 4], [-3, 0], [0, 4], [-4, 0], [-2, 2], [-2, 4], [-3, 4], [-3, 2], [-3, 4], [-2, 6], [-1, 0], [0, 3]], [[37355, 3207], [4, 4], [3, 2], [5, 6], [6, 4], [2, 3], [7, 3], [3, 1], [2, -2], [6, -2], [8, 1], [0, -3], [5, 0], [2, -3], [0, -5], [3, 0], [0, -3], [5, -4], [6, -1], [2, -5], [3, -1], [2, -4], [0, -1], [-5, -5], [0, -3], [-3, -1], [-2, -3], [-2, -8], [-2, 0], [0, -5], [-3, -1], [-1, -1], [-10, -2], [-9, 0], [-7, 3], [-4, 3], [-5, 2], [-1, 1], [-8, 2], [1, 4], [-5, 5], [-2, 1], [-1, 5], [-4, 6], [1, 4], [-2, 0], [0, 3]], [[37394, 3851], [3, -3], [2, -1], [2, -3], [1, -3], [6, -2], [3, -4], [1, -9], [1, -1], [0, -3], [3, 0], [0, -4], [-5, 3], [-1, 0], [0, 4], [-4, 0], [0, 3], [-3, 1], [-3, 7], [-6, 5], [0, 10]], [[37483, 270], [3, 1], [6, 5], [1, 2], [5, 1], [1, 2], [7, 0], [3, -5], [4, 0], [2, -8], [-3, -1], [-1, 0], [-3, 3], [-19, 2], [0, -2], [-2, 0], [0, -3], [-3, 1], [-1, 2]], [[37511, 419], [1, 2], [1, 5], [3, 2], [7, 2], [3, -3], [2, -1], [1, -8], [-1, 0], [0, -7], [-6, -1], [-4, -1], [-6, 0], [-1, 10]], [[37540, 2642], [2, 0], [0, 4], [3, 3], [0, 3], [3, 1], [2, 3], [4, 2], [5, 0], [1, -2], [3, 0], [3, -5], [1, -3], [7, 0], [0, -4], [7, -1], [2, -8], [-1, -7], [-2, 0], [-2, -10], [-1, -1], [-2, -7], [-1, -1], [-1, -12], [4, -13], [4, -5], [4, -6], [3, -8], [5, -7], [1, -3], [7, -3], [0, -3], [5, 0], [0, -13], [-3, -8], [-2, 0], [-3, 5], [-6, 4], [0, 3], [-3, 1], [-4, 3], [-2, 4], [-4, 4], [-3, 4], [-1, 4], [-4, 4], [-3, 7], [-5, 5], [-1, 5], [-3, 3], [-2, 5], [-3, 8], [-1, 1], [0, 4], [-4, 4], [-4, 18], [-1, 2], [-2, 15], [-2, 0], [0, 1]], [[37583, 2759], [3, 0], [0, 3], [9, -2], [2, -3], [3, -1], [-1, -7], [0, -1], [-11, 2], [-3, 4], [0, 3], [-2, 0], [0, 2]], [[37597, 2475], [2, 7], [5, 0], [0, -2], [5, -6], [-1, 0], [0, -2], [1, 0], [1, -3], [1, -2], [0, -1], [-3, -3], [-5, 0], [-2, 6], [-4, 3], [0, 3]], [[37614, 2733], [15, 3], [10, -1], [3, -6], [0, -8], [-3, -1], [-4, -5], [-10, -4], [0, -4], [-5, 7], [-3, 8], [0, 6], [-3, 4], [0, 1]], [[37780, 215], [2, 1], [5, 5], [15, 1], [3, -9], [0, -4], [-3, 2], [-15, 0], [-5, 2], [0, -2], [-2, 0], [0, 4]], [[38035, 1901], [2, 0], [1, 12], [2, 10], [1, 1], [1, 4], [2, 2], [3, 1], [2, 3], [2, 7], [2, 0], [2, 3], [1, 5], [3, 3], [0, 8], [3, 0], [0, 9], [3, 3], [2, 5], [1, 3], [5, 1], [2, 2], [11, -3], [1, -2], [5, -2], [4, -4], [2, -1], [0, -8], [-1, 0], [0, -2], [-2, -2], [-9, -4], [-5, 0], [-7, -3], [-1, -2], [-2, -1], [-2, -6], [-3, -3], [-5, -6], [0, -3], [-3, -1], [-3, -7], [-2, -3], [-3, -9], [-1, -9], [-1, -4], [-1, -8], [1, -6], [-1, -1], [-5, 0], [-2, 3], [-5, 4], [0, 11]], [[38101, 2175], [2, 0], [0, 3], [15, -1], [1, -5], [3, 0], [4, -7], [0, -1], [-6, -4], [-2, 0], [-3, 1], [-5, 1], [0, 3], [-7, 2], [0, 6], [-2, 0], [0, 2]], [[38460, 295], [3, 20], [2, 0], [0, 3], [3, 1], [2, 4], [10, 0], [2, 1], [0, -4], [7, -1], [0, -4], [14, -2], [5, -2], [0, -5], [-6, 2], [0, -2], [-3, -3], [-5, 0], [0, -4], [-3, -6], [-3, -1], [-5, -7], [-5, -1], [0, -3], [-4, -4], [-10, 0], [-2, 1], [-2, 4], [0, 13]], [[34026, 21663], [44, 101], [32, 120], [49, 135], [33, 127], [47, 125], [52, 118], [48, 143], [237, 519], [42, 125], [-8, 141], [-35, 336], [12, 139], [32, 120], [83, 192], [113, 115], [115, 84], [111, 99], [110, 84], [122, 113], [110, 86], [117, 108], [103, 126], [38, 125], [12, 140], [-26, 137], [-87, 135], [-98, 94], [-96, 112], [-31, 138], [6, 134], [24, 119], [159, 497], [53, 148], [52, 213]], [[35601, 26911], [22, -32], [63, -139], [113, -276], [134, -402], [57, -144], [112, -307], [61, -144], [78, -129], [97, -107], [94, -70], [111, -39], [105, -14], [98, 10], [104, 44], [101, 57], [111, 97], [226, 239], [89, 122], [184, 236], [227, 262], [326, 389], [113, 120], [104, 120], [117, 114], [213, 164], [107, 74], [110, 67], [138, 70], [105, 37], [99, 44], [107, 74], [109, 114], [156, 238], [95, 122], [108, 112], [115, 73], [120, 37], [98, 8], [200, -15], [106, -4], [100, 21], [105, 49], [213, 159], [115, 54], [99, 27], [210, 16], [97, -20], [206, -88], [104, -61], [94, -43], [107, -21], [107, 7], [116, 60], [102, 74], [234, 248], [220, 191], [111, 79], [112, 70], [114, 55], [116, 49], [109, 37], [101, 42]], [[43326, 29138], [115, -91], [97, -102], [283, -342], [204, -206], [90, -125], [99, -155], [194, -415], [54, -129], [74, -153], [201, -300], [109, -132], [184, -192], [94, -139], [51, -162], [24, -135], [3, -123], [-8, -134], [-30, -120], [-40, -120], [-54, -118], [-68, -134], [-161, -283], [-54, -129], [-45, -119], [-36, -154], [-45, -283], [-26, -132], [-12, -127], [-25, -120], [-18, -139], [-42, -259], [-13, -133], [43, -145], [98, -137], [91, -108], [94, -125], [94, -144], [66, -141], [227, -546], [70, -141], [84, -142], [89, -138], [113, -126], [104, -127], [191, -211], [91, -108], [196, -264], [276, -326], [113, -114], [195, -213], [96, -97], [279, -324], [105, -111], [96, -85]], [[43091, 6634], [-52, 82], [-142, 209], [-48, 72], [-186, 196], [-33, -33], [-66, 95], [-50, 18], [-52, 116], [-95, 46], [-25, 1], [-65, -16], [-67, 88], [-55, 12], [-97, -58], [-93, -8], [-18, -72], [-99, 78], [-12, -14], [-10, -12], [-67, -79], [-70, -45]], [[41689, 7310], [-158, 264], [-70, 124], [-131, 194], [-75, 128], [-98, 44], [-204, 23], [-102, 39], [-94, 100], [-71, 134], [-47, 127], [-82, 280], [-60, 134], [-102, 142], [-100, 83], [-303, 143], [-91, 95], [-30, 125], [7, 121], [42, 532], [-40, 130], [-97, 67], [-97, -26], [-102, -56], [-104, -73], [-205, -163], [-106, -103], [-82, -114], [-119, -252], [-47, -118], [-97, -405], [-21, -137], [-29, -137], [-35, -249], [-46, -262], [-77, -116], [-98, -32], [-95, 7], [-99, 37], [-110, 74], [-93, 134], [-79, 141], [-90, 105], [-92, 78], [-91, 100], [-74, 129], [-75, 255], [-68, 273], [-84, 136], [-92, 82], [-95, 30], [-99, 9], [-315, -28], [-111, -4], [-208, 23], [-109, 2], [-95, 14], [-103, 25], [-100, 112], [-48, 138], [-12, 123], [-57, 248], [-57, 139], [-91, 99], [-94, 32], [-96, 12], [-105, -3], [-101, -22], [-207, -54], [-96, -4], [-101, 83], [-40, 137], [2, 127], [17, 261], [14, 127], [45, 264], [52, 368], [-2, 128], [-13, 131], [-31, 48], [-49, 78], [-94, 55], [-95, 7], [-101, -11], [-107, -21], [-206, -14], [-102, -44]], [[34366, 12262], [29, 125], [24, 139], [66, 268], [20, 127], [29, 120], [37, 213], [1, 133], [-17, 124], [-35, 125], [-133, 405], [-35, 137], [-78, 394], [-110, 418], [-96, 116], [-98, 55], [-95, 40], [-203, 44], [-105, 14], [-101, 7], [-105, 2], [-295, -26], [-110, -4], [-104, 25], [-93, 60], [-92, 123], [-49, 135], [-31, 131], [-26, 130], [-17, 136], [-9, 123], [-2, 285], [17, 395], [3, 151], [24, 248], [1, 124], [-16, 287], [11, 132], [28, 126], [96, -110], [83, -129], [92, -88], [102, 11], [215, 211], [108, 121], [208, 161], [108, 44], [97, 15], [102, 6], [352, -60], [100, -27], [95, 0], [103, 11], [107, 44], [101, 86], [66, 124], [38, 125], [20, 132], [29, 132], [32, 127], [86, 242], [8, 170], [-14, 123], [-53, 127], [-154, 262], [-59, 132], [-21, 130], [-8, 129], [15, 127], [55, 299], [59, 259], [44, 271], [15, 122], [1, 121], [-30, 143], [-63, 139], [-96, 135], [-94, 53], [-105, 25], [-101, 9], [-108, -11], [-206, -129]], [[43091, 6634], [149, 476], [40, 118], [39, 137], [29, 118], [6, 129], [-14, 146], [-33, 130], [-25, 125], [-76, 263], [-25, 125], [-12, 128], [58, 123], [34, 136], [12, 127], [0, 146], [-7, 141], [-1, 144], [12, 122], [46, 257], [42, 415], [2, 122], [-1, 135], [-6, 129], [-21, 123], [-25, 125], [-41, 155], [-43, 143], [-53, 268], [-5, 151], [17, 139], [121, 298], [76, 114], [88, 115], [85, 132], [93, 119], [80, 122], [368, 489], [328, 372], [329, 329], [100, 138], [86, 142], [62, 116], [50, 136], [55, 252], [40, 142], [130, 185], [125, 94], [104, 42], [213, 39], [103, 24], [102, 37], [219, 118], [114, 83], [213, 166], [89, 119], [78, 127], [52, 118], [46, 141], [35, 130], [16, 122], [7, 250], [-15, 148], [-14, 280], [-24, 148], [-25, 132], [-33, 125], [-28, 142], [-67, 264], [-24, 125], [-10, 134], [31, 138], [63, 140], [104, 106], [105, 60], [103, 49], [215, 124], [100, 114], [54, 129], [22, 137], [8, 121], [-38, 279], [-6, 135], [7, 122], [19, 137], [-7, 130]], [[47336, 19860], [454, -348], [341, -291], [372, -336], [238, -159], [223, -126], [255, -132], [400, -115], [43, -12], [315, -39], [475, -67], [424, -16], [488, 7], [824, 109], [1181, 140], [1271, 114], [1160, 153], [1545, 182], [1597, 176], [1277, 259], [969, 158], [744, 222], [652, 240]], [[61269, 4673], [-651, -514], [-687, -543], [-866, 0], [-648, 1161], [-532, 952], [-881, -154], [-930, -163], [-1260, 106], [-779, 125], [-883, 141], [-1644, 262], [-866, 634], [-2676, 0], [-394, -176], [-472, 176], [-475, 0], [-448, -71], [-38, -4], [-111, -14], [-60, -9], [-88, -25], [-85, 4], [-52, -12], [-195, -24], [-34, -160], [-95, -109], [-48, -2], [-160, 252], [-81, -6], [-124, -86], [-56, 71], [-35, -75], [-55, -118], [-121, -263], [-289, 70], [-1, 0], [-297, -14], [-50, -3], [-123, 112], [-80, 116], [-100, -3], [-317, -40], [-82, -9], [-15, 18], [-125, 151], [-169, 207]], [[49522, 71589], [5, 10], [0, 1], [1, 5], [2, 5], [3, 12], [7, 26], [61, 119], [22, 71], [14, 54], [26, 44], [34, -7], [63, 18], [63, 80], [5, 50], [0, 51], [-11, 86], [21, 108], [42, 71], [41, 54], [51, 73], [75, 74], [58, 46], [20, 18], [69, 86], [69, 90], [28, 50], [11, 73], [0, 84], [-14, 74], [-6, 78], [22, 66], [20, 59], [43, 56], [50, 43], [44, 57], [37, 44], [10, 61], [5, 65], [3, 81], [-14, 67], [-6, 59], [2, 29], [-2, 44], [15, 78], [22, 46], [43, 55], [32, 45], [23, 54], [-2, 80], [-1, 31], [-9, 38], [1, 45], [8, 46], [0, 28], [17, 62], [25, 26], [32, -9], [35, 0], [48, -3], [27, 16], [35, 52], [49, 38], [47, 29], [50, 14], [68, 9], [63, 34], [61, 29], [39, 38], [37, 53], [21, 61], [5, 69], [-8, 53], [-4, 65], [-31, 70], [-24, 71], [-27, 83], [-33, 82], [-25, 109], [-33, 92], [-24, 80], [-15, 71], [-29, 98], [-21, 109], [-24, 99], [-29, 86], [-30, 88], [-33, 62], [-34, 73], [-51, 80], [-42, 59], [-40, 46], [-34, 54], [-37, 58], [-64, 83], [-64, 65], [-59, 59], [-53, 74], [-62, 102], [-51, 39], [-51, 69], [-52, 58], [-32, 77], [-15, 47], [-29, 54], [-48, 42], [-31, 29], [-38, 52], [-27, 43], [-36, 57], [-34, 60], [-26, 43], [-24, 44], [-5, 38], [8, 58], [18, 29], [34, 28], [51, 34], [33, 41], [26, 40], [37, 47], [59, 41], [66, 23], [55, 44], [31, 37], [36, 53], [13, 47], [4, 59], [-7, 52], [-16, 72], [3, 67], [8, 44], [50, 18], [36, 2], [49, 1], [40, -15], [41, 3], [36, 9], [36, -7], [46, 10], [67, -3], [41, -4], [40, 1], [41, -17], [42, -18], [40, 6], [43, 2], [69, 7], [41, 16], [78, 15], [65, 4], [53, -1], [62, 15], [57, 2], [90, 1], [53, 3], [49, -1], [51, 13], [47, -1], [29, -6], [66, -6], [75, -11], [51, -8], [67, -7], [66, -2], [114, -21], [70, -17], [102, -12], [71, 5], [85, -5], [79, 2], [55, 16], [89, 22], [65, 41], [56, 71], [22, 58], [30, 60], [40, 91], [22, 80], [3, 77], [12, 83], [60, 29], [59, -9], [67, -7], [46, -4], [60, 41], [24, 45], [33, 202], [46, 54], [85, 37], [121, 27], [70, 42], [54, 73], [65, 109], [78, 71], [38, 34], [118, 52], [131, 5], [141, 56], [123, 98], [103, 134], [58, 159], [53, 142]], [[54582, 80589], [144, -17], [133, -16], [165, -19], [359, -41], [89, -13], [23, -6], [82, -18], [53, -10], [33, 7], [108, -13], [361, -41], [215, -28], [45, 16], [79, 29], [36, 11], [92, 25], [63, 43], [36, 22], [70, 28], [44, 35], [39, 18], [38, 22], [7, 2], [10, -1], [29, 14], [18, 1], [49, -2], [231, -33], [212, -30], [218, -32], [376, -56], [276, -51], [44, -2], [62, -6], [56, -14], [73, -10], [97, -12], [81, -8], [21, 0], [66, -22], [6, -1], [87, -10], [130, -12], [36, -7], [89, -13], [70, -9], [39, -8], [158, -23], [114, -17], [103, -15], [69, -10], [88, -11], [68, -14], [156, -35], [41, -3], [56, -5], [133, -18], [71, -9], [84, -16], [55, -7], [127, -19], [111, -16], [99, -13], [75, -10], [43, -7], [96, -17], [73, -13], [62, -10], [54, -7], [5, 2], [49, -5], [17, -20], [8, -14], [25, -31], [16, -23], [13, -22], [27, -40], [40, -61], [16, -48], [0, -13], [37, -122], [11, -22], [15, -25], [16, -22], [108, -169], [2, -4], [17, -33], [4, -13], [10, -38], [11, -28], [30, -65], [35, -56], [59, -95], [48, -78], [5, -39], [21, -131], [16, -109], [15, -104], [5, -86], [0, -31], [-22, -144], [-11, -42], [-4, -71], [3, -53], [5, -26], [9, -81], [5, -25], [35, -132], [16, -72], [10, -15], [3, 1], [82, -92], [43, -48], [7, -10], [4, -7], [33, -85], [41, -105], [6, -14], [63, -83], [57, -72], [140, -178], [-13, -70], [-8, -49], [5, 0], [206, 5], [83, 2], [110, 2], [140, 3], [49, 1], [119, 3], [161, 3], [99, 2], [114, 2], [84, 2], [120, 2], [132, 3], [95, 1], [204, 4], [145, 3], [726, 12], [179, 3], [146, 2], [275, 5], [78, 1], [6, 0], [153, 2], [3, -3], [2, -1], [6, -1], [-1, 3], [2, 1], [2, -5], [8, -7], [3, -2], [4, 1], [0, -5], [7, -2], [4, -5], [6, -3], [5, -2], [0, -4], [6, -2], [4, -3], [4, -1], [0, -3], [4, 0], [5, -10], [3, -9], [5, -1], [0, -3], [6, -7], [1, -3], [5, -5], [2, -8], [3, -3], [6, -13], [3, -3], [2, -7], [4, -2], [3, -3], [1, -3], [2, -1], [3, -2], [2, -1], [2, -3], [1, -4], [3, -2], [3, -1], [2, -3], [1, -4], [3, -5], [1, -2], [2, -1], [1, 0], [2, 1], [0, -1], [-2, -3], [1, 0], [3, 2], [0, -1], [-1, -2], [2, -3], [0, 1], [1, 0], [0, -1], [1, -1], [0, -2], [2, -2], [2, -1], [4, 0], [2, -2], [1, 1], [3, 2], [5, 2], [2, 0], [0, 0], [-2, -1], [-3, -1], [-1, -1], [-1, 0], [-1, -1], [0, -2], [1, -4], [7, -7], [1, 0], [1, -2], [2, -2], [8, -6], [5, -3], [11, -6], [9, -5], [12, -8], [5, -3], [4, -2], [7, -2], [9, -6], [13, -6], [9, -4], [3, -1], [7, -4], [13, -4], [12, -3], [13, -1], [6, -2], [4, -1], [6, 0], [2, -1], [0, -6], [-2, -3], [-1, -1], [-8, -16], [-6, -21], [-2, -18], [0, -18], [-1, -5], [-3, -4], [1, -22], [1, -4], [0, -3], [5, -13], [1, -1], [0, -4], [7, -17], [2, -2], [2, -8], [3, -3], [6, -16], [4, -5], [0, -5], [3, -5], [-1, -16], [-2, 0], [0, -1], [-4, -11], [-1, -2], [-2, -42], [-1, -2], [-2, -6], [-3, 0], [0, -7], [-1, -1], [0, -17], [-2, -1], [0, -30], [3, -18], [2, -4], [1, -5], [4, -10], [1, -2], [2, -6], [3, -5], [10, -17], [4, -5], [1, 0], [-1, -1], [0, -3], [2, -4], [6, -8], [10, -11], [13, -13], [9, -7], [5, -6], [6, -4], [2, -1], [2, 3], [-1, -3], [6, -3], [0, 1], [1, 2], [1, -1], [-1, -2], [0, -1], [6, -3], [1, -1], [2, 0], [5, -3], [6, -3], [0, 1], [9, 6], [5, 4], [1, 0], [1, -1], [10, -8], [1, 0], [2, -2], [0, -2], [-1, 1], [-2, 1], [-3, 3], [-2, 0], [-2, -2], [0, -1], [-1, 0], [-2, 1], [-2, 0], [0, -1], [-1, 0], [-2, -1], [0, -2], [-3, -2], [-1, 1], [0, -2], [-1, 0], [4, -15], [-2, 0], [0, -1], [-2, -2], [-1, 1], [-1, 0], [0, -1], [-1, 0], [-1, -1], [-2, 0], [-1, -2], [-14, -6], [-3, 2], [-1, -1], [3, -2], [-1, -2], [0, -1], [-2, 0], [0, -1], [-1, 1], [-2, -1], [-2, -2], [0, -1], [-2, 0], [0, -1], [-2, 0], [0, -1], [1, -1], [-1, 0], [-1, 2], [-2, -1], [-1, -1], [0, -2], [1, -1], [-1, -1], [-1, 0], [-1, 1], [-5, -3], [-1, 1], [-1, -1], [-1, -5], [-5, -6], [-7, -2], [3, -5], [-2, -11], [1, -10], [-2, -5], [-2, -3], [-5, 0], [-2, -7], [-1, -2], [-2, -6], [-1, -2], [-3, -20], [1, -26], [1, -3], [1, -8], [-2, -3], [-6, -2], [-1, -3], [-3, -5], [-8, -1], [-3, -2], [-4, 0], [-1, 2], [-4, 1], [-2, 2], [-7, 3], [-37, 1], [-5, 1], [-16, 0], [-4, -3], [0, -3], [-2, -2], [-2, -10], [-1, -1], [-1, -7], [-4, -2], [-1, -3], [-2, -3], [-8, 3], [1, 6], [-2, 4], [-8, 9], [-12, -3], [-1, -7], [-3, -1], [-3, -3], [-5, -1], [1, 2], [6, 3], [0, 7], [6, 5], [0, 3], [3, 1], [1, 1], [3, 0], [4, 4], [3, 0], [4, 3], [4, 0], [6, 5], [2, 0], [0, 3], [3, 1], [2, 2], [1, 5], [2, 2], [1, 13], [-3, 6], [-4, 5], [-12, 1], [-16, -6], [-2, -1], [-9, -5], [-3, -3], [-3, -11], [-4, -5], [-2, -1], [-4, -5], [-6, -5], [-1, -4], [-3, -1], [0, -3], [-2, 0], [-1, -3], [-4, -5], [-1, -5], [-3, -3], [-3, -12], [1, -18], [1, -6], [2, -2], [2, -6], [19, -3], [1, -5], [3, -5], [0, -13], [1, -1], [2, 0], [1, 1], [1, 4], [2, 0], [1, 3], [1, 1], [2, 1], [0, -2], [-1, -15], [2, 0], [0, 5], [2, -1], [5, 10], [1, 6], [2, 1], [2, 2], [2, 1], [2, -10], [5, -2], [-1, 7], [3, -2], [-1, 3], [-3, 4], [1, 6], [5, 2], [2, -7], [2, 1], [-3, 9], [-2, 3], [2, 1], [3, 4], [3, 0], [1, 1], [17, 4], [6, 3], [2, 2], [3, 1], [1, 7], [8, 1], [10, 3], [4, 3], [2, 1], [3, 1], [10, 1], [-1, -5], [-2, -3], [12, 0], [3, 1], [9, 0], [0, -4], [-1, -1], [-9, -3], [-4, -4], [0, -2], [4, 1], [1, 2], [6, 3], [5, 2], [3, 3], [8, 5], [3, 4], [8, 6], [2, 3], [1, 3], [2, 2], [2, 6], [2, 1], [2, 4], [1, 5], [2, 2], [1, 3], [2, 2], [-1, 7], [1, 0], [2, 3], [3, 5], [5, 34], [4, 11], [3, 1], [1, 6], [0, 1], [3, 1], [1, 5], [2, 5], [3, 16], [2, 4], [1, 4], [1, 1], [-5, 9], [2, 2], [5, -9], [3, 4], [0, 2], [-5, 7], [1, 2], [3, -5], [2, -2], [3, 2], [2, 3], [0, 3], [1, 3], [4, 3], [1, -1], [0, 2], [12, 8], [9, 1], [14, 12], [1, 5], [2, 2], [2, 0], [3, -1], [5, -2], [4, 0], [1, -1], [0, -1], [-2, -1], [-5, 0], [0, -1], [3, 0], [6, 1], [7, 0], [0, 2], [2, -1], [1, 0], [1, -1], [0, -2], [2, -1], [7, -3], [2, -2], [2, 0], [2, 2], [-1, -2], [0, -1], [1, 1], [1, 0], [-1, -1], [0, -4], [3, -3], [1, -2], [8, -12], [2, -5], [2, -3], [1, -3], [3, -8], [1, -4], [1, -6], [1, -4], [1, -7], [0, -7], [-1, -6], [-2, -7], [-2, -4], [-4, -5], [-2, -1], [-6, -6], [-10, -12], [-6, -7], [-2, -2], [-4, -5], [-4, -8], [-4, -4], [-4, -5], [-4, -8], [-1, -3], [-4, -7], [-5, -8], [-4, -11], [-6, -14], [-3, -6], [-5, -17], [-5, -14], [-3, -10], [-4, -15], [-4, -11], [-5, -16], [-6, -14], [-5, -19], [-6, -23], [-4, -12], [-2, -7], [-5, -20], [-4, -14], [-1, -6], [-2, -9], [-2, -13], [-1, -17], [0, -15], [-1, -1], [-1, -3], [-1, -15], [2, -24], [1, -17], [2, -10], [2, -12], [2, -9], [3, -11], [2, -4], [5, -17], [3, -8], [3, -10], [9, -20], [3, -4], [3, -8], [1, -1], [0, -4], [2, -1], [2, -8], [6, -7], [3, -8], [1, -1], [0, -3], [3, -4], [2, -5], [4, -4], [1, -7], [3, -3], [2, -5], [1, -1], [1, -9], [2, -1], [4, -13], [2, -8], [1, -15], [2, -8], [3, -10], [3, -4], [0, -4], [1, -8], [3, -5], [4, -11], [0, -3], [5, -5], [1, -5], [4, -5], [3, -6], [3, -3], [3, -5], [3, -8], [4, -5], [1, -6], [4, -5], [2, -5], [3, -3], [0, -4], [3, 0], [1, -3], [3, -3], [0, -3], [3, 0], [1, -3], [6, -7], [0, -3], [7, -1], [0, -4], [9, -7], [5, -2], [0, -3], [8, -3], [0, -4], [5, 0], [4, -5], [4, -1], [2, -3], [1, -3], [4, -1], [3, -3], [5, -3], [0, -5], [6, -2], [5, -5], [5, -4], [5, -3], [0, -3], [7, -3], [0, -3], [6, -2], [1, -5], [8, -3], [0, -3], [7, -3], [0, -3], [3, 0], [1, -2], [0, -3], [1, -2], [1, -5], [4, 0], [0, -3], [3, -1], [3, -3], [5, -2], [0, -3], [6, -3], [1, -1], [7, -8], [6, -3], [4, -5], [4, -1], [0, -3], [4, -1], [5, -3], [5, -2], [0, -4], [8, -2], [2, -1], [5, -1], [0, -3], [6, -2], [3, -8], [1, -10], [3, 0], [5, -6], [0, -3], [4, -18], [6, -6], [1, -4], [4, 0], [1, -4], [6, -2], [0, -3], [3, -3], [2, 0], [3, -10], [3, 0], [2, -3], [2, -7], [3, 0], [1, -2], [3, -1], [1, -3], [6, -6], [-1, -4], [4, -4], [3, 0], [0, -5], [3, -3], [2, 0], [4, -7], [4, -5], [4, -8], [2, -5], [1, -1], [3, -8], [4, -7], [0, -3], [3, -5], [0, -3], [3, -3], [3, -7], [4, -4], [1, -4], [3, -2], [4, -3], [7, -2], [0, -4], [3, -3], [-1, -13], [2, -13], [3, -5], [0, -3], [2, -5], [0, -3], [8, -11], [0, -5], [7, -3], [0, -4], [3, 0], [1, -2], [3, -1], [0, -3], [7, -2], [1, -2], [5, -1], [1, -2], [8, -3], [2, -2], [5, -1], [2, -2], [5, 0], [0, -4], [6, -1], [2, -5], [4, -5], [0, -8], [-1, -2], [0, -6], [3, -5], [2, -6], [4, -2], [1, -5], [3, 0], [5, -6], [-1, -3], [3, 0], [5, -10], [6, -6], [4, -7], [0, -3], [-1, -2], [-6, -34], [-3, -1], [-2, -3], [-3, 0], [-6, -3], [0, 2], [3, 2], [4, 1], [4, 5], [1, 21], [2, 4], [0, 3], [-1, 3], [-4, 7], [-1, 0], [-2, -2], [0, -2], [3, -5], [1, -13], [-3, 0], [-1, 7], [-4, 13], [-2, 1], [0, 4], [-2, 3], [-3, 9], [-2, -1], [0, -5], [-9, 0], [-8, -3], [-2, -3], [-4, -4], [-3, -1], [-1, -3], [0, -1], [-3, -1], [0, -3], [-3, -1], [-4, -6], [-3, -1], [0, -3], [-3, -5], [-4, -5], [-4, -9], [-2, -6], [-3, 0], [0, -5], [-2, -2], [-3, -11], [-3, 0], [-7, -25], [-5, -36], [-3, 0], [-1, -3], [-1, -2], [-1, -8], [0, -34], [-1, -2], [-1, -3], [-2, 1], [-2, -6], [-1, -13], [-3, -13], [3, -17], [2, -8], [0, -8], [-1, -1], [-5, -2], [-1, -22], [2, -3], [0, -13], [3, -5], [-1, -19], [0, -43], [-3, -29], [-3, -8], [0, -8], [-1, -5], [-1, -13], [1, -22], [-3, 0], [1, -27], [1, -12], [2, -13], [4, -10], [2, -2], [22, 1], [0, 1], [2, 1], [0, -4], [-10, 0], [-16, -1], [-3, 0], [0, -9], [1, -8], [1, -3], [3, -2], [3, 1], [2, 1], [1, 3], [2, 0], [0, -3], [-2, -2], [-6, -2], [0, -3], [1, -4], [2, -5], [4, -6], [4, -4], [2, -4], [2, -1], [2, 0], [1, 2], [0, 2], [2, 1], [3, 1], [13, 0], [3, 1], [2, 2], [13, 1], [14, 6], [2, 0], [2, 1], [1, 1], [2, 0], [2, 1], [1, 1], [1, 0], [0, 1], [1, 0], [2, -2], [2, 1], [1, -1], [0, -2], [2, -6], [2, -5], [4, -6], [5, -6], [10, -4], [1, -1], [2, -1], [5, 0], [0, -1], [-2, -1], [-3, 0], [-1, 1], [-4, 0], [-2, -1], [-1, 0], [-3, 2], [-2, 0], [-2, 2], [-1, 2], [-2, 2], [-3, 2], [-3, 1], [-1, 0], [-2, -1], [-2, -2], [-2, -1], [-4, 1], [-1, 0], [-3, 5], [-3, 6], [-2, 1], [-1, 1], [-2, 0], [-10, -4], [-1, 0], [-3, -2], [-2, 0], [0, -1], [-10, -3], [-2, 0], [-7, -3], [-2, -3], [-1, -2], [-1, -4], [0, -2], [-1, -3], [0, -10], [1, -5], [1, -3], [3, -12], [3, -13], [2, -8], [5, -18], [2, -10], [4, -13], [2, -7], [3, -9], [2, -7], [3, -5], [0, -4], [3, -3], [6, -11], [1, -5], [3, -3], [3, -7], [4, -4], [2, -5], [4, -5], [8, -16], [3, -3], [0, -4], [3, -3], [3, -6], [4, -5], [1, -5], [5, -5], [2, -6], [3, -3], [1, -3], [3, 0], [0, -4], [5, -4], [1, -4], [4, -4], [2, -7], [3, 0], [2, -3], [1, -3], [4, -4], [3, -1], [1, -5], [6, -4], [4, -5], [6, -4], [5, -3], [2, -5], [5, -1], [2, -3], [1, -4], [3, 0], [4, -5], [3, -1], [2, -3], [0, -3], [3, -1], [4, -1], [0, -3], [7, -2], [0, -3], [6, 0], [2, -4], [6, -2], [0, -3], [7, -2], [3, -5], [3, -11], [2, -2], [3, -1], [2, -3], [1, -3], [3, 0], [3, -5], [1, -5], [4, -4], [3, -1], [0, -6], [4, -2], [2, -3], [2, -16], [-1, -4], [-1, -11], [-3, -1], [-2, -4], [-1, -25], [6, -22], [3, -3], [1, -4], [8, -7], [4, -1], [2, -2], [7, -3], [22, -4], [25, -6], [4, -3], [0, -3], [-6, -7], [-2, -3], [0, -1], [2, -2], [1, 1], [1, 0], [0, -1], [4, -2], [4, -3], [4, 1], [1, 2], [3, 1], [2, 11], [-3, 5], [-3, 3], [-1, 5], [-2, 2], [0, 3], [4, 1], [3, -1], [5, -4], [3, -5], [3, -3], [5, -4], [1, -2], [-3, -5], [-1, -8], [0, -1], [4, -12], [5, -4], [0, -4], [4, -4], [3, 0], [0, -5], [7, -3], [0, -4], [3, 0], [1, -2], [3, -1], [0, -3], [3, -2], [3, -1], [0, -3], [8, -4], [1, -2], [22, -9], [14, -2], [3, -1], [5, 0], [2, -2], [20, -1], [22, -3], [81, -17], [6, 0], [1, 1], [0, -4], [22, -3], [1, -2], [7, -3], [14, -1], [15, -5], [13, 1], [6, 2], [2, 1], [10, 39], [3, 0], [-8, -42], [3, -4], [8, -4], [28, -6], [1, -2], [12, -1], [5, -3], [12, -2], [8, -7], [4, 19], [4, 3], [3, -1], [-1, -2], [-2, 0], [-4, -19], [5, -4], [27, -6], [22, -1], [1, -1], [35, 2], [16, 0], [-1, -7], [1, -3], [8, -2], [2, -2], [5, 1], [-2, -7], [0, -13], [-3, 0], [1, -10], [1, -3], [2, -13], [-1, -5], [-2, -1], [0, -4], [-3, 0], [-2, -3], [-1, -3], [-4, -1], [-4, -7], [-7, -3], [-1, -2], [-4, -2], [-1, -1], [-5, -2], [-5, -7], [-4, 0], [0, -4], [-4, -1], [-3, -3], [-3, -2], [-2, -5], [-6, -5], [-2, 0], [0, -4], [-4, -1], [-3, -3], [-3, 0], [-2, -3], [-6, -5], [-2, -4], [-7, -4], [-2, -4], [-5, -3], [-4, -5], [-12, -5], [-4, -4], [-4, 0], [-9, -3], [-1, -2], [-8, 0], [-4, -2], [-6, -7], [-27, -5], [-1, -2], [-10, -5], [-20, 1], [-2, -1], [-1, 0], [-4, 5], [12, 1], [8, -1], [6, 2], [4, -1], [1, 8], [22, 0], [7, 2], [3, 3], [5, 2], [3, 3], [2, 0], [3, 3], [12, 1], [10, 2], [5, 7], [4, 8], [0, 3], [3, 3], [4, 1], [0, 3], [3, 0], [0, 3], [4, 5], [1, 4], [8, 6], [6, -2], [8, 0], [4, 4], [3, 0], [-1, 18], [4, 5], [24, 4], [1, 7], [3, 0], [2, 3], [2, 8], [2, 2], [2, 8], [3, 3], [1, 7], [-3, 5], [0, 5], [4, 1], [2, 9], [-2, 8], [-4, 8], [-4, 2], [-20, 1], [-1, -1], [-3, 0], [-2, -3], [-1, -3], [-3, 0], [-2, -7], [-4, -8], [-2, -5], [-1, -5], [-3, 0], [-2, -54], [-1, -3], [-4, -4], [-4, -1], [-1, -3], [0, -1], [-4, 0], [-9, 2], [0, 3], [-5, 1], [-1, 1], [0, 3], [-9, 2], [-18, 1], [-23, -2], [-7, -1], [-5, -4], [-11, -3], [-4, 0], [-7, -3], [2, -3], [-7, -3], [-3, 0], [-4, -3], [-5, -7], [-6, -2], [2, -4], [-3, -1], [-1, 0], [0, -4], [-3, -1], [-1, -1], [-3, 1], [-1, -5], [-4, -5], [-1, -5], [-1, -2], [-3, -8], [-1, -2], [-2, -8], [-6, -10], [-3, -24], [1, -15], [1, -2], [1, -13], [5, -13], [1, -16], [6, -16], [3, -3], [3, -8], [3, -12], [0, -3], [1, -2], [3, -8], [6, -6], [0, -3], [7, -3], [0, -4], [7, -1], [0, -3], [8, -2], [0, -3], [6, -2], [1, -2], [7, 0], [2, -1], [5, -3], [0, -3], [8, -2], [-1, -3], [6, -2], [1, -2], [7, -2], [1, -11], [-2, -2], [0, -5], [3, -10], [0, -3], [3, -3], [2, -5], [5, -6], [1, -4], [5, -2], [3, -3], [6, -3], [0, -3], [7, -4], [5, -6], [3, -1], [1, -3], [1, -2], [4, -14], [2, -2], [4, -18], [4, -8], [3, -19], [2, 0], [3, -8], [6, -2], [1, -5], [6, -1], [1, -5], [3, 0], [0, -3], [5, -3], [7, -4], [5, -3], [4, -5], [2, -1], [4, -10], [6, -6], [0, -3], [3, 0], [2, -5], [2, -10], [2, -5], [1, -3], [3, 0], [0, -3], [3, -3], [3, 0], [-1, -2], [0, -3], [-1, -7], [8, -9], [1, -4], [8, -3], [3, -4], [4, -3], [1, -2], [4, -1], [2, -2], [14, -6], [22, -4], [42, 1], [4, 1], [16, 1], [7, 1], [3, 2], [4, 0], [7, 3], [0, -3], [3, 0], [-1, -7], [-1, -1], [-6, -5], [-4, -4], [-4, -8], [0, -7], [-3, 0], [-5, -18], [-1, -16], [-1, -2], [-3, -16], [1, -13], [1, -3], [2, -9], [0, -4], [4, -7], [5, -14], [2, -2], [1, -13], [2, -3], [6, -36], [1, -3], [0, -3], [3, -10], [6, -9], [5, -6], [2, -3], [5, -5], [7, -6], [4, -4], [5, -2], [2, -1], [6, -1], [0, -3], [29, -5], [7, -2], [8, -3], [7, -2], [0, -3], [7, -3], [1, -5], [3, -5], [0, -3], [3, 0], [0, -4], [6, -2], [3, -3], [4, -2], [1, -1], [10, -5], [5, -1], [0, -3], [7, -1], [0, -4], [4, -1], [0, -3], [3, 0], [0, -4], [6, -2], [4, -5], [2, -1], [2, -4], [3, 0], [0, -4], [4, -1], [1, -3], [5, -7], [1, -3], [3, 0], [3, -5], [1, -3], [6, -6], [4, -7], [2, -6], [4, -2], [2, -5], [3, -2], [2, -1], [3, -3], [0, -3], [4, -3], [6, -6], [3, -2], [5, -6], [3, -1], [1, -5], [5, 0], [4, -4], [5, 0], [0, -4], [7, 1], [0, -4], [8, 0], [13, -5], [1, -2], [6, 0], [2, -4], [0, -4], [-3, -5], [0, -8], [2, -4], [0, -1], [-4, -5], [-2, 2], [-4, -12], [2, -8], [1, -5], [3, -9], [-1, -2], [0, -5], [1, -7], [2, -2], [0, -3], [4, -1], [1, -4], [5, -2], [1, -2], [15, -3], [1, -1], [2, -1], [1, -1], [2, 0], [1, -2], [0, -2], [-1, 0], [0, 1], [-3, 1], [0, 1], [-2, 0], [-1, 1], [-2, 1], [-1, -3], [-1, -2], [-4, -15], [-1, -1], [-3, -6], [-1, -9], [28, -19], [2, -2], [-1, -3], [-3, 1], [-28, 18], [-3, -4], [-5, -6], [-1, -5], [-4, -8], [-3, -12], [1, -4], [-3, -5], [-1, -5], [-2, 0], [-2, -9], [-2, 0], [-2, -8], [-2, -1], [-1, 0], [-1, -7], [-2, -2], [-1, -5], [-1, -1], [-6, -18], [-1, -2], [-4, -16], [0, -5], [-1, -4], [2, -8], [-4, -18], [-1, -8], [-3, 0], [0, -6], [-2, 0], [-2, -39], [1, -4], [1, -3], [3, -4], [1, -1], [1, -3], [5, -8], [1, -4], [2, -2], [6, -12], [5, -9], [2, -5], [30, 0], [1, -9], [0, -7], [4, -3], [5, -1], [7, 1], [23, 61], [0, 20], [1, 0], [0, -20], [-23, -60], [0, -6], [1, -4], [1, -3], [3, -1], [0, -1], [-1, 0], [-3, -2], [-1, -2], [-1, -3], [-10, -33], [-3, -3], [-5, -12], [-11, -13], [-2, -7], [-2, 0], [-1, -3], [-3, -5], [-4, -5], [-2, -4], [-4, -1], [0, -3], [-3, 0], [0, -4], [-1, 0], [-3, -1], [0, -7], [-3, -5], [0, -5], [-3, 0], [-2, -14], [-1, -1], [-8, -1], [0, -4], [-2, -1], [0, -3], [-3, -1], [0, -3], [-6, -2], [-5, -5], [-5, -7], [-4, -2], [0, -4], [-3, -1], [-1, 0], [0, -4], [-3, 0], [-1, -3], [0, -1], [-3, -1], [-1, -3], [-3, -4], [-5, -4], [-2, -4], [-2, -2], [-6, -7], [-5, -4], [-2, -4], [-13, -13], [-4, -2], [-1, -2], [-7, -2], [-4, -5], [-4, -1], [-6, -7], [-4, -1], [0, -3], [-2, 0], [-1, -3], [-1, -1], [-5, -3], [-1, -3], [-5, -4], [-5, -7], [-3, -1], [0, -3], [-8, -6], [-2, -3], [-4, -2], [-10, 1], [0, 3], [-3, 0], [0, 3], [-3, 1], [-6, 10], [0, 4], [5, 19], [20, 12], [-11, 0], [15, 3], [8, 3], [22, 10], [1, 2], [7, 3], [4, 5], [9, 12], [6, 9], [2, 6], [-1, 17], [-3, 1], [-1, 0], [-1, 5], [-15, 15], [-1, 6], [6, 7], [2, 6], [2, 2], [4, 12], [1, 1], [3, 8], [-1, 18], [7, 1], [3, 8], [3, 3], [1, 5], [1, 2], [1, 13], [-1, 1], [0, 12], [2, 18], [0, 11], [-1, 7], [-5, 6], [-9, 10], [-2, 2], [-6, 0], [-7, -4], [-3, -5], [-4, -5], [-3, -7], [-4, -6], [-7, -5], [-3, -1], [0, -3], [-3, -3], [-1, -12], [9, -2], [17, -1], [2, 1], [0, -4], [-11, -1], [-15, -3], [-14, -4], [-3, 4], [-1, 4], [-3, 0], [-3, 4], [-3, 5], [-1, 3], [-2, 1], [-2, 3], [-1, 4], [5, 2], [0, 3], [3, 0], [4, 5], [19, 6], [3, 5], [1, 6], [3, 3], [4, 1], [1, 2], [12, 5], [4, 5], [7, 5], [4, 2], [1, 2], [7, 3], [3, 3], [4, 1], [1, 5], [4, 0], [0, 4], [3, 0], [0, 3], [3, 0], [0, 3], [2, 3], [6, 2], [6, 9], [4, 11], [0, 8], [-5, 7], [-3, 4], [7, 14], [3, 3], [1, 3], [4, 2], [0, 3], [3, 5], [4, 5], [4, 10], [0, 15], [-3, 4], [0, 5], [-2, 4], [-3, 4], [-12, 3], [-4, 3], [-5, 1], [-3, 8], [-3, 3], [0, 3], [-1, 3], [-1, 15], [-2, 5], [-3, 5], [-4, 6], [0, 3], [-3, 10], [-3, 3], [-2, 7], [0, 1], [-6, 2], [-1, 8], [-2, 3], [-1, 3], [-3, 0], [0, 4], [-3, 4], [-7, 12], [0, 3], [-5, 16], [-4, -1], [-2, -2], [-1, -2], [-1, 0], [0, 2], [2, 2], [0, 3], [-11, -1], [-9, -4], [-8, -3], [-3, -4], [-3, 0], [-5, -5], [-6, -3], [-5, -7], [-3, 0], [0, -5], [-2, -5], [-3, 0], [-1, -7], [-4, -8], [-2, -5], [-1, -5], [-3, 0], [0, -5], [-3, -5], [0, -6], [-3, -1], [-2, -9], [-1, -2], [-2, -5], [-1, -2], [-5, -18], [0, -18], [2, -9], [9, -9], [2, -1], [2, -3], [-4, -57], [-2, 0], [-1, -7], [-3, -3], [-2, -8], [-3, -4], [-1, -6], [-1, -2], [-4, -11], [-2, -2], [-2, -10], [-2, -2], [-3, -1], [0, -26], [1, -3], [-2, -17], [3, -1], [3, -3], [4, -1], [4, 1], [0, 3], [4, 2], [3, 0], [2, -1], [5, 1], [0, -4], [8, -8], [3, -1], [0, -3], [-3, -1], [-3, -4], [-1, -4], [3, 0], [0, -1], [-18, -6], [-5, -7], [-4, -1], [-2, -6], [-4, -4], [-2, -6], [-3, -1], [-1, -1], [0, -3], [-3, 0], [0, -4], [-3, 0], [-4, -4], [-3, -6], [-3, -4], [-5, -4], [-1, -3], [-6, -7], [-2, -6], [-3, 0], [1, -4], [-3, 0], [-1, -3], [-5, -3], [-16, 0], [-8, 2], [-2, -2], [-12, -1], [0, 3], [-7, -1], [-2, 2], [-20, 3], [0, 4], [-5, 2], [-1, 1], [-1, 11], [-2, 1], [-1, 1], [1, 3], [-3, 1], [-1, 1], [-1, 3], [-2, 1], [-5, 10], [6, 3], [5, 5], [4, 1], [4, 0], [13, 4], [2, -3], [6, -3], [14, -3], [9, 1], [8, 4], [2, 2], [2, 0], [2, 10], [1, 23], [2, 3], [1, 10], [-3, 10], [-4, 5], [-1, 3], [-8, 2], [-4, 6], [-1, 10], [3, 0], [0, 3], [4, 0], [1, 5], [2, 5], [1, 5], [3, 0], [1, 8], [3, 0], [2, 7], [2, 3], [0, 5], [4, 1], [2, 5], [6, 10], [-15, -5], [0, -3], [-3, 0], [0, -3], [-11, -5], [-2, -2], [0, -3], [-3, -1], [-1, -1], [0, -3], [-3, -1], [-1, -1], [1, -3], [-3, 0], [-1, 2], [-4, -1], [3, 7], [1, 3], [4, 1], [4, 3], [7, 4], [4, 3], [4, 5], [8, 3], [3, 0], [2, 2], [6, 1], [2, 3], [0, 4], [4, 2], [7, 7], [6, 2], [0, 7], [2, 6], [8, 10], [4, 0], [1, 4], [1, 1], [1, 4], [3, 0], [3, 19], [-2, 5], [0, 5], [-1, 2], [-5, 13], [0, 5], [-2, 11], [-1, 15], [-2, 3], [-1, 5], [-2, 4], [-2, 22], [2, 8], [3, 0], [3, 8], [1, 8], [3, 4], [5, 18], [1, 1], [0, 4], [1, 1], [-3, 0], [1, 10], [-4, 6], [-5, 12], [0, 8], [3, 8], [0, 7], [1, 1], [0, 2], [-2, 6], [-3, 0], [-1, 7], [-14, 3], [-2, 11], [14, 0], [7, 2], [5, 7], [0, 5], [-11, 4], [-4, -11], [-8, 1], [-3, -3], [-2, -4], [-3, -2], [-4, -5], [-7, -3], [-4, -5], [-4, -2], [-4, -5], [-3, 0], [-1, -2], [-3, 0], [0, -4], [-2, 1], [-4, -5], [-5, -1], [0, -3], [-3, -4], [-5, -2], [-2, -2], [-3, -6], [-3, -1], [-2, -7], [-1, -1], [-2, -7], [-3, 0], [-1, -8], [-3, 0], [-1, -18], [-2, 0], [-1, -8], [-1, -2], [-5, -38], [2, -4], [-4, -1], [1, -13], [2, -4], [1, -4], [4, -1], [2, -3], [0, -31], [1, -2], [-1, -21], [-4, -18], [0, -12], [3, -4], [1, -56], [-1, -21], [1, -3], [0, -4], [2, -2], [3, -1], [0, -6], [-3, 0], [0, -5], [-1, -2], [-2, -6], [-2, -5], [-3, -5], [-3, -4], [-4, -13], [-1, -1], [-2, -18], [-3, 0], [0, -5], [-2, -3], [-10, -2], [-4, -5], [-1, -4], [-3, 0], [0, -3], [-2, -2], [-1, -19], [2, -5], [0, -10], [-2, -2], [1, -9], [-3, -17], [-1, -18], [0, -27], [-4, -9], [-1, -1], [0, -7], [-3, 0], [-2, -15], [-4, -16], [0, -13], [-2, -18], [-1, -2], [-1, -3], [-3, -1], [-3, -4], [-2, -6], [-1, -1], [-1, -8], [-1, -1], [-1, -7], [-3, 0], [-1, -18], [-2, -2], [-9, -6], [-2, 0], [-4, -2], [-2, -7], [-2, 0], [-2, -8], [-2, 0], [-2, -7], [-2, -1], [-2, -8], [-1, -10], [-2, 0], [-2, -26], [-1, -2], [7, -7], [3, -1], [0, -3], [3, 0], [0, -3], [2, 0], [1, -2], [0, -7], [2, 0], [2, -2], [7, -1], [19, 0], [2, 2], [3, -1], [3, 5], [1, 8], [3, 0], [1, 7], [4, 1], [0, 4], [9, 4], [3, 0], [10, 5], [1, 2], [4, 1], [1, 3], [1, 2], [1, 11], [2, 2], [2, 8], [2, 0], [-1, 10], [-2, 5], [0, 21], [11, 12], [4, 4], [4, 1], [5, 7], [3, 1], [2, 10], [-2, 1], [0, 10], [-2, 3], [-3, 8], [-15, 2], [2, -2], [0, -3], [5, -5], [1, -3], [0, -5], [1, 0], [0, -2], [-2, 0], [-1, 2], [0, 5], [-3, 0], [-2, 3], [-1, 7], [-2, 3], [0, 4], [-4, 12], [0, 5], [2, 8], [1, 10], [3, 0], [0, 3], [2, 2], [0, 3], [4, 0], [2, 7], [2, 1], [0, 7], [6, 2], [0, 4], [2, 3], [13, 3], [1, 8], [-3, 0], [0, 3], [-7, 2], [-1, 2], [-4, 0], [-1, -1], [-1, -7], [-1, 0], [0, 4], [-1, -1], [0, -3], [-1, 0], [-1, -3], [0, -3], [-5, -2], [0, -5], [-3, 0], [0, -3], [-1, -2], [-1, 0], [0, 2], [1, 0], [0, 6], [3, 3], [2, 1], [2, 5], [2, 2], [0, 3], [1, 0], [2, 8], [8, 1], [14, -5], [1, -1], [13, -3], [2, -3], [2, -8], [2, -1], [1, -7], [-2, 0], [0, 5], [-3, 5], [-1, 5], [-7, -1], [-3, 3], [-4, 1], [-2, 3], [1, -7], [12, -4], [3, -8], [4, -4], [3, 0], [2, -3], [3, -5], [1, -3], [4, -1], [1, -4], [2, -4], [6, -7], [1, -3], [2, -1], [7, -8], [6, -5], [3, 0], [0, -2], [-1, -15], [-4, -18], [-1, -27], [3, -7], [2, -8], [0, -3], [3, -7], [-1, -5], [-6, -1], [1, -4], [-3, 0], [-1, -3], [-1, -2], [-1, -3], [-4, 0], [-2, -7], [-3, -3], [-1, -6], [-3, -1], [-1, -9], [-3, 0], [-1, -7], [-1, -2], [-9, -34], [-1, -2], [-2, -6], [-1, -2], [-1, -6], [-2, 0], [-2, -18], [0, -20], [6, -13], [3, -3], [0, -3], [6, -6], [3, -1], [0, -3], [2, -2], [6, -3], [1, -3], [2, -3], [1, -5], [-3, 0], [1, -5], [3, -5], [1, -3], [8, -2], [0, -3], [4, 0], [0, -21], [2, -13], [5, -1], [0, -4], [7, -2], [11, 0], [6, 1], [2, 4], [1, 4], [0, 10], [1, 7], [4, 6], [1, 4], [6, 7], [3, 1], [1, 5], [4, 4], [3, 0], [8, 7], [4, 1], [0, 3], [8, 3], [8, 10], [0, 2], [-2, 3], [0, 3], [3, 4], [3, 5], [0, 6], [1, 2], [3, 8], [1, 2], [1, 6], [1, 2], [-1, 11], [-4, 5], [-2, 8], [-1, 2], [-1, 3], [-4, -3], [-1, 5], [4, 5], [2, 3], [0, 5], [-1, 1], [3, 2], [2, -8], [1, -2], [1, -4], [3, 0], [3, -12], [2, 0], [1, -1], [0, -5], [1, -3], [1, -15], [3, -2], [3, -1], [0, -4], [3, -2], [4, -3], [15, -7], [1, -10], [4, -16], [3, -5], [3, -3], [3, -8], [0, -25], [1, -14], [-1, -2], [-2, -7], [-3, 0], [0, -3], [-2, 0], [-1, -3], [-1, -1], [-2, -1], [-2, -6], [-2, -2], [-3, -12], [-2, -22], [1, -12], [8, -39], [2, -31], [-1, 0], [0, -4], [1, -1], [-2, -3], [-1, 0], [0, 2], [1, 0], [0, 1], [-1, 0], [0, 5], [1, 1], [0, 22], [-2, -2], [-1, -3], [0, -8], [-2, -10], [-2, 0], [1, 20], [-2, 1], [0, 4], [-4, -1], [-4, -8], [-3, -2], [-5, -6], [0, 5], [-1, 1], [-10, -1], [-1, -7], [-1, -3], [0, -12], [2, -8], [3, -2], [7, -5], [5, -1], [1, -2], [7, -2], [2, -1], [5, -2], [19, 1], [19, 5], [6, 3], [5, 1], [1, 4], [-2, 2], [-6, 3], [-8, 0], [-1, -2], [-4, -1], [-1, -3], [-3, -5], [-2, 0], [0, 2], [1, 0], [0, 3], [-1, 1], [-3, 0], [0, -1], [-3, -9], [-3, 0], [0, -1], [-2, 0], [0, 2], [1, 0], [1, 3], [2, 0], [1, 8], [-1, 3], [4, 3], [0, 1], [6, 6], [30, 3], [5, 4], [4, 0], [3, 2], [3, 0], [12, 6], [0, 3], [1, 1], [6, 0], [12, 5], [5, 5], [3, 1], [2, 3], [0, 3], [3, 1], [4, 9], [1, 9], [3, 0], [0, 3], [2, 2], [1, 3], [1, 0], [2, 10], [1, 1], [1, 5], [-1, 0], [0, 2], [1, 0], [0, -1], [1, -1], [0, -6], [-2, -2], [-2, -8], [0, -1], [-1, -2], [-1, -1], [0, -4], [-2, -1], [-3, -4], [0, -4], [-4, -11], [3, -11], [0, -15], [2, -7], [0, -13], [1, -4], [5, -31], [6, -17], [4, -4], [1, -4], [6, -6], [4, -6], [0, -2], [-2, -3], [-5, 1], [-1, 3], [-4, 0], [0, -3], [-1, -1], [-3, -1], [-2, -8], [-1, -10], [-2, -5], [-1, -3], [-3, -1], [-2, -5], [-4, -5], [-1, -4], [-3, -4], [-3, -2], [-3, 1], [-1, -3], [0, -1], [-4, -1], [-1, -5], [-5, -4], [-2, -1], [0, 3], [3, 1], [1, 3], [2, 0], [0, 3], [-5, -2], [-4, -3], [0, -2], [-1, 0], [0, 3], [1, 2], [-4, 0], [0, 4], [2, 1], [2, 10], [8, 10], [0, 15], [-1, 4], [-2, 2], [-1, 5], [-1, 2], [-1, 13], [2, 1], [0, 3], [-2, 4], [0, 3], [-6, 7], [-7, 5], [-15, 3], [-10, -2], [-9, -3], [-3, -4], [-4, -1], [-1, -2], [-3, -1], [0, -3], [-3, 1], [-1, -2], [-18, -4], [-2, -1], [-8, -1], [-1, 0], [-1, -4], [-2, 0], [-2, -8], [-4, 0], [0, -8], [-2, 0], [-2, -15], [-3, -3], [-1, -7], [-2, -1], [0, -9], [1, 0], [0, 5], [1, 1], [1, 3], [1, 0], [0, -4], [-1, 0], [0, -6], [-2, -17], [1, -6], [4, -2], [-2, -3], [3, -1], [3, -3], [5, -3], [7, -1], [1, -3], [-1, -2], [3, 1], [0, -5], [6, -2], [1, 5], [3, 3], [4, 0], [1, -4], [3, -1], [5, -5], [3, -1], [0, -3], [7, -1], [0, 3], [-3, 1], [-1, 5], [1, 0], [4, -5], [0, -3], [2, -1], [11, -2], [-1, -3], [2, -21], [5, -7], [1, -3], [7, -2], [5, 2], [7, -1], [1, -3], [4, -7], [1, -3], [4, 0], [0, -5], [3, 0], [2, -3], [5, -16], [2, -2], [0, -5], [-3, -3], [2, -11], [-2, -1], [-2, -4], [0, -15], [1, -7], [1, -19], [-2, -13], [-2, 1], [-1, 7], [-3, 0], [-3, 18], [-1, 14], [-1, 2], [-1, 3], [-7, 2], [0, 3], [-5, -4], [-3, 0], [-2, -4], [-10, -6], [-9, 0], [0, 7], [-1, 1], [-1, 4], [-3, 0], [-2, 9], [1, 9], [-3, -1], [-1, 5], [3, 9], [2, 3], [2, 5], [-1, 14], [3, 1], [-2, 11], [-3, 0], [0, 5], [-1, -2], [-1, 0], [0, 2], [1, 1], [-15, 2], [-2, -1], [-2, 1], [-1, -4], [-1, -1], [-5, -1], [-1, -2], [-6, 0], [-1, 2], [-6, 2], [0, 5], [-4, 2], [-9, 3], [-7, 0], [-1, -1], [-1, -3], [-2, 1], [-7, -3], [-1, -3], [-4, -5], [-2, -7], [-4, -1], [-4, -8], [-3, -2], [-4, -9], [-4, -8], [-5, -16], [0, -12], [4, -4], [3, -10], [0, -7], [3, -6], [1, -10], [2, -2], [3, -1], [2, -5], [5, -1], [1, -1], [7, -1], [0, -3], [4, -2], [1, -1], [0, -4], [2, -3], [0, -14], [-1, -2], [6, -2], [4, -4], [5, 0], [2, -1], [30, -4], [2, -2], [13, -1], [2, -2], [3, 0], [2, 1], [4, -11], [1, -5], [1, -3], [4, -5], [1, -3], [5, -3], [2, -1], [7, -2], [25, 1], [14, 4], [1, 8], [3, 1], [1, 2], [8, 3], [3, 0], [2, 2], [5, 2], [3, 3], [4, 3], [2, 1], [1, 2], [1, 10], [4, 0], [0, 8], [3, 15], [1, 1], [4, 18], [1, 7], [4, 1], [1, 1], [8, 5], [7, 9], [3, 7], [4, 23], [0, 13], [8, 3], [4, 5], [4, 9], [2, 19], [-1, 3], [0, 4], [1, 3], [2, 20], [5, 4], [10, -2], [4, -3], [8, -3], [2, -2], [13, -6], [14, -2], [1, -8], [7, 0], [0, -3], [4, -1], [5, -3], [17, -2], [-1, -8], [-3, -1], [-5, -7], [-12, 0], [-2, -3], [-2, -5], [-6, -11], [-2, -5], [-2, -3], [-2, -5], [-2, -4], [-2, -6], [-3, -1], [-2, -2], [-2, -7], [-3, 0], [-9, -35], [-3, -3], [-3, -13], [0, -26], [-3, 0], [0, -3], [-2, -2], [0, -3], [-3, 0], [-1, -5], [-2, -5], [0, -7], [-1, -1], [-3, -9], [0, -3], [3, -8], [1, -2], [0, -3], [-5, -19], [-4, -7], [-3, -3], [-1, -13], [2, -7], [1, -2], [2, -6], [2, -3], [1, -13], [-4, -15], [-2, -2], [0, -3], [4, -15], [-3, 0], [2, -13], [3, -9], [2, -2], [0, -5], [3, -6], [-1, -5], [-1, 0], [-2, 6], [-1, 0], [-1, -3], [-3, -3], [0, -4], [-1, 0], [-1, 4], [-2, 0], [0, -4], [-3, 1], [-5, -2], [-1, -9], [1, -1], [2, -8], [1, -2], [1, -3], [3, 0], [-2, -3], [15, -1], [2, -2], [4, -1], [18, 0], [15, 4], [10, 5], [2, 2], [3, 0], [4, 5], [4, 1], [2, 4], [8, 2], [0, 5], [4, -1], [0, 3], [4, 4], [5, 2], [4, 3], [8, 0], [6, 4], [2, 1], [3, 0], [0, 3], [4, 0], [0, 5], [4, -2], [0, 3], [4, 2], [1, 8], [3, 0], [2, 7], [1, 2], [1, 11], [-3, 5], [-1, 5], [-7, 8], [-3, 6], [0, 5], [-1, 2], [0, 3], [3, 6], [2, 3], [1, 1], [5, 6], [2, 2], [1, 3], [3, 7], [2, 9], [-1, 4], [-5, 11], [-3, 5], [-3, 2], [-2, 2], [-5, 7], [-3, 3], [-5, 3], [-3, 1], [-9, 0], [-5, -2], [-4, -2], [-5, -5], [-8, -12], [-2, -5], [-5, -6], [-6, -10], [-6, -12], [-4, -6], [-1, -7], [-1, -5], [1, -3], [2, -16], [6, -1], [4, -12], [-1, -3], [5, -2], [0, -3], [-8, -2], [0, 2], [1, 3], [0, 5], [-2, 3], [-4, 5], [0, -6], [-10, -1], [-3, -2], [-4, 0], [-10, -5], [0, -3], [-2, 0], [0, 4], [1, 0], [4, 6], [2, 13], [4, 4], [2, 1], [1, 6], [5, 11], [3, 3], [3, 5], [0, 5], [2, 4], [5, 9], [4, 5], [0, 4], [-7, 3], [-1, -2], [-2, 1], [2, 2], [11, 1], [6, 3], [2, 2], [1, 2], [3, 4], [3, 6], [3, 5], [2, 2], [3, 2], [1, 2], [4, 3], [4, 5], [3, 6], [-1, 2], [1, 1], [2, 3], [2, 5], [3, 6], [4, 3], [2, 2], [2, 3], [2, 2], [1, 6], [10, 3], [13, 2], [3, 2], [5, 0], [3, 1], [12, 2], [21, 9], [1, 1], [3, 1], [6, 10], [0, 3], [6, 3], [1, 2], [3, 0], [1, 1], [3, 1], [1, 5], [7, 3], [3, 3], [4, 2], [1, 1], [3, 1], [1, 5], [3, 3], [4, 3], [11, 4], [9, 6], [7, 4], [2, 3], [15, 7], [3, 3], [4, 1], [3, 5], [1, 3], [4, 0], [3, 8], [3, 4], [1, 3], [9, 8], [11, 0], [14, -3], [4, -3], [27, -13], [2, -1], [42, -19], [6, 0], [2, 2], [1, -8], [2, -2], [5, -3], [19, -6], [1, -2], [6, -2], [4, -3], [8, -9], [3, -1], [0, -3], [-8, -1], [-1, -11], [1, -5], [5, -5], [2, -6], [3, 0], [3, -5], [1, -5], [2, 0], [4, -5], [4, -6], [2, -6], [3, 0], [5, -7], [5, -10], [1, -3], [4, -4], [5, 5], [3, 1], [14, 12], [2, 0], [1, -2], [0, -1], [-14, -13], [3, -4], [2, -5], [2, -2], [-3, -5], [0, -1], [3, -5], [2, -3], [2, -7], [1, -1], [1, -3], [5, -2], [2, -6], [3, 0], [3, -5], [0, -5], [4, -7], [2, -8], [5, -1], [2, -7], [7, -8], [2, -5], [3, -4], [2, -7], [3, -2], [3, -1], [2, -6], [5, -7], [1, -3], [3, -3], [3, 0], [2, -7], [5, -6], [3, -7], [3, -3], [1, -5], [5, -5], [4, -8], [0, -3], [5, -1], [0, -4], [2, 0], [3, -4], [2, -1], [15, -8], [20, -1], [1, -2], [26, -9], [2, 0], [6, -3], [1, -1], [1, -3], [-3, -1], [-3, 2], [0, 2], [-4, 1], [0, -6], [2, 1], [2, -1], [2, -3], [0, -2], [-8, 2], [-6, -1], [-8, -3], [-10, -14], [5, -8], [8, -6], [13, -1], [18, -2], [3, -2], [8, -4], [12, -2], [21, 8], [10, 15], [6, 4], [6, 0], [2, 4], [-11, 5], [-15, 3], [-42, 9], [-7, 4], [-3, 2], [1, 1], [1, 0], [2, 1], [2, -1], [1, -1], [6, -2], [12, -5], [17, -4], [9, -2], [6, 0], [10, -3], [14, -7], [1, 0], [-1, -1], [0, -2], [1, -1], [1, 2], [0, 1], [1, 0], [0, -1], [14, -5], [2, 0], [10, -2], [2, 0], [1, -1], [10, -5], [5, -3], [6, -5], [9, -5], [4, -2], [4, -3], [2, -1], [1, -2], [1, -1], [0, -5], [1, -1], [0, -1], [-1, -1], [0, -3], [1, -2], [7, -4], [2, -1], [1, -2], [2, -1], [7, -5], [14, -9], [1, -4], [9, -9], [2, 0], [0, -1], [2, -2], [1, 1], [3, -2], [1, -1], [4, -1], [0, -5], [2, -3], [-1, -4], [3, -6], [5, -3], [6, -2], [1, -2], [3, -1], [1, -2], [2, 0], [2, -3], [0, -3], [1, -1], [1, -2], [1, 0], [2, -2], [0, -1], [3, -2], [3, 0], [3, -1], [0, -1], [11, 0], [1, -1], [2, 1], [1, -1], [0, -2], [1, -2], [2, -1], [2, -2], [2, -1], [5, -1], [7, -1], [15, 1], [8, 1], [10, -1], [10, -3], [6, -2], [13, -6], [11, -3], [9, -2], [22, -3], [26, -1], [10, 3], [3, 0], [9, -3], [15, 1], [10, 4], [1, -3], [2, -3], [5, 0], [2, 3], [0, 6], [13, -3], [12, 0], [14, 2], [26, 4], [14, 6], [0, 23], [102, 3], [0, 18], [3, 0], [0, 21], [-10, 0], [-17, 29], [8, 21], [-1, 68], [19, 16], [80, 2], [0, -32], [-57, 0], [-9, -24], [1, -116], [29, 1], [-1, 23], [32, 0], [-1, 17], [-6, 0], [0, 45], [51, 0], [0, -60], [-6, 0], [1, -5], [31, 0], [7, 3], [-3, 11], [-2, 36], [-2, 72], [15, 19], [12, 5], [9, -10], [2, -123], [4, -5], [10, -8], [2, -9], [1, -8], [-1, -7], [-4, -5], [-2, 0], [0, 3], [-6, -3], [-4, -1], [-2, 0], [-1, -1], [-4, 2], [-2, 0], [-2, -4], [-1, -4], [0, -6], [1, -2], [3, -3], [6, -8], [1, -6], [1, -9], [1, -6], [0, -5], [3, -6], [3, -3], [3, -2], [11, -6], [22, -8], [6, -1], [35, -8], [3, -2], [13, -3], [14, -4], [4, -2], [5, -2], [3, -1], [8, -4], [9, -4], [10, -6], [2, -2], [2, -1], [2, 1], [2, 0], [3, 12], [1, 2], [2, 2], [0, 2], [2, 2], [0, -3], [-1, -1], [-1, -3], [-1, -2], [0, -2], [-1, -2], [-1, -1], [-2, -6], [0, -1], [-1, -4], [0, -2], [2, -3], [1, -3], [3, -10], [4, -6], [4, -5], [5, -8], [5, -6], [2, -1], [5, 0], [4, -2], [2, -3], [4, -4], [2, -4], [0, -9], [-6, -3], [1, -1], [3, -4], [8, 4], [0, -2], [-4, -1], [-2, -1], [0, -5], [-1, -5], [2, -10], [4, -15], [0, -5], [1, -5], [1, -6], [1, -3], [1, -8], [2, -2], [0, -3], [1, -2], [4, -13], [2, -1], [3, -9], [2, -4], [3, -4], [6, -13], [0, -3], [4, -8], [0, -3], [3, -5], [1, -7], [4, -4], [0, -4], [3, -4], [0, -5], [4, -7], [3, -6], [7, -8], [1, -4], [5, -1], [2, -5], [8, -4], [7, -5], [4, -3], [4, -1], [0, -3], [8, -1], [0, -4], [6, 0], [1, -2], [23, -9], [9, -2], [2, -1], [32, -6], [5, -3], [-1, -3], [3, -1], [2, -3], [3, -1], [1, -5], [4, -6], [3, -8], [1, -2], [0, -3], [4, -7], [0, -3], [-6, -28], [0, -10], [3, -14], [0, -25], [6, -22], [3, -4], [4, -6], [2, -6], [4, -2], [1, -5], [3, 0], [6, -11], [1, -3], [4, -2], [4, -6], [4, -9], [0, -1], [-3, -8], [-10, -6], [-3, -6], [0, -11], [1, -9], [2, -4], [0, -7], [2, -6], [-3, 0], [1, -10], [2, -8], [-2, 0], [0, -20], [-1, -2], [0, -32], [-3, -1], [-1, -2], [-4, -1], [0, 4], [4, 6], [0, 5], [-1, 2], [0, 8], [1, 3], [1, 23], [-20, -3], [-4, -3], [-5, -5], [-7, -1], [0, 3], [-1, 1], [-10, 2], [-6, -5], [-2, -3], [-1, -3], [-3, -1], [-2, -3], [-3, -4], [-2, -9], [-2, -2], [-3, 0], [-1, 1], [-2, 9], [3, 0], [-1, 2], [2, 8], [2, 3], [2, 5], [1, 2], [1, 8], [2, 2], [-1, 8], [2, 2], [0, 1], [-2, 2], [0, 2], [2, 3], [8, 10], [2, 8], [2, 0], [5, 10], [3, 8], [1, 2], [1, 6], [1, 26], [-1, 6], [-2, 1], [-2, 4], [-5, 11], [0, 11], [-1, 4], [-1, 5], [0, 8], [-1, 2], [0, 1], [-1, 1], [-5, 0], [0, 1], [6, 0], [0, 1], [-6, 0], [0, 1], [5, 0], [0, 17], [-1, 4], [-6, 6], [-12, 3], [-10, 0], [-7, -1], [-9, -3], [-3, -2], [-3, -5], [-3, -8], [-3, -12], [-3, -5], [-1, -7], [-4, -16], [-1, -2], [0, -1], [-3, -13], [-1, -3], [1, -3], [0, -2], [-1, -10], [-1, -5], [-2, -5], [-1, -2], [0, -1], [-2, -6], [-1, -6], [-2, -5], [0, -4], [1, -1], [-1, -2], [1, -3], [-16, -16], [-5, -6], [-4, -4], [-3, -2], [-2, -2], [-12, -9], [-3, -3], [-6, -5], [-6, -2], [-3, 0], [0, 2], [-3, 0], [0, -1], [-1, 2], [-5, 1], [-3, 2], [-7, 5], [-1, 0], [-7, 4], [-1, 2], [-1, 1], [-1, 0], [-1, 2], [0, 1], [-9, 8], [-4, 1], [-5, -1], [-7, -3], [-4, 0], [-7, 5], [-1, 2], [0, 4], [-7, 9], [-7, 1], [0, 2], [1, 1], [7, 0], [3, -3], [5, 1], [2, -5], [4, -3], [4, -4], [1, 4], [-2, 1], [0, 5], [4, 0], [2, 4], [0, 11], [-3, 3], [-3, 10], [-5, 2], [-1, 1], [1, 16], [-3, 1], [-4, 4], [-2, -18], [-6, -2], [-1, -6], [-6, -2], [0, -8], [-2, -2], [1, -4], [-8, -5], [-3, -3], [-4, -3], [-2, -1], [-3, -10], [-3, 2], [-2, -10], [0, -8], [-1, -2], [-2, -10], [-3, -1], [0, -1], [-2, -6], [-3, -1], [-4, -3], [-3, -4], [-6, -3], [-4, -5], [-9, -3], [-1, -2], [-4, 0], [-4, -2], [-10, -1], [0, 4], [-6, 1], [0, 3], [6, -1], [0, 8], [-6, 11], [4, 22], [0, 4], [-4, 6], [-12, 3], [-1, 2], [-3, 0], [0, 4], [-3, 1], [-4, 6], [-5, 2], [-1, 4], [-6, 4], [0, 5], [-3, 0], [-1, 3], [-4, 7], [-3, 4], [-3, 1], [-4, 6], [-6, 6], [-7, 3], [-26, -1], [-6, -3], [-4, -3], [-3, -4], [-3, 0], [0, -4], [-3, -1], [-4, -6], [-2, -1], [-2, -8], [-1, -1], [-3, -1], [-1, -10], [-3, 0], [1, -8], [-3, 0], [-1, -6], [-6, -22], [-2, -1], [-2, -9], [-2, -1], [-4, -9], [-2, -8], [-2, -2], [-3, -1], [-1, -3], [-4, -4], [0, -3], [-3, 0], [-1, -3], [-4, -4], [-2, -6], [-2, -1], [-4, -6], [0, -3], [-4, -1], [-4, -4], [0, -3], [-3, 0], [-6, -3], [-4, -6], [-2, -6], [-15, -3], [-14, -7], [-8, -6], [-2, -4], [-3, -1], [-1, -2], [-3, -1], [-1, 3], [-2, 4], [3, 1], [0, -3], [1, 0], [2, 3], [1, 5], [5, 4], [6, 3], [16, 21], [1, 4], [3, 0], [7, 10], [4, 6], [1, 5], [4, 0], [2, 4], [-2, 11], [-1, 2], [-1, 6], [-3, 1], [0, 1], [-1, 29], [-1, 3], [0, 5], [-3, 7], [-1, 13], [-3, 4], [-3, 12], [0, 3], [-5, 11], [-3, 0], [0, 4], [-1, 0], [-10, 2], [-2, 1], [-20, 0], [-17, -10], [-3, -3], [-5, -2], [-4, -4], [-2, -4], [-2, -2], [-6, -7], [-4, 0], [-2, -7], [0, -1], [-3, -1], [0, -3], [-3, 0], [0, -7], [-2, 0], [-3, -9], [-3, 0], [-2, -9], [-1, -1], [-1, -8], [-2, -1], [-2, -27], [-1, -2], [-7, -26], [-1, -2], [-2, -8], [-3, -1], [-2, -3], [-9, 1], [0, 3], [4, 0], [0, 3], [-1, 1], [-3, 1], [-3, 16], [-3, 3], [-2, 7], [-4, 2], [-4, 4], [-1, 3], [-5, 1], [-8, 9], [-2, 8], [-9, 1], [-7, -2], [-4, -2], [-10, 1], [-2, 6], [-6, 4], [-18, 0], [-6, -3], [0, 2], [8, 6], [4, 1], [0, 1], [-1, 18], [4, -1], [1, 3], [-3, 0], [0, 3], [-3, 0], [-1, 3], [-2, 4], [-4, 5], [-8, 3], [-6, 0], [-2, 2], [-5, -2], [-1, -1], [6, -1], [-4, -12], [1, -19], [-3, -5], [-1, -5], [-1, -2], [3, 0], [0, -5], [5, 0], [2, 4], [1, 3], [3, 3], [1, 0], [0, -1], [-1, -1], [-1, -3], [-1, -13], [-2, -4], [-7, -2], [-2, -8], [-4, -5], [-5, -12], [-4, -24], [-3, -7], [-1, -16], [1, -2], [-3, -1], [-2, -2], [-1, -5], [-2, -3], [-7, 1], [0, 3], [3, 0], [0, 7], [-1, 1], [-1, 4], [-2, 0], [-3, 4], [-12, -4], [-7, -1], [-2, -6], [-1, -1], [-3, -1], [-1, -10], [-3, 0], [-1, -10], [-3, 0], [-4, -18], [-1, -28], [-1, -4], [0, -7], [3, -5], [2, -10], [2, -2], [5, -1], [0, -3], [13, -5], [1, 4], [4, 5], [3, 5], [0, 3], [7, 2], [3, 4], [4, 3], [5, 3], [7, 10], [2, 6], [6, 4], [9, 2], [6, 3], [17, 4], [4, 3], [21, 4], [5, -3], [3, -3], [7, -4], [4, -3], [18, -1], [4, -2], [12, 2], [4, -1], [4, -4], [18, -3], [1, -5], [1, -2], [6, -11], [5, -11], [1, -4], [3, 0], [3, -8], [-5, 1], [-2, 3], [-4, 1], [0, -3], [2, -3], [13, -2], [1, -5], [4, -4], [2, 0], [1, 2], [14, 1], [0, -2], [-6, -1], [2, -7], [2, -1], [0, -4], [4, -2], [13, -3], [12, 2], [1, 1], [2, -4], [1, -3], [-24, -2], [0, -3], [2, 0], [0, -3], [6, -3], [15, -4], [8, 0], [8, -3], [2, -2], [19, -5], [0, -5], [-6, 0], [-2, 2], [-6, 0], [-8, -5], [-3, -4], [5, -4], [13, -5], [2, -2], [13, -6], [13, -2], [-2, 3], [10, 1], [11, 4], [3, 7], [4, 15], [4, 6], [3, 4], [0, 3], [-3, 0], [0, 2], [19, 0], [0, -3], [-2, -1], [-2, -6], [-2, -2], [0, -49], [3, -9], [4, -8], [-1, -18], [-2, -1], [-1, -1], [-3, -9], [-3, -1], [-1, -3], [-4, -5], [0, -10], [6, -2], [30, 2], [3, 2], [10, 0], [8, 3], [1, 2], [22, 7], [7, 5], [2, 3], [8, 3], [3, 0], [14, 6], [6, 1], [2, 2], [4, 0], [4, 3], [8, 4], [3, 0], [2, 3], [3, 1], [10, 13], [3, 8], [0, 9], [3, 0], [-1, 3], [1, 11], [-3, 0], [-1, 17], [4, 9], [-3, 23], [-10, 31], [-1, 18], [-3, 6], [0, 7], [2, 10], [7, -3], [4, -4], [18, 1], [10, 6], [2, 1], [6, 4], [2, 1], [3, 1], [-1, 7], [17, -6], [1, 0], [2, 2], [2, 1], [2, -12], [5, -1], [0, -3], [4, 0], [4, 4], [6, 2], [-1, -3], [-6, -4], [-3, -1], [-2, -8], [-5, -7], [-1, -3], [0, -20], [4, -8], [1, -3], [3, -1], [1, -1], [15, -7], [2, -4], [4, -9], [4, -4], [2, -1], [2, -5], [3, 0], [0, -3], [6, -2], [0, -3], [6, -1], [3, -3], [27, -13], [7, -4], [4, -5], [6, -5], [2, -2], [6, 0], [2, -12], [-3, -3], [-4, -8], [-4, -17], [-1, -1], [-1, -5], [-2, -2], [-4, -18], [-6, -2], [-5, 0], [-11, -2], [-3, -2], [-4, 0], [-6, -5], [-9, -7], [-2, -7], [-3, 0], [-2, -7], [-3, -3], [-3, -10], [-3, -3], [-1, -5], [-3, 0], [0, -7], [-3, -5], [-1, -4], [-3, -4], [-2, -8], [-2, -1], [-7, -5], [-3, -2], [1, 10], [3, 0], [-1, 8], [1, 1], [-3, 1], [-1, 2], [-8, 2], [0, 3], [-4, 0], [0, 3], [-7, 1], [-14, -3], [-3, -3], [-1, 5], [5, 4], [4, 4], [10, 4], [1, 6], [1, 2], [0, 2], [-3, 8], [-1, 1], [-1, 4], [-7, 2], [-1, 2], [-6, -2], [-4, 0], [-5, -4], [-3, 0], [-1, -1], [-7, -4], [-4, -5], [-5, -2], [-2, -7], [-2, 0], [0, -5], [-3, 2], [-1, -3], [-4, -5], [-2, -6], [-2, -1], [-1, -3], [-1, -2], [-2, -5], [-2, -3], [-3, -5], [-3, -10], [0, -13], [3, -11], [4, -8], [7, -15], [3, -10], [4, 0], [4, 3], [2, 1], [1, -5], [4, 0], [0, 3], [4, 1], [2, 3], [1, -4], [1, -1], [0, -38], [1, -3], [0, -3], [4, -12], [2, -14], [-2, -2], [0, -6], [3, -2], [-4, -16], [-2, -3], [-4, -2], [-4, -6], [-2, -1], [-1, -3], [-4, -9], [-4, -26], [-1, -31], [3, -18], [-3, -5], [-7, -4], [-10, -1], [0, 2], [9, 2], [-1, 6], [-6, -2], [-7, 1], [-4, 0], [-1, 1], [-1, 3], [3, 0], [0, 10], [-5, 0], [-3, 10], [-10, -1], [-4, -4], [-1, -4], [-3, 1], [-4, -7], [-5, -4], [-1, -5], [-5, -5], [-5, -1], [-2, -13], [-4, -14], [0, -6], [-3, 0], [-1, -7], [-4, -11], [0, -3], [2, -4], [0, -1], [-2, -2], [1, -16], [6, -2], [-1, -3], [7, -8], [1, -3], [1, 1], [26, -1], [0, 3], [4, 3], [4, 0], [1, 2], [25, 6], [3, 5], [1, 3], [17, 4], [14, 12], [5, 5], [6, 3], [8, 10], [2, 1], [2, 3], [1, 4], [11, 12], [2, 1], [15, 18], [2, 5], [3, 5], [0, 11], [-2, 0], [0, 7], [5, 4], [4, 5], [4, 3], [10, 5], [5, 5], [7, 5], [11, 6], [21, 4], [0, 3], [7, 2], [2, 3], [1, 12], [5, 2], [8, 1], [2, 5], [-1, 10], [3, 2], [4, 1], [1, -8], [10, -1], [16, 4], [11, 5], [4, 3], [4, 1], [1, 2], [0, 13], [3, 2], [0, -10], [3, -3], [27, -3], [1, -2], [-1, -11], [5, -4], [4, -3], [9, -4], [34, 3], [2, 1], [9, -1], [8, -4], [0, -3], [9, -2], [0, -3], [5, -1], [1, -1], [4, -1], [3, -21], [3, -7], [2, -3], [1, -5], [4, -4], [3, -1], [0, -5], [7, -2], [4, -3], [5, -1], [0, -3], [14, -2], [2, -3], [1, -5], [5, -4], [1, -5], [6, -7], [2, -10], [1, -21], [-2, 1], [-2, 2], [-10, 0], [-1, -1], [-2, 0], [0, 1], [2, 1], [4, 4], [0, 7], [-17, 1], [-2, -5], [3, 0], [1, -8], [-1, 1], [-7, 0], [-1, 1], [-7, 0], [0, 4], [-1, 0], [-1, -6], [-3, -8], [-1, -2], [-2, -13], [8, -2], [2, -2], [2, -1], [1, -6], [2, -5], [-5, 1], [-2, -5], [-1, -6], [0, -23], [3, -3], [0, -5], [6, -2], [1, -4], [7, 0], [1, -7], [-5, -2], [2, -6], [0, -10], [-2, -14], [0, -10], [-3, -17], [0, -52], [-4, -19], [-1, -25], [3, -2], [3, -1], [2, -15], [8, -22], [11, -13], [2, -4], [4, -4], [4, -7], [4, -6], [14, -41], [5, -26], [2, -49], [-11, -6], [-10, -3], [-6, -7], [-5, -7], [-6, -15], [-5, -31], [0, -6], [1, -4], [-1, -23], [7, -43], [-4, 0], [-3, -15], [-3, 1], [0, -6], [-2, 0], [1, -21], [-2, 0], [0, -7], [-4, 0], [-1, -8], [-3, -5], [-2, -5], [0, -2], [5, -14], [9, -5], [2, -5], [2, -11], [2, 1], [8, -1], [1, -7], [6, 0], [1, -2], [3, -1], [5, -6], [1, -3], [3, -1], [0, 2], [-5, 5], [0, 2], [1, 0], [1, -1], [5, -2], [1, -4], [6, -9], [3, -12], [-7, 3], [0, -6], [3, 0], [6, -11], [3, -8], [2, -13], [-3, -1], [-1, -1], [0, -3], [-4, -1], [-10, -5], [-5, -5], [-10, -13], [-5, -10], [-3, -8], [-1, -47], [2, -11], [4, -9], [0, -3], [5, -1], [16, -8], [1, -5], [6, -6], [3, -1], [2, -9], [2, -3], [6, -10], [1, -3], [5, -2], [0, -3], [4, -3], [4, -4], [11, -6], [11, -13], [2, -5], [6, -16], [3, -5], [4, -6], [12, -15], [1, -3], [6, -4], [8, -10], [3, 0], [2, -4], [0, -5], [-1, 0], [-5, -1], [3, -20], [4, 2], [0, -7], [-2, 0], [0, 4], [-1, 0], [-1, -13], [2, -4], [1, -9], [3, -7], [3, -13], [5, -11], [3, -12], [8, 2], [4, 13], [2, 3], [-4, -1], [1, 5], [4, 10], [0, 9], [-1, 6], [1, 7], [0, 11], [2, 5], [2, 3], [2, 11], [3, 7], [0, 8], [3, 2], [3, 3], [2, 6], [0, 7], [3, 9], [-2, 7], [17, 9], [5, 5], [3, 4], [2, 0], [2, 4], [3, 9], [1, 27], [1, 1], [0, 7], [2, 1], [0, 9], [2, 8], [1, 5], [-3, 12], [-3, 3], [-2, 8], [0, 4], [-4, 6], [0, 11], [-5, 8], [-1, -11], [-4, 4], [1, 34], [4, 6], [6, 7], [1, 3], [10, 10], [3, 1], [4, 4], [8, 5], [6, 2], [15, -5], [3, -5], [7, -4], [7, -1], [12, 3], [6, 3], [4, 3], [2, 3], [-3, 6], [-1, 5], [-1, 6], [1, 1], [14, 2], [2, 2], [26, -2], [10, 5], [4, 5], [4, 1], [0, -3], [5, -2], [2, 7], [4, 4], [15, 7], [5, 5], [4, -1], [1, -2], [0, -4], [-8, -5], [-9, -1], [-3, -2], [-5, -1], [-1, -10], [1, -3], [5, -2], [1, -39], [7, -22], [5, -7], [0, -8], [-2, -11], [5, 1], [3, 5], [4, 12], [1, 1], [6, 0], [1, -1], [2, 6], [1, 23], [5, 10], [1, 18], [4, 3], [3, 0], [14, -3], [8, -5], [1, -2], [3, -4], [3, -6], [3, -9], [0, -4], [-1, -5], [1, -9], [-2, -4], [-3, -5], [-3, -23], [-2, -8], [-6, -22], [-3, 1], [-9, -7], [-4, -4], [0, -13], [3, -6], [0, -8], [-3, -18], [-3, -4], [-1, 12], [3, 10], [-1, 13], [-1, 0], [-6, -18], [-2, -25], [-6, 2], [1, 3], [-4, 1], [-3, -2], [-1, -4], [-2, -4], [-2, -12], [0, -10], [-2, -1], [-2, -13], [-6, 8], [-4, -4], [7, -21], [1, -4], [2, -4], [2, 0], [1, 15], [5, 9], [-4, -16], [-2, -13], [0, -5], [10, -1], [3, 0], [0, -1], [-1, 0], [-1, -1], [-1, 1], [-11, 0], [-3, -16], [-1, -33], [2, -5], [0, -2], [1, -7], [-4, -12], [-8, 0], [-4, -1], [-5, 0], [-4, 1], [-3, 4], [-4, 5], [-3, 5], [-2, 5], [-6, 30], [-1, 4], [-3, 5], [-5, 4], [-4, 1], [-4, -1], [-6, -5], [-5, -2], [-3, -3], [-2, -1], [-8, -6], [-8, -9], [-4, -2], [-5, 0], [-6, 4], [-4, 4], [-2, 0], [-1, 4], [-5, 2], [-1, 2], [-10, 1], [-9, -8], [-3, -1], [-7, -20], [-1, -11], [-2, -2], [-5, -18], [-1, -1], [-2, -12], [1, -2], [-3, 0], [-6, -55], [0, -25], [1, -3], [0, -6], [3, -11], [5, -5], [4, -5], [62, -61], [13, -1], [7, -3], [27, 0], [3, 2], [4, -1], [0, 3], [22, -5], [1, -2], [6, -1], [1, -2], [4, 0], [0, -4], [4, 0], [2, -5], [5, -1], [0, -5], [8, -7], [3, -1], [2, -3], [2, -7], [7, -1], [0, -5], [7, -3], [0, -3], [3, 0], [0, -4], [4, -1], [0, -4], [3, -2], [2, -1], [3, -11], [3, 0], [-1, -2], [1, -8], [3, 0], [2, -10], [5, 0], [4, -5], [2, -1], [0, -3], [3, 0], [0, -3], [8, -6], [6, -2], [3, -3], [5, -1], [19, 0], [16, -6], [5, -5], [2, -1], [0, -3], [4, -2], [2, -6], [3, 0], [10, -13], [3, -7], [4, -4], [2, -7], [4, -2], [5, -7], [5, 0], [0, -4], [5, 0], [0, -3], [3, 0], [0, -3], [7, -3], [0, -4], [2, 1], [0, 3], [7, -2], [0, 4], [4, -1], [8, -4], [2, -5], [1, -1], [3, 0], [4, -5], [7, -4], [2, -1], [1, -3], [1, 0], [1, 1], [0, 10], [6, -2], [0, 4], [2, 0], [0, 3], [2, 1], [12, -2], [3, -3], [2, -1], [0, 5], [3, 3], [8, 0], [1, -2], [3, 0], [4, 3], [0, -3], [4, 0], [1, 3], [3, 5], [1, 16], [3, 3], [6, 2], [-2, -6], [0, -13], [3, 0], [1, -2], [0, -3], [1, -2], [2, -18], [-2, -5], [-1, -1], [-2, -10], [-2, -2], [0, -5], [2, 3], [3, 1], [3, 9], [2, 2], [1, 8], [1, 2], [1, 10], [2, 0], [0, 3], [4, 4], [6, 1], [-2, 7], [0, 4], [-3, 12], [-1, 1], [-5, 17], [-4, 1], [-1, 8], [-4, 7], [-3, 8], [-2, 2], [0, 3], [-3, 10], [-7, 1], [-1, 7], [2, 1], [0, 3], [-6, 5], [-1, 7], [0, 1], [-2, 1], [-3, 3], [-8, 0], [-4, -1], [-10, -1], [0, -17], [5, -6], [1, -5], [7, 0], [0, -8], [-3, 1], [-1, 1], [-3, 1], [-1, -6], [-2, -5], [-2, -10], [4, -1], [1, -2], [6, 1], [0, -3], [2, 0], [0, -13], [-3, -2], [-2, 0], [-3, 3], [-2, 0], [-4, 3], [-3, 1], [1, -3], [-1, -5], [-3, 0], [-1, -7], [-7, 2], [3, -10], [-3, 2], [-2, 0], [-2, -1], [-8, -5], [0, 5], [3, 0], [2, 8], [-1, 5], [-2, -1], [-1, -4], [-2, 0], [0, -7], [-2, 0], [-5, 5], [-10, 1], [0, 4], [-8, 4], [-3, 0], [0, 8], [-3, 3], [-2, 4], [-4, 1], [-4, 21], [3, 8], [0, 2], [-2, 1], [-3, 11], [-3, 1], [-2, -7], [0, -7], [-3, 0], [2, -3], [0, -16], [-3, -10], [2, 0], [0, -6], [-1, -1], [-5, 0], [-2, 7], [-2, 0], [-1, 3], [-2, 3], [-4, 1], [-2, 2], [-2, 1], [0, 4], [-3, 0], [-1, 4], [-3, 3], [0, 5], [-6, 0], [0, 1], [-6, 34], [-1, 0], [1, -9], [-3, -10], [-1, -2], [-1, -5], [-13, 0], [-1, 3], [-1, 1], [-15, 2], [-5, 3], [-2, 4], [-6, 6], [0, 3], [-1, 4], [0, 11], [-2, 3], [0, 7], [-1, 1], [0, 2], [1, 2], [-1, 21], [-2, 3], [0, 10], [-3, 0], [-1, 6], [-1, 4], [-1, 6], [-7, 1], [-2, 2], [-2, 13], [-3, 0], [2, 4], [-3, 0], [-2, 8], [-2, 1], [-3, 21], [-2, 4], [-5, 13], [-2, 4], [-3, 4], [-2, 5], [0, 14], [2, 0], [0, 7], [2, 1], [2, 4], [3, 0], [0, -2], [-2, 0], [-3, -23], [4, -1], [3, -7], [5, -11], [0, -7], [4, 1], [2, -1], [2, 23], [2, 8], [9, 22], [4, 11], [6, 7], [0, 3], [5, -1], [6, -10], [2, -7], [5, -4], [11, 0], [5, 10], [0, 11], [-2, 7], [0, 9], [3, 9], [1, 1], [3, 17], [2, 6], [1, 5], [3, 0], [2, 3], [0, 4], [4, 4], [7, 5], [3, 1], [1, 8], [4, 2], [12, -1], [11, 3], [23, 1], [5, -13], [4, -1], [2, -5], [2, -3], [3, -5], [1, -28], [-3, -8], [-3, -23], [-4, -6], [-2, -9], [0, -47], [-1, -2], [0, -8], [-7, -13], [1, -19], [6, -6], [9, -5], [25, -2], [2, 3], [12, 36], [8, 8], [6, 1], [2, 3], [0, 3], [10, 5], [1, 1], [3, 0], [3, 4], [6, 3], [6, 5], [5, 1], [1, 6], [-2, 4], [5, 2], [11, 2], [5, 2], [2, 7], [5, 6], [7, 3], [4, 3], [20, 7], [12, 2], [15, -2], [0, -3], [17, -3], [21, -8], [2, -1], [5, -2], [3, -3], [4, -3], [3, -1], [0, -3], [3, -3], [4, 0], [4, 1], [1, 0], [1, -1], [0, -2], [-2, -9], [2, -4], [2, -1], [2, -3], [4, -3], [15, -12], [3, -2], [6, -2], [6, 1], [3, 0], [3, -1], [2, -2], [7, -8], [7, -9], [7, -8], [2, -1], [2, -2], [0, -9], [1, -1], [1, -2], [1, -1], [1, -2], [1, -1], [2, 0], [2, -1], [3, 0], [1, 1], [1, 0], [2, 1], [2, 2], [0, 1], [2, 5], [3, 6], [2, 2], [2, 3], [2, 2], [3, 2], [12, 6], [3, 2], [1, 3], [0, 5], [-1, 3], [-2, 5], [-1, 2], [-3, 5], [-4, 8], [-5, 5], [-3, 1], [-4, 2], [-3, 2], [-4, 4], [-4, 6], [-1, 3], [0, 1], [-1, 1], [0, 1], [1, 0], [1, -2], [5, 4], [-3, 7], [-9, -6], [1, -3], [2, -2], [1, 0], [0, -1], [-1, 0], [-3, 3], [0, 1], [-2, 3], [-3, 5], [0, -1], [-9, 14], [-1, 2], [-5, 7], [-4, -2], [-2, 0], [-1, 1], [-1, 3], [-4, 2], [-2, 0], [0, 2], [-1, 4], [-2, 0], [-2, 2], [-1, 3], [-1, 2], [-2, 3], [-6, 3], [-2, 4], [-1, 5], [-1, 1], [-1, 5], [-1, 1], [-8, 24], [-1, 2], [-5, 18], [5, -2], [2, 1], [1, 4], [0, 7], [-4, 8], [-1, 0], [-3, -1], [0, -1], [-1, -2], [-1, 0], [-1, 4], [0, 3], [-1, 2], [1, 3], [-1, 3], [-1, 4], [-3, 5], [-7, 14], [-2, 0], [-1, 3], [1, 14], [-1, 2], [0, 1], [1, 4], [2, 9], [3, 2], [1, 4], [-1, 2], [-2, 3], [1, 7], [0, 2], [-4, 2], [0, 2], [1, 2], [4, 4], [1, 2], [0, 2], [5, 4], [6, 7], [5, 4], [2, 2], [3, 2], [1, 2], [2, 3], [-1, 1], [-1, 2], [1, 1], [3, 0], [4, 3], [6, 4], [3, 3], [4, 3], [1, 4], [2, 1], [3, 4], [3, 6], [2, 2], [0, 1], [1, 2], [3, 3], [0, 2], [2, 2], [4, 6], [1, 1], [4, 7], [2, 3], [4, 7], [1, 2], [3, 3], [3, 7], [3, 5], [7, 8], [2, 3], [1, 2], [6, 4], [7, 5], [5, 4], [4, 3], [7, 7], [3, 6], [3, 2], [2, 2], [5, -1], [5, 2], [1, 1], [32, 44], [-12, 13], [-7, 12], [-3, 5], [-6, 5], [-9, 8], [-37, 11], [-3, 1], [-3, 6], [-4, 3], [-5, 5], [-1, 3], [-4, 5], [-3, 7], [-1, 10], [-3, 3], [-3, 6], [-1, 12], [-2, 2], [-6, 2], [1, 20], [1, 2], [0, 3], [-2, 2], [-4, 3], [-8, 0], [-3, 2], [-4, 4], [-5, 13], [-3, 3], [-5, 12], [-3, 3], [-4, 13], [-7, 7], [-8, 5], [-2, 0], [-6, -4], [-3, -4], [-4, -11], [0, -12], [2, -8], [6, -5], [2, -1], [0, -8], [-4, 1], [0, 4], [-3, 3], [-3, 5], [-1, 4], [-4, 6], [-7, 2], [2, -4], [2, 0], [3, -8], [-5, 3], [0, 3], [-6, 2], [0, 3], [-2, 1], [0, 4], [-1, 3], [-2, 10], [-2, 6], [-8, 6], [-4, 0], [-1, 4], [-2, 2], [-4, 2], [-2, 4], [-3, 4], [-5, 1], [-2, 16], [-5, 11], [-2, 3], [-3, 0], [0, 4], [-10, 2], [-1, 2], [-4, -1], [-1, 0], [-1, 3], [-28, -1], [-18, -7], [-2, 0], [-4, -3], [-7, -5], [-3, -4], [-4, -2], [1, 10], [4, 6], [6, 15], [6, 6], [0, 4], [4, 1], [4, 14], [1, 1], [1, 5], [2, 0], [1, 3], [1, 2], [3, 13], [8, 18], [5, 12], [3, 3], [3, 5], [3, 13], [3, 2], [2, 1], [2, 4], [1, 3], [8, 9], [3, 1], [2, 3], [0, 3], [6, 5], [2, 0], [1, 9], [5, 18], [2, 1], [1, 5], [-2, 20], [-1, 1], [-1, 10], [-3, 11], [-3, 4], [0, 9], [-3, 12], [-5, 2], [-4, 7], [-4, 1], [-5, 12], [-4, 8], [0, 5], [4, 9], [1, 3], [5, 2], [7, 5], [2, 4], [6, 3], [4, 3], [7, 7], [17, 9], [3, 7], [-14, 53], [-2, 2], [-5, -29], [-3, -3], [-4, -1], [-3, -13], [-3, -4], [-4, -3], [-10, -5], [-25, -25], [-6, -4], [-7, -9], [-3, -7], [-10, -3], [-5, -14], [-1, -10], [-2, -3], [-2, -5], [-6, 0], [-5, -4], [-5, -18], [0, -8], [3, -16], [3, -7], [4, -5], [1, -5], [1, -1], [6, -8], [1, -3], [5, -2], [2, -5], [5, -4], [9, -1], [1, -2], [5, -2], [5, -12], [0, -3], [-3, -2], [0, -1], [-1, 0], [0, 11], [-2, 4], [-5, 2], [-2, 1], [-8, 2], [-4, 3], [-3, 1], [-1, 3], [-2, 3], [-2, 0], [-1, 4], [-7, 10], [-1, 1], [-2, 6], [-7, 7], [-2, 10], [-2, -2], [-2, -7], [-8, 2], [2, -16], [5, -1], [1, 1], [7, -17], [3, -1], [5, -7], [2, -4], [-4, 0], [-1, 3], [-3, 5], [-3, 1], [0, 3], [-1, 0], [-3, 10], [-1, 0], [-1, -5], [1, -3], [1, -6], [-3, 3], [-3, 11], [-3, 3], [-4, 8], [-1, 15], [-1, -1], [-3, 0], [-1, 1], [-1, 8], [3, 0], [1, 10], [0, 23], [-2, 3], [0, 5], [-3, 5], [-2, 8], [-5, 6], [-1, 5], [-1, 2], [-2, 5], [0, 8], [7, 24], [1, 2], [3, 8], [1, 2], [1, 5], [1, 31], [4, 23], [3, 5], [2, 8], [4, 21], [2, 2], [1, 5], [4, 8], [4, 5], [4, 6], [1, 4], [1, 6], [3, 0], [0, 8], [2, 0], [0, 10], [3, 0], [2, 10], [1, 2], [2, 5], [5, 11], [1, 2], [5, 34], [3, 3], [2, 7], [3, 0], [2, 10], [3, 0], [3, 10], [2, -2], [0, 3], [6, 6], [4, 1], [2, 3], [0, 4], [5, 1], [11, 36], [2, 4], [1, 3], [3, 2], [2, 1], [3, 10], [7, 8], [3, 0], [-1, 5], [3, 0], [0, 5], [4, 4], [3, 1], [0, 3], [3, 0], [1, 9], [4, 1], [0, 4], [4, 0], [1, 2], [3, 1], [2, 3], [1, 4], [6, 1], [0, 4], [2, -1], [5, 0], [7, 3], [3, 3], [12, 1], [5, 1], [19, -1], [11, 5], [4, 0], [14, 7], [8, 2], [12, 1], [12, 5], [3, 0], [6, 4], [2, 0], [6, 3], [2, 0], [11, 5], [3, 4], [4, 0], [7, 1], [5, 5], [4, 0], [3, 2], [5, 0], [6, 4], [0, -3], [3, -1], [21, 1], [0, -3], [5, -4], [2, -1], [2, -6], [5, 0], [0, -3], [27, 4], [4, 3], [3, 0], [3, 2], [9, 0], [10, 3], [3, -10], [3, -3], [2, -8], [10, -7], [4, 0], [0, -4], [15, -3], [18, -6], [4, -3], [3, -3], [13, -10], [3, -3], [5, -2], [2, -1], [15, -6], [1, -6], [4, -13], [3, -17], [4, -5], [1, -6], [7, -8], [1, -3], [3, 0], [0, -5], [4, -4], [2, -1], [2, -3], [3, -7], [8, -3], [0, -3], [7, -2], [0, -3], [4, -2], [7, -3], [25, -7], [6, -3], [4, -1], [0, -3], [8, -2], [2, -2], [6, -1], [2, -2], [5, -2], [2, -1], [11, -3], [4, 0], [15, -3], [32, 0], [29, -8], [1, -1], [8, -2], [2, -1], [15, -5], [1, -2], [14, -3], [31, 1], [32, -6], [0, -3], [8, -1], [1, -1], [14, -5], [16, -1], [8, -3], [8, 0], [0, -3], [14, -2], [1, -2], [7, -1], [2, -2], [15, -4], [0, -3], [47, -6], [0, -3], [7, -1], [26, -13], [6, 0], [0, -4], [5, 0], [1, -2], [17, -6], [1, -2], [14, -4], [0, -3], [5, -1], [8, -4], [2, -5], [3, 0], [5, -5], [7, -5], [8, -2], [0, -4], [7, -1], [0, -3], [11, -6], [27, -6], [2, -2], [6, -1], [2, 0], [0, -4], [-8, 2], [-5, 0], [-2, -2], [-3, 0], [-5, -4], [-2, -4], [-4, -1], [13, -30], [-2, -1], [-12, 31], [-4, 6], [-6, -1], [-20, -4], [0, -3], [-4, 1], [-1, 1], [-2, 0], [-4, -3], [-13, 0], [-5, -2], [-4, 0], [-2, -2], [-11, 0], [-3, -1], [-20, -3], [-2, 11], [-9, 3], [-10, 0], [-3, 1], [-17, 4], [1, -3], [-5, 1], [-2, -2], [-4, 0], [-1, 1], [-25, 2], [-1, 1], [-4, 0], [-3, -1], [-4, 0], [-1, -2], [-10, -3], [-13, 0], [0, 2], [1, 8], [-3, -1], [-1, -1], [-10, 1], [-15, -1], [0, 16], [-3, 7], [-3, 3], [-1, 3], [-2, 0], [0, 4], [-6, -1], [0, 4], [3, 2], [3, 1], [0, -3], [2, -3], [2, 0], [4, 4], [2, 0], [3, -2], [4, 1], [0, 3], [4, 0], [1, 10], [-3, 7], [0, 3], [-11, 11], [-3, 6], [-7, 2], [0, 3], [-3, 0], [0, 4], [4, -2], [1, 2], [0, 6], [-6, 6], [-2, 0], [-1, -2], [-19, -2], [-6, -2], [-3, -10], [-2, -2], [-2, 12], [-1, 0], [-11, 1], [2, -3], [-6, 1], [-1, -2], [-8, -3], [-10, 0], [-1, -2], [-15, -2], [-4, -2], [-1, -1], [-6, 0], [-3, -2], [-8, -2], [-16, -10], [-8, -2], [0, -4], [-1, 1], [-3, 0], [-3, -5], [-5, 0], [-21, -10], [-1, -2], [-3, 0], [-1, -4], [-7, -1], [-2, -1], [-29, -7], [-1, -2], [-15, -5], [-6, -3], [-4, 0], [-9, -5], [-6, -5], [-3, -4], [-3, -6], [-5, -4], [1, -4], [-7, -2], [-5, -7], [-6, -4], [-2, -4], [-3, 0], [-4, -3], [-3, -4], [-5, -5], [-6, -3], [-4, -5], [-4, -2], [-3, -4], [-1, -3], [-4, -1], [-3, -4], [-1, -3], [-3, -1], [-4, -6], [-1, -3], [-3, -1], [-4, -6], [-2, -1], [-3, -10], [-3, 0], [0, -3], [-2, -2], [0, -3], [-3, 0], [-1, -5], [-1, -2], [-1, -3], [-2, 0], [-2, -7], [-7, -5], [5, 13], [4, 5], [2, 8], [3, 0], [6, 10], [5, 12], [4, 5], [4, 8], [4, 5], [1, 3], [5, 2], [0, 3], [4, 2], [2, 6], [-3, 1], [-1, 3], [2, 0], [1, 3], [-1, 1], [-9, -2], [-13, 0], [-5, -4], [-3, 0], [0, 11], [7, 2], [2, 3], [0, 2], [-1, 1], [-1, 4], [3, 2], [2, 1], [-2, 6], [-5, 4], [-2, 4], [-3, 4], [-3, 2], [-4, 5], [-1, 0], [-1, -1], [0, -2], [3, -8], [-1, -11], [-4, -1], [-1, 1], [-1, -4], [-6, 0], [1, -9], [-2, -2], [0, -3], [-6, 0], [-5, 16], [0, 1], [-6, 0], [-2, -3], [-2, -6], [-2, -12], [-2, -5], [0, -3], [2, -7], [7, -2], [1, -2], [3, 0], [1, -10], [-2, 0], [0, -7], [-2, -2], [-2, 0], [-4, 2], [-1, 5], [-6, 7], [-3, 7], [-3, 0], [-1, -1], [0, -15], [3, -2], [2, -1], [0, -3], [-4, -3], [-5, 1], [-3, -11], [-1, 0], [-2, 3], [0, 2], [1, 1], [5, 20], [0, 3], [-2, 5], [0, 3], [-3, 3], [-3, 12], [0, 6], [-3, 10], [-4, 5], [-3, 5], [-1, 8], [-2, -1], [-10, 1], [-1, 3], [-4, 6], [-8, 4], [0, 1], [1, 2], [0, 5], [13, 6], [19, 2], [2, 0], [0, -6], [21, 9], [3, 3], [14, 9], [17, 7], [3, 3], [3, 1], [0, 11], [-4, 3], [-4, 13], [-4, 8], [-3, 4], [-4, 14], [-2, 13], [-5, 11], [-4, 1], [-1, 2], [-3, 1], [0, 3], [-4, 4], [-7, 1], [-3, 10], [-4, 5], [-8, 0], [-26, 17], [-1, -3], [-9, -12], [-1, -3], [-2, 1], [-2, 2], [-4, 6], [-3, 0], [0, 12], [-4, 5], [-7, 5], [-4, 3], [-12, 8], [-14, 5], [-5, 3], [-8, 10], [-22, 0], [-3, 1], [-15, 0], [-4, -5], [-5, -5], [-6, -5], [-9, -5], [-8, 2], [-3, -2], [-11, 1], [0, -4], [-5, -2], [-4, -7], [-4, -2], [0, -4], [-7, -2], [-4, -4], [0, -3], [-3, 1], [-1, -3], [0, -1], [-7, 0], [-3, -2], [-4, 0], [-6, -4], [-2, -6], [-7, -2], [-2, -8], [-5, -7], [-1, -3], [-6, -2], [-1, -10], [-1, -1], [-3, -10], [0, -10], [-1, -3], [-1, -15], [-4, -15], [-2, -4], [-14, -7], [-3, -10], [-8, -9], [-5, -4], [-14, -17], [-8, -21], [-1, -13], [13, -56], [3, 1], [5, 5], [6, 7], [27, 12], [4, 3], [9, 7], [17, 4], [0, -3], [-3, -1], [-1, -2], [-5, -1], [0, -3], [-2, 1], [-3, -4], [-4, -1], [-1, -2], [-4, 1], [-2, -8], [-6, -5], [0, -5], [-3, 0], [-1, -10], [-3, 0], [2, -13], [-1, -5], [-2, 0], [0, -8], [3, 0], [0, -2], [-3, 0], [1, -13], [1, -1], [0, -9], [1, -6], [-1, -2], [-1, -27], [3, -7], [1, -6], [4, -4], [2, -1], [1, -5], [2, -2], [0, -3], [6, -2], [1, -2], [3, -1], [0, -3], [4, 0], [-1, -3], [2, 0], [0, -3], [4, -2], [0, 3], [3, 0], [1, -13], [6, -22], [3, 0], [1, -2], [0, -3], [1, -4], [0, -9], [2, -4], [1, -16], [2, -3], [0, -3], [1, -4], [1, -14], [2, -2], [0, -13], [1, -2], [2, -16], [1, -1], [4, -12], [-3, 0], [0, -1], [3, 0], [1, -18], [-2, -2], [0, -2], [2, -1], [0, -2], [-1, 0], [0, 1], [-3, 1], [0, 5], [-2, -2], [0, -3], [2, -4], [0, -4], [1, -4], [6, -27], [3, -38], [2, -16], [1, 0], [6, 20], [2, 0], [2, 3], [6, 11], [0, 10], [-5, 8], [2, 10], [2, 7], [-1, 13], [1, 8], [4, -3], [13, 1], [10, 3], [20, 4], [11, -34], [2, -3], [1, -3], [4, -4], [8, -5], [5, -5], [8, 0], [13, 2], [15, 8], [7, 1], [9, -11], [4, -6], [1, -4], [-1, -13], [0, -27], [6, -18], [0, -17], [3, -4], [5, -17], [2, -9], [-1, -2], [3, 0], [5, -21], [0, -5], [4, -16], [0, -15], [2, 0], [0, -11], [-1, -2], [3, 0], [-1, -3], [-1, -2], [-1, -3], [3, 2], [-1, -15], [3, -10], [-4, -26], [-2, -3], [-2, 0], [0, -4], [-3, 0], [-5, -5], [-7, -4], [-8, 0], [-4, -2], [-2, -5], [-4, -3], [-4, -2], [-9, 0], [0, 3], [-1, 3], [-3, 4], [-6, 5], [-4, 3], [-6, 5], [-1, 0], [-32, -43], [3, -2], [0, -1], [1, -2], [1, -1], [1, -4], [2, -3], [1, -3], [2, -3], [1, -2], [-1, -1], [4, -6], [2, -2], [1, -2], [4, -2], [16, 0], [2, -1], [2, -2], [6, -3], [2, -2], [6, -2], [0, -1], [1, -2], [2, -1], [1, -2], [6, -3], [1, -1], [0, -2], [1, -2], [3, -2], [2, -2], [4, -2], [7, -7], [1, 0], [3, -5], [3, -6], [5, -5], [3, -10], [0, -4], [2, -7], [2, -2], [1, -2], [4, -5], [1, -3], [8, -20], [1, -2], [1, -3], [0, -2], [1, -2], [3, -3], [2, -3], [2, -2], [2, -1], [1, 0], [1, -1], [1, 0], [2, 1], [1, 0], [2, 1], [-1, 1], [0, 1], [1, -1], [0, 1], [2, 0], [4, 2], [0, 1], [1, 0], [2, 2], [0, 2], [-1, 0], [0, 1], [-1, 0], [0, 1], [2, 0], [0, 1], [1, 0], [0, 2], [2, 0], [0, -2], [1, -1], [1, 1], [1, 0], [2, 1], [0, 1], [2, 2], [1, 0], [1, 1], [1, 0], [0, 1], [2, 2], [0, 1], [1, 0], [-1, 2], [-1, 0], [0, 2], [1, -1], [0, -1], [1, 0], [0, -1], [3, 3], [2, 1], [6, 4], [4, 2], [5, 3], [4, 4], [3, 2], [1, 2], [1, 3], [2, 4], [1, 1], [1, 3], [1, 2], [-1, 1], [1, 1], [-1, 1], [0, 1], [1, 1], [0, 3], [-1, 1], [-2, 0], [0, 1], [-1, 0], [1, 1], [0, 1], [1, -1], [2, -1], [1, -1], [2, 3], [2, 1], [4, 3], [8, 8], [3, 4], [1, 2], [1, 1], [2, 3], [3, 3], [-1, 1], [0, 1], [1, 2], [3, 3], [1, 2], [2, 2], [0, 1], [1, 1], [1, 2], [0, 6], [4, 1], [3, 3], [3, 2], [3, 1], [7, -3], [2, -1], [3, -3], [1, -2], [1, -1], [3, 0], [35, 192], [-11, 3], [2, 13], [12, -3], [12, 67], [-3, 1], [1, 8], [4, -1], [29, 159], [1, 2], [2, 3], [26, 24], [-11, 16], [8, 8], [11, -16], [3, 3], [1, 2], [3, 2], [3, 3], [73, 154], [0, 6], [5, 8], [2, 1], [1, 0], [1, -2], [0, -2], [-4, -10], [-4, -2], [-22, -46], [3, -2], [-4, -8], [-3, 2], [-24, -50], [3, -3], [-4, -7], [-3, 2], [-18, -39], [-1, -3], [4, -4], [0, -2], [-4, -2], [-7, 2], [-17, -16], [2, -4], [-4, -4], [-3, 3], [-14, -15], [-4, -7], [-13, -68], [2, -3], [-1, -7], [-3, 0], [-19, -102], [3, -1], [-1, -7], [-3, 1], [-11, -59], [2, -1], [-1, -8], [-3, 0], [-1, -8], [0, -3], [1, -1], [29, -27], [28, -26], [20, -18], [3, 4], [5, -5], [-2, -4], [26, -25], [0, -108], [5, 0], [0, -10], [-5, 0], [0, -85], [5, 0], [0, -10], [3, 0], [1, -23], [-11, 0], [0, 35], [1, 0], [0, 119], [-19, 0], [0, 13], [19, 0], [0, 26], [-6, 0], [0, 12], [6, 0], [0, 28], [-1, 3], [-28, 26], [-22, 21], [-28, 25], [-28, 26], [-3, 0], [-1, -1], [-14, -80], [-11, -53], [1, -1], [9, -2], [4, -8], [-3, -12], [-14, 2], [-3, -13], [2, -1], [3, 0], [2, -2], [2, 0], [1, -3], [2, -1], [4, -4], [0, -1], [-1, -3], [0, -2], [-1, -6], [1, -1], [0, -2], [2, -2], [0, -4], [1, -1], [0, -3], [-1, -3], [-1, 0], [0, -2], [-1, -1], [0, -2], [-1, -3], [-1, -2], [0, -1], [-1, 0], [0, -2], [1, -1], [0, -8], [1, -2], [0, -3], [-1, 0], [-1, -1], [0, -4], [3, -3], [-1, 0], [0, 0], [-1, 0], [0, -1], [-1, -1], [0, -3], [2, -1], [1, 0], [-1, -1], [-2, 1], [-4, -6], [-1, -2], [-6, -11], [-1, -4], [-3, -3], [-1, -5], [2, -2], [1, 0], [0, -1], [-1, 0], [-2, 2], [0, 11], [1, 2], [0, 2], [-3, 4], [-3, 2], [-2, 1], [-1, 1], [-3, 0], [-4, -2], [-2, -4], [-1, -3], [0, -4], [1, -2], [0, -2], [1, -1], [1, -2], [2, -1], [1, -1], [2, 0], [2, -1], [1, 1], [3, 0], [1, -1], [0, -2], [1, -2], [-1, 0], [0, 2], [-2, 0], [-1, -1], [-1, -2], [-4, -6], [-9, -15], [-2, -1], [-5, -2], [-6, -1], [-7, -3], [-4, -2], [-2, -6], [-1, -9], [-1, -4], [-2, -3], [-2, -4], [-3, -5], [-2, -3], [-1, -3], [-2, -7], [0, -13], [-2, -6], [0, -3], [-2, -2], [0, -3], [-1, -3], [-1, -4], [0, -8], [-1, -3], [0, -3], [1, -6], [0, -3], [1, -2], [4, -10], [0, -1], [2, -4], [2, -6], [2, -4], [0, 1], [1, 0], [0, -1], [1, 0], [0, -2], [-2, 1], [-1, -1], [2, -2], [1, -2], [1, -4], [2, -4], [1, -1], [1, 0], [0, -1], [1, 0], [0, -1], [-1, 0], [-3, 1], [0, 1], [-2, 4], [-2, 0], [-4, -4], [1, -2], [1, -3], [2, 0], [2, 1], [5, -1], [0, -3], [-1, 1], [-1, 0], [-2, -2], [0, -7], [1, -2], [-1, -1], [0, -4], [-3, -12], [1, 0], [0, -2], [-1, -2], [0, -2], [-1, -4], [0, -4], [1, -1], [0, -4], [1, -3], [2, -7], [2, -11], [1, -2], [4, -12], [0, -1], [-1, -2], [0, -1], [1, -2], [0, -1], [1, 0], [1, -5], [1, -6], [1, -3], [1, -1], [2, -4], [1, -3], [0, -6], [1, -5], [1, -3], [2, -5], [0, -1], [1, -2], [1, -4], [1, -3], [2, -8], [0, -3], [1, -1], [0, -1], [1, -1], [6, -3], [4, -4], [0, -1], [1, -2], [0, -1], [-2, 0], [0, 3], [-1, 0], [0, 1], [-3, 0], [-2, -2], [0, -4], [1, -1], [1, 1], [0, -1], [1, 0], [1, -3], [1, -4], [0, -5], [-1, -1], [0, -7], [2, -4], [1, -1], [4, -2], [1, 0], [1, -1], [2, 0], [1, -1], [0, -1], [-3, 0], [-2, -2], [1, -1], [0, -1], [1, -1], [0, -1], [1, -1], [2, 0], [0, 1], [6, 6], [3, 0], [1, -1], [0, -2], [1, -2], [1, -3], [2, -4], [-1, -1], [0, 1], [-2, 0], [-1, -1], [-1, 0], [0, -2], [-1, -1], [1, -2], [1, -1], [0, -1], [1, 0], [1, -1], [1, 0], [1, 1], [0, 5], [2, 0], [1, -1], [0, -2], [-1, -1], [0, -1], [-1, -1], [0, -1], [-1, -1], [-1, 0], [-1, -1], [-3, 0], [-1, -1], [-1, 0], [0, -1], [-1, -1], [0, -7], [1, -2], [4, -1], [-2, 0], [-1, -2], [0, -1], [1, -3], [1, -2], [3, 0], [-1, -1], [-1, 0], [0, -6], [1, -1], [0, -1], [2, -1], [2, 0], [-1, -1], [-1, -3], [1, -2], [0, -1], [1, -3], [1, -2], [0, -1], [1, -1], [1, -2], [1, -1], [1, 0], [0, -3], [2, -3], [3, -5], [1, -3], [1, -2], [6, -6], [3, -4], [1, -1], [1, -2], [5, -5], [3, -6], [2, -3], [0, -2], [1, -2], [2, -3], [3, -7], [3, -5], [3, -4], [4, -6], [1, -1], [6, -4], [2, -3], [4, -2], [3, -3], [4, -3], [6, -6], [2, -5], [1, -2], [5, -7], [2, -1], [1, 0], [3, 2], [4, 5], [-2, 3], [3, 4], [3, 2], [1, 1], [1, 2], [1, 9], [2, 10], [1, 4], [0, 3], [2, 3], [2, 4], [8, 8], [3, 4], [3, 3], [15, 112], [0, 1], [1, 0], [0, -1], [-16, -121], [-2, -12], [-4, -30], [-1, -7], [-1, -5], [2, -2], [-1, -1], [0, -2], [1, -1], [1, 0], [1, 1], [6, -8], [2, 2], [9, 10], [2, 10], [5, 21], [46, 210], [1, 3], [0, 2], [2, 4], [1, 3], [1, 2], [1, 3], [1, 2], [1, 1], [2, 4], [2, 1], [2, 2], [2, 1], [1, 1], [2, 0], [1, 1], [2, 0], [-1, -1], [-1, 0], [-2, -1], [-1, 0], [-4, -2], [-1, -2], [-2, -2], [-1, -2], [-2, -2], [-1, -3], [-1, -2], [-2, -6], [-2, -4], [0, -3], [-44, -201], [-7, -29], [-2, -11], [-11, -12], [12, -15], [9, 10], [6, 30], [12, 53], [8, 22], [0, 1], [1, 0], [0, -1], [-8, -21], [-10, -44], [-8, -40], [-10, -10], [2, -3], [1, 0], [1, -2], [-1, -2], [3, -3], [0, -2], [3, -3], [3, 1], [2, 0], [9, 2], [78, 15], [3, 2], [1, 0], [1, -1], [0, -1], [-1, -1], [-5, -1], [-67, -13], [4, -9], [-8, 1], [-3, 7], [-5, -1], [0, -3], [-3, -3], [-1, -6], [2, -4], [-2, -12], [-3, -3], [-1, -6], [5, -1], [5, -6], [16, 9], [303, 168], [7, 57], [2, 2], [74, 0], [2, -3], [0, -65], [1, -1], [0, -3], [-1, 0], [0, -36], [-1, -50], [5, -17], [0, -1], [-1, 0], [-1, 5], [-4, 14], [0, 78], [-15, 1], [-17, 0], [0, -77], [-1, -1], [-18, 0], [-1, 1], [-1, 0], [0, 1], [1, 38], [-23, 0], [0, -37], [-20, 0], [0, 60], [-2, -1], [0, -1], [-1, 0], [-1, 1], [8, 4], [-2, 4], [-1, 0], [-19, -10], [0, -4], [-1, 0], [-1, -56], [-28, 0], [-1, 42], [-22, -13], [0, -29], [-5, 0], [-1, 5], [-3, 0], [0, -6], [-4, 1], [-3, 10], [-2, -1], [-1, 0], [-10, 5], [-153, -85], [-5, -3], [0, -6], [-30, -25], [-4, -3], [0, -1], [-2, -2], [-6, -3], [0, -1], [1, -1], [-7, -4], [-2, 0], [0, 1], [-2, 3], [-3, -3], [2, -4], [2, -1], [1, -1], [3, 0], [7, 4], [0, -1], [2, -3], [1, 0], [1, 1], [1, 0], [6, 5], [1, 0], [13, 4], [10, 3], [14, 4], [0, 1], [3, 0], [0, -1], [-1, -1], [-2, 0], [-18, -5], [0, -5], [1, -3], [1, -6], [0, -2], [5, 0], [0, -1], [1, -1], [0, -1], [4, -4], [3, 0], [0, -3], [1, 0], [3, -3], [5, -4], [3, 0], [0, -3], [5, -4], [1, 0], [1, -1], [0, -3], [-1, -1], [1, -1], [0, -2], [1, 1], [1, 0], [0, -1], [1, 0], [0, -4], [2, -5], [1, 0], [1, -1], [0, -2], [-1, 0], [0, -1], [5, -10], [0, -1], [1, 0], [1, -1], [0, -3], [-1, -1], [1, 0], [2, -7], [1, 0], [0, -1], [2, 0], [0, -1], [1, 0], [0, -3], [-1, 0], [0, -1], [-1, -1], [0, -2], [2, -12], [1, 0], [0, -4], [-1, 0], [0, -1], [1, -7], [3, -3], [1, 0], [1, -1], [0, -1], [1, -1], [0, -5], [-1, -2], [-1, 0], [0, -1], [-2, -2], [0, -5], [6, -8], [1, 0], [1, -1], [0, -3], [4, -5], [2, -4], [1, -1], [1, 0], [1, -1], [0, -3], [3, -5], [2, 0], [1, -1], [0, -3], [2, -3], [-1, -1], [5, -7], [13, -21], [0, -2], [18, 1], [48, 57], [1, 5], [1, 2], [9, 13], [5, -6], [-2, -5], [-4, 0], [-4, -5], [-4, -6], [-3, -2], [-2, -1], [-10, -12], [32, -41], [-6, 21], [11, 16], [11, 12], [42, -52], [3, 4], [2, -3], [52, 64], [20, -25], [-57, -69], [0, -11], [14, -17], [0, -2], [11, 6], [3, 3], [53, 62], [9, 39], [1, 0], [-10, -40], [-54, -64], [-1, -2], [-14, -7], [-5, -6], [-2, -2], [-1, -4], [0, -4], [-2, 0], [0, 2], [1, 5], [2, 3], [2, 4], [0, 2], [-1, 2], [-5, 6], [1, 5], [-2, 1], [-1, 1], [0, 4], [-4, 0], [0, -12], [-9, 0], [0, 3], [-1, 2], [0, -5], [-3, 0], [-1, -3], [0, -13], [1, 0], [0, -1], [9, 0], [8, -2], [-1, 0], [-7, 1], [-16, 0], [-3, 3], [-6, 0], [-2, 1], [-4, 1], [-5, 0], [-1, 1], [0, 1], [-1, 8], [-1, 4], [-6, 0], [-5, -6], [-4, -10], [-2, -9], [3, -6], [4, -4], [1, -8], [4, -17], [10, -2], [7, -4], [1, 2], [2, 1], [1, -1], [0, -6], [-12, -1], [0, -13], [4, 1], [3, -2], [-2, -3], [-3, -4], [-1, 0], [0, 3], [-1, -1], [0, -2], [-15, -3], [-1, -4], [0, -4], [26, 0], [1, -1], [0, -3], [1, -11], [0, -3], [-1, -2], [-1, -1], [0, -1], [-1, 0], [0, 2], [2, 2], [0, 2], [-1, 9], [-1, 0], [0, 2], [-17, 0], [-6, -3], [-1, 0], [-2, -2], [-2, -6], [-3, -3], [-1, 0], [-1, -4], [-1, -10], [-1, -3], [0, -1], [2, -7], [0, -15], [2, -9], [4, -14], [5, -9], [6, -6], [5, -7], [6, -9], [5, -6], [1, -2], [4, -4], [6, -7], [6, -4], [9, 1], [3, 1], [3, 3], [7, 3], [3, 0], [14, 12], [4, 4], [9, 7], [8, 4], [3, 2], [6, 2], [8, 2], [14, 0], [3, -1], [2, 0], [5, -2], [3, -1], [2, 0], [1, -1], [2, -1], [1, 0], [0, -1], [-2, 0], [-1, 1], [-1, 0], [-2, 1], [-1, 0], [-2, 1], [-1, 0], [-2, 1], [-2, 0], [0, -11], [4, -8], [5, -5], [-1, 0], [-1, 1], [-2, 1], [-1, 2], [-3, 4], [-1, 4], [-1, 5], [0, 8], [-4, 0], [-5, 1], [-9, 0], [-4, -1], [-6, -2], [-1, 0], [-1, -1], [-1, 0], [0, -1], [-1, -1], [-1, 0], [-7, -14], [3, -3], [0, -1], [9, -7], [4, 6], [8, -6], [-1, -1], [-5, 4], [-3, -5], [6, -4], [-1, -2], [-6, 5], [-2, -5], [6, -5], [-1, -1], [-6, 5], [0, -1], [6, -5], [-1, -1], [-6, 5], [-3, -5], [6, -4], [-1, -2], [-6, 5], [-2, -5], [7, -6], [-1, -1], [-12, 10], [-4, -7], [-1, 0], [0, -1], [-1, 0], [-1, -3], [-2, -4], [1, -2], [2, -1], [0, -3], [-1, 0], [0, -2], [3, -9], [3, -7], [7, -14], [3, 1], [2, -2], [1, -4], [3, -9], [1, -2], [3, -4], [4, -4], [3, -4], [4, -4], [1, -2], [2, -2], [3, -2], [3, -3], [2, -1], [1, -1], [7, 1], [31, 27], [1, 0], [1, 1], [0, 2], [-1, 3], [-1, 0], [-1, 6], [0, 0], [1, 1], [0, 5], [-1, 5], [1, 1], [3, -20], [0, -5], [-37, -31], [0, -3], [2, -3], [2, 1], [1, 0], [0, -1], [-1, -1], [0, -1], [1, -2], [0, -1], [1, -10], [4, -7], [6, -6], [4, -2], [4, -4], [7, -4], [2, -2], [4, -2], [3, -4], [1, -3], [3, -11], [6, -3], [1, -1], [7, -3], [1, -2], [7, -3], [1, -2], [7, -2], [0, -4], [14, -4], [0, -3], [4, 2], [1, 0], [13, -5], [6, 0], [2, 1], [0, -3], [15, 0], [0, -3], [8, -1], [3, -1], [5, -1], [0, -3], [3, 0], [1, -1], [11, -6], [0, -3], [5, -2], [3, -8], [3, 0], [2, -3], [1, -6], [3, -4], [6, -11], [0, -5], [3, 0], [-4, -6], [-1, -1], [-1, 10], [-6, 7], [-4, 6], [-2, 5], [-1, 3], [-8, 0], [0, -1], [2, -3], [5, -1], [3, -14], [3, -3], [1, -13], [4, -2], [8, -5], [8, -6], [6, -7], [7, -7], [4, -5], [5, -4], [4, -3], [2, -1], [2, -2], [3, -1], [2, -2], [2, -1], [4, -3], [2, -4], [2, -3], [2, -2], [1, -3], [3, -4], [4, -5], [16, -16], [9, -7], [3, -3], [4, -3], [3, -3], [6, -4], [4, -3], [6, -6], [-1, -2], [2, -3], [4, -3], [8, -4], [6, -4], [2, -6], [4, -4], [5, -2], [4, -2], [3, -1], [11, 31], [4, 9], [6, 8], [11, 8], [12, 4], [-1, -4], [-10, -1], [-9, -7], [-5, -5], [-6, -9], [-3, -11], [-7, -19], [-7, -21], [0, -1], [5, -5], [50, -40], [11, -9], [15, -2], [4, -4], [3, -1], [1, 1], [4, 0], [0, 2], [4, -2], [5, 5], [1, -3], [0, -3], [2, -3], [0, -1], [1, 0], [2, 2], [1, 0], [0, -2], [2, -4], [2, 0], [0, -2], [5, 0], [1, -1], [5, 0], [2, 1], [9, -11], [6, -1], [0, -3], [13, -2], [2, -2], [8, -3], [5, 0], [2, 1], [1, -5], [3, -1], [1, -1], [3, -1], [0, -3], [8, -2], [2, -3], [2, -5], [1, -2], [2, -11], [5, -2], [2, -2], [3, -1], [0, -3], [4, -1], [1, -1], [2, -1], [13, -4], [1, -2], [6, -1], [1, -2], [8, -1], [7, -4], [8, -1], [2, -2], [14, -1], [2, -2], [5, -1], [3, -5], [3, -3], [10, -5], [3, -3], [4, -3], [3, -2], [8, -5], [4, -1], [3, -1], [36, -4], [14, -2], [16, 36], [-2, 1], [2, 4], [2, -1], [15, 35], [-1, 5], [3, 5], [3, 6], [3, 1], [18, 41], [-1, 5], [6, 13], [4, 2], [13, -8], [-3, -5], [0, -5], [-2, -2], [0, 1], [1, 0], [0, 1], [1, 1], [0, 4], [2, 4], [-8, 5], [-4, 3], [-1, -4], [-3, -4], [10, -6], [-1, -2], [-8, 5], [0, -1], [-1, 0], [-2, -5], [8, -6], [-1, -2], [-7, 5], [-1, -1], [-1, 0], [-2, -4], [8, -6], [-1, -3], [-7, 5], [-1, -2], [-1, 1], [-2, -5], [8, -5], [-1, -3], [-9, 5], [-33, -75], [2, -1], [-3, -6], [-2, 1], [-17, -39], [2, -4], [23, -26], [5, -5], [25, -16], [8, -4], [7, -3], [7, 0], [4, -2], [5, -2], [-1, -3], [2, -8], [-1, -2], [1, -5], [4, -3], [12, -6], [1, 1], [2, 0], [1, 1], [2, -3], [-2, 2], [-1, -2], [0, -4], [2, -2], [1, -2], [8, -5], [12, -2], [8, -2], [13, -2], [4, -3], [8, -3], [22, -5], [1, 0], [23, -2], [5, -1], [9, 0], [0, 6], [23, 1], [0, -9], [17, 1], [9, 4], [0, 5], [1, 2], [11, 0], [-1, 2], [0, 12], [3, 13], [3, 2], [1, -4], [-2, -1], [1, -5], [-3, 1], [-1, -9], [2, -1], [1, 1], [2, 0], [0, -4], [-2, 1], [-1, -1], [-1, -3], [-1, -15], [11, -5], [8, -1], [0, -3], [6, 2], [17, -1], [27, 0], [2, -1], [74, -2], [6, 0], [2, -2], [23, -3], [13, -2], [20, -1], [12, 0], [3, -1], [4, -3], [4, -5], [3, -4], [1, -3], [1, -5], [1, -8], [0, -7], [2, -8], [0, -4], [1, -5], [3, -4], [1, -2], [2, -3], [2, -4], [12, -16], [4, -2], [3, -3], [10, -6], [2, -1], [4, -3], [5, -4], [7, -7], [3, -2], [10, -6], [5, -4], [3, -4], [2, -2], [7, -4], [5, -1], [10, -4], [4, -1], [2, -3], [2, -2], [2, -3], [3, -5], [1, -3], [3, -2], [6, -3], [1, -2], [4, -2], [2, -2], [4, -6], [3, -2], [2, -3], [5, -3], [4, 0], [6, -2], [2, -3], [1, -2], [3, -1], [2, -3], [8, -4], [5, -3], [8, -4], [3, -2], [1, -2], [4, -5], [4, -8], [4, -6], [5, -8], [0, -2], [-1, -4], [0, -2], [1, -8], [2, -7], [1, -4], [1, -5], [2, -4], [3, -3], [2, -3], [4, -5], [2, -5], [4, -7], [4, -5], [2, -3], [9, -27], [5, -10], [3, -4], [2, -2], [3, -6], [5, -6], [3, -4], [1, -2], [3, -5], [2, -2], [2, -4], [3, -2], [1, -2], [0, -3], [2, 2], [4, -7], [5, -7], [6, -15], [1, -1], [2, -4], [1, -3], [1, -1], [1, -3], [1, -4], [6, -9], [2, -2], [1, -2], [3, -4], [2, -2], [1, -3], [4, -3], [1, -2], [2, -3], [6, -8], [1, -3], [1, -2], [7, -5], [0, -6], [2, -3], [10, -8], [13, -11], [2, -2], [-1, -3], [0, -2], [3, -4], [4, -6], [8, -10], [0, -1], [1, -2], [0, -2], [1, -3], [1, -2], [1, -5], [1, -2], [0, -7], [2, -3], [5, -6], [5, -4], [1, -2], [0, -5], [1, -5], [3, -10], [2, -5], [3, -6], [4, -5], [4, -8], [2, -3], [5, -9], [2, -3], [3, -3], [2, -3], [3, -3], [5, -4], [6, -5], [4, -3], [6, -4], [2, -2], [4, -3], [7, -7], [3, -2], [5, -4], [3, -1], [6, -6], [2, -4], [9, -9], [1, -3], [3, -7], [4, -5], [1, -2], [2, -2], [1, -2], [5, -5], [4, -8], [-1, -2], [4, -8], [2, -6], [3, -4], [3, -8], [3, -5], [3, -1], [1, -3], [2, -2], [2, -3], [3, -2], [1, -4], [2, -6], [4, -19], [0, -3], [2, -7], [1, -3], [4, -13], [3, -4], [3, -2], [3, -4], [2, -2], [4, -3], [1, -2], [4, -7], [1, -3], [2, -2], [2, 0], [11, -11], [5, -4], [2, -2], [3, -4], [8, -8], [4, -3], [6, -2], [2, -3], [2, -1], [2, -2], [2, -1], [2, -2], [6, -3], [4, -4], [4, -5], [7, -3], [4, -3], [3, -3], [6, -3], [2, -2], [5, -2], [3, -3], [7, -1], [3, -1], [5, -3], [7, 0], [8, -4], [0, -2], [-1, 0], [-2, -1], [0, -1], [-14, -18], [0, -5], [3, -5], [5, -1], [1, -2], [5, -11], [4, -7], [3, -5], [1, -8], [1, -2], [2, 0], [4, -6], [5, -4], [2, -3], [7, -5], [3, -2], [22, -13], [6, -4], [9, -5], [7, -5], [5, -5], [5, -4], [-1, -2], [4, -5], [1, -1], [-1, -2], [1, 0], [1, -1], [0, -5], [2, -4], [0, -4], [4, -6], [4, -5], [3, -4], [2, -4], [2, -3], [3, -3], [5, -12], [6, -14], [2, -4], [4, -7], [7, -14], [4, -7], [3, -4], [4, -5], [4, -6], [2, -4], [0, -2], [5, -8], [6, -11], [6, -7], [2, -4], [2, -3], [3, -6], [2, -2], [2, -3], [3, -5], [3, -4], [2, -3], [3, -4], [3, -5], [6, -7], [3, -3], [3, -2], [4, -5], [4, -4], [4, -2], [12, -9], [4, -4], [5, -10], [3, -1], [2, -2], [1, -2], [1, -3], [3, -2], [2, -3], [3, -1], [5, -3], [1, -2], [2, -5], [2, -3], [1, -4], [1, -2], [0, -1], [1, -4], [2, -3], [2, -6], [2, -4], [5, -5], [4, -9], [-1, -8], [2, -7], [3, -6], [0, -2], [1, -1], [-2, -5], [-2, -3], [0, -7], [-1, -5], [0, -10], [2, -5], [0, -9], [-4, -10], [-3, -3], [-4, 0], [-1, 2], [-3, 4], [-1, 3], [-2, 4], [-4, 6], [-1, 1], [-2, -1], [0, 1], [2, 1], [-2, 4], [-2, -1], [2, 2], [-1, 6], [-4, -3], [-2, 3], [1, 1], [-3, 4], [-3, -2], [-1, 1], [2, 2], [-3, 7], [-4, 6], [-3, -3], [2, -6], [-2, -1], [-2, 4], [0, 2], [-2, 5], [5, 4], [2, 3], [-3, 5], [-2, 3], [-3, 2], [-3, 4], [-5, 16], [-5, 12], [-3, 5], [-3, 6], [-1, 3], [-3, 7], [-1, 2], [-2, 6], [-1, 2], [-4, 11], [0, 10], [-1, 6], [-4, 12], [0, 2], [-3, 4], [-3, 5], [-4, 4], [-1, 3], [-1, 4], [-3, 5], [-3, 6], [-8, 12], [-3, 6], [-3, 5], [-4, 6], [-3, 5], [-4, 7], [-7, 7], [-6, 4], [-7, 1], [-7, -3], [-3, 0], [3, -5], [0, 0], [3, 1], [0, -1], [-3, -1], [-1, 0], [-2, 6], [-1, 2], [-4, 1], [5, 6], [3, 3], [3, 9], [0, 9], [-3, 5], [-2, 3], [-1, 2], [-1, 1], [-1, 3], [-2, 4], [-5, 12], [-1, 3], [-1, 4], [-3, 5], [-4, 5], [-2, 4], [-4, 9], [-2, 1], [-7, 10], [-4, 3], [-3, 1], [-1, 0], [1, -2], [0, -2], [1, -4], [-4, 0], [-2, 10], [-7, 1], [-8, 1], [-5, -2], [-2, -3], [-3, -5], [0, -3], [-2, -5], [-2, -4], [-2, -3], [-4, -2], [-4, -1], [-6, -5], [-6, -7], [-7, -2], [-8, 2], [-3, -1], [-10, -4], [-9, 7], [0, 12], [1, 7], [-7, 14], [-4, 6], [-4, 3], [-9, 5], [0, 3], [-16, 2], [0, -2], [-2, 0], [1, 2], [-15, 3], [0, -3], [-1, 1], [-16, 2], [-2, 1], [-2, 0], [-12, -2], [-3, -1], [-5, -1], [-4, 0], [-4, 2], [-4, 1], [-3, 2], [-5, 2], [-4, 0], [0, -3], [-2, 0], [0, 5], [-14, 3], [-1, -5], [1, -1], [0, -2], [-2, 0], [0, 2], [1, 6], [-15, 6], [-1, -12], [2, 0], [0, -3], [-3, 0], [2, 18], [-8, 0], [-2, -1], [-8, -3], [2, -12], [1, 0], [0, -2], [-2, 0], [-2, 14], [-11, -5], [-3, -4], [1, -3], [1, 0], [0, -3], [-2, 0], [0, 5], [-2, -2], [-3, -6], [-3, -5], [-4, -5], [-7, -7], [-7, -6], [-3, 1], [-3, 3], [-5, 1], [-22, -22], [-4, -5], [-4, -9], [-2, -9], [-3, -11], [-2, -5], [-3, -4], [-3, -5], [2, -1], [-1, -3], [-5, -7], [0, -4], [-2, 0], [0, 6], [-6, 1], [-3, 2], [-3, 3], [-2, 3], [-5, -2], [0, -1], [-2, 0], [0, -1], [-4, 0], [-2, -1], [-3, -4], [-1, -2], [0, -1], [-2, 1], [4, 4], [1, 2], [1, 1], [0, 3], [-1, 1], [-1, 0], [-1, -1], [-2, 2], [2, 2], [-3, 3], [-3, 4], [-4, 6], [-2, 4], [-4, 12], [-5, 3], [2, 11], [0, 4], [-3, 1], [-3, 3], [-4, 9], [-1, 4], [-3, 26], [-5, 11], [-1, 4], [-1, 1], [-1, 0], [-3, -2], [-13, -4], [-2, -1], [0, -6], [-1, 1], [-1, 3], [0, 2], [-1, 3], [-3, 7], [-2, 5], [-1, -1], [-1, 1], [2, 1], [-1, 2], [0, 3], [1, 1], [1, 0], [0, -1], [2, -4], [5, -9], [0, -1], [2, 0], [5, 2], [4, 1], [0, 2], [1, 1], [-1, 3], [-1, 2], [0, 2], [-2, 2], [-1, 2], [-1, 5], [-1, 6], [-3, 4], [-6, 4], [-2, -2], [-2, 1], [-1, 2], [0, 3], [1, 1], [-1, 2], [-1, -2], [-2, 0], [-2, 2], [-1, 2], [1, 4], [2, 3], [1, 3], [-1, 1], [0, 2], [-1, 1], [-1, 3], [0, 5], [-2, 3], [-3, 0], [-1, -1], [-1, -3], [0, -4], [1, -3], [-1, -3], [0, -3], [1, -9], [1, -11], [1, -5], [4, -10], [0, -1], [-2, 0], [-1, 1], [-2, 8], [-3, 11], [0, 19], [-1, 7], [-1, 13], [-7, -4], [-3, 0], [-2, -1], [0, -2], [6, -12], [0, -1], [-1, 0], [-7, 15], [1, 3], [2, 2], [2, 0], [1, 2], [2, 1], [1, 0], [4, 2], [1, 5], [0, 4], [1, 1], [0, 2], [-2, 5], [0, 2], [2, 2], [0, 9], [-2, 5], [-1, 4], [3, 15], [0, 2], [1, 2], [0, 2], [1, 1], [1, 2], [1, 3], [-9, 21], [10, 7], [1, 0], [0, 1], [-6, 11], [-1, 3], [-3, 8], [-4, 5], [-2, 2], [-2, 4], [-3, 8], [-6, 7], [-2, 3], [-2, 4], [-2, 6], [-3, 4], [-8, 12], [-3, 5], [-3, 6], [-4, 10], [-5, 15], [-3, 11], [-2, 5], [-1, 6], [-2, 3], [-2, 5], [-6, 10], [-2, 8], [-3, 7], [-2, 4], [-3, 9], [-4, 2], [-8, 2], [-11, 0], [-4, -1], [-3, 0], [-10, -4], [-4, -2], [-3, -2], [-1, -6], [0, -6], [-1, -3], [0, -1], [-1, -3], [-1, -16], [-1, -4], [0, -16], [-1, -3], [-1, -12], [-7, -16], [-3, -3], [-5, -15], [-1, -8], [0, -23], [-1, -1], [-3, -1], [0, -5], [-4, -5], [-1, -13], [-3, -8], [0, -13], [4, -16], [-1, -10], [2, -46], [1, -24], [-3, -12], [2, -39], [1, -6], [0, -10], [3, -11], [4, -121], [2, -6], [5, -13], [-4, -2], [0, -4], [-2, -1], [-5, -18], [-6, -4], [-1, -2], [-6, -2], [-1, -7], [1, -1], [3, 0], [3, 4], [1, 0], [0, -1], [-1, -1], [0, -1], [5, -5], [0, -1], [-1, 0], [-2, 1], [1, -4], [9, 1], [0, -8], [3, 1], [1, 1], [9, 5], [2, 3], [2, 0], [0, 2], [26, 13], [0, -1], [-25, -15], [-1, -1], [-2, 0], [0, -1], [2, 0], [2, -12], [-6, -2], [-2, -4], [1, -25], [3, 0], [5, 10], [2, 7], [5, 2], [15, 2], [4, -2], [3, -3], [17, 3], [0, 3], [6, 2], [16, 2], [8, -6], [10, -2], [6, -5], [3, 0], [3, -7], [3, -8], [0, -7], [-2, -4], [-7, -3], [-2, -3], [-6, -4], [-4, 0], [-2, 3], [-1, -4], [1, -13], [5, -4], [0, -4], [2, 0], [0, 2], [2, 7], [4, 1], [2, 3], [1, 4], [4, 4], [2, 1], [2, 2], [1, 6], [3, 1], [27, 34], [2, 0], [-25, -32], [2, -4], [1, 0], [2, 3], [0, -5], [-1, -1], [-3, -1], [0, 3], [-4, -1], [-5, -4], [-3, -5], [-4, -6], [-3, -7], [-4, -5], [-1, -3], [0, -5], [1, -3], [1, -8], [-2, 1], [-2, 4], [-3, 0], [-4, -7], [4, -1], [1, -2], [0, -20], [-2, 1], [-10, -15], [-12, -35], [-1, -17], [35, -33], [36, -205], [0, -25], [-2, -6], [-1, -2], [-3, -3], [-4, -2], [-1, -1], [-2, -1], [-1, -1], [-2, -1], [0, -2], [1, -1], [2, -3], [-1, -3], [-3, 0], [-1, 1], [-2, 0], [-1, -1], [0, -5], [1, -5], [1, -4], [2, -6], [7, -11], [4, -8], [2, -7], [3, -26], [1, -1], [3, 1], [1, 0], [0, 1], [-7, 64], [0, 1], [-1, 0], [1, 1], [0, 3], [1, 1], [0, 1], [1, 1], [3, 1], [15, 3], [6, 2], [3, 3], [3, 5], [2, 5], [1, 8], [-2, 8], [0, 6], [-1, 2], [0, 4], [2, 4], [1, 1], [2, 1], [1, 0], [4, -1], [8, 0], [7, 1], [15, 2], [1, -1], [1, -7], [5, 1], [4, 2], [1, 2], [2, 1], [2, -2], [3, -1], [18, 3], [1, 3], [28, 4], [3, -2], [9, 8], [3, 1], [3, 4], [1, 3], [7, 8], [2, 7], [3, 1], [1, 1], [12, 7], [0, 1], [4, 2], [14, 3], [2, -4], [1, -6], [9, -1], [9, 3], [4, -1], [6, -1], [8, -2], [4, -5], [6, -2], [5, 0], [0, 3], [1, 0], [0, 1], [13, 2], [2, 0], [2, 1], [1, 1], [0, 20], [1, 3], [1, -1], [1, 0], [0, 4], [1, 5], [0, 5], [2, -1], [1, 13], [1, 1], [2, 1], [1, 0], [0, -1], [-1, 0], [-2, -1], [0, -9], [-1, -2], [0, -7], [4, 0], [0, -3], [1, 0], [2, 1], [2, 2], [0, 5], [1, 6], [0, 13], [-1, 0], [0, 1], [1, 0], [0, -1], [1, -1], [0, -1], [-1, -7], [0, -10], [-1, -5], [0, -1], [-1, 0], [0, -1], [-1, 0], [-1, -1], [-2, 0], [-1, -9], [-8, 1], [-1, -11], [0, -12], [-2, 0], [2, -5], [0, -3], [-1, -7], [-2, -8], [-1, -2], [0, -5], [1, -2], [2, -5], [4, -6], [5, -4], [2, -6], [0, -3], [1, -2], [4, -4], [3, -5], [3, -4], [4, -5], [2, -3], [2, -2], [2, -4], [4, 6], [1, -1], [6, -12], [3, -10], [3, -14], [7, -46], [-9, -2], [0, -2], [-1, -5], [0, -13], [-4, -25], [-2, -2], [-2, -13], [-2, -1], [-1, -1], [-2, -1], [-1, -3], [-1, -1], [-2, -5], [-2, -8], [-2, -3], [-8, -6], [-4, -10], [-3, -12], [-2, -4], [-3, -1], [-3, 0], [-3, -6], [0, -3], [-1, -2], [0, -1], [1, -4], [2, -4], [4, -2], [4, -10], [-1, -5], [-2, -6], [-2, -7], [-3, -4], [2, -2], [0, -2], [4, -2], [1, 0], [1, 3], [2, 0], [2, -2], [-1, -3], [4, -1], [1, -1], [7, -2], [2, -1], [7, -3], [2, 8], [2, -1], [1, 5], [15, -6], [-7, -26], [-14, 5], [0, 1], [14, -6], [0, 2], [1, 4], [2, 5], [1, 5], [1, 4], [1, 5], [1, 0], [-14, 6], [-1, -1], [-1, -3], [0, 0], [-1, -1], [2, -1], [-5, -16], [-3, 1], [2, 8], [1, 1], [-3, 1], [-1, 0], [-3, 1], [-1, 1], [-1, 0], [0, -3], [-1, 0], [-1, 1], [-1, 0], [0, 1], [1, 2], [-1, 0], [-5, 2], [-4, 2], [-1, -1], [-1, 0], [-1, 1], [0, 1], [-2, 1], [-1, 0], [-4, -4], [-1, 0], [-1, -1], [0, -1], [-1, 0], [0, -1], [-1, 0], [-1, 1], [-1, 0], [0, 1], [1, 0], [0, -1], [2, 0], [0, 1], [1, 1], [-1, 0], [0, 2], [-1, 0], [-2, -2], [-1, 1], [-5, 0], [-2, -1], [-2, 0], [-2, -2], [-2, -1], [-3, -1], [-6, -3], [-2, 0], [-1, 1], [-13, 7], [-1, 1], [-1, 0], [0, -1], [-1, -1], [0, -2], [-2, -1], [-1, 0], [-1, 1], [-9, 7], [-2, 1], [0, 1], [-1, 1], [0, 1], [1, 2], [0, 2], [1, 1], [-1, 0], [-3, 1], [-17, 1], [-25, 0], [0, -2], [-2, 0], [-1, 2], [-61, 0], [-1, -1], [0, -1], [-1, -1], [-1, 0], [-1, -1], [-2, 2], [0, 3], [-1, 1], [-1, 0], [0, -3], [-1, -1], [0, -1], [-1, 0], [-1, 1], [-1, 0], [0, 3], [-1, 1], [-1, -1], [0, -1], [-1, -1], [-3, 0], [0, 4], [1, 1], [-2, 0], [-1, -1], [-2, 0], [-1, 1], [0, 3], [1, 0], [0, 3], [-1, 0], [-1, -1], [-1, 0], [0, 1], [-1, 0], [0, 4], [2, 0], [0, 2], [-1, 0], [-1, -1], [-1, 0], [-2, 1], [0, 1], [-1, 1], [0, 2], [1, 2], [1, 1], [0, 9], [-3, 27], [-2, 15], [-29, -5], [0, 2], [4, 1], [0, 1], [1, 0], [0, 2], [-10, 6], [-1, 1], [-2, 3], [-1, 3], [-1, 4], [0, 4], [-2, 6], [-1, 1], [0, 1], [-2, 1], [-5, 3], [-5, 5], [-2, 3], [0, 2], [-1, 2], [-5, 43], [-1, 0], [0, 1], [-1, 0], [-2, -1], [-1, 0], [0, -1], [5, -41], [0, -11], [-1, -6], [-1, -5], [-4, -10], [-1, -4], [0, -11], [1, -4], [1, -2], [0, -2], [2, -2], [2, 0], [2, -2], [1, 0], [5, 2], [9, 4], [5, 1], [7, 2], [1, -3], [-6, -1], [-7, -2], [-10, -3], [-5, -3], [1, -1], [1, 0], [0, -1], [8, 0], [3, -1], [4, -2], [4, 0], [5, 1], [2, 1], [2, 0], [1, 1], [2, -1], [2, 0], [1, -1], [2, -4], [0, -2], [1, -2], [-2, -4], [2, 1], [1, -1], [1, 0], [1, -4], [3, 2], [2, 0], [0, -1], [-1, 0], [-3, -1], [-4, -2], [-1, -1], [-5, -3], [3, -9], [5, -13], [1, -3], [12, 6], [2, 2], [1, -1], [-1, -1], [-18, -9], [1, 1], [0, 1], [-1, -1], [-4, 9], [1, 0], [-1, 1], [-1, 0], [-4, -2], [-1, -1], [-1, 0], [0, 1], [5, 4], [1, 1], [-6, 17], [-1, 5], [-3, 3], [-2, 4], [-2, 2], [-6, 4], [-3, 1], [-8, 0], [0, -7], [5, -13], [2, -4], [3, -8], [4, -9], [2, -6], [23, -59], [1, -3], [1, -2], [1, -1], [0, -1], [2, -1], [1, -1], [2, -1], [1, -2], [-1, -3], [0, -1], [2, 0], [0, 6], [2, 0], [1, 1], [4, 0], [2, 1], [2, 0], [2, 2], [1, 0], [5, 4], [1, 0], [3, -2], [1, 1], [3, 0], [0, -1], [2, -2], [0, -10], [1, -2], [0, -4], [1, -1], [0, -5], [1, -2], [-2, 0], [23, -130], [1, -4], [0, -6], [-3, -3], [-6, 0], [-18, -1], [3, -6], [2, 0], [15, -28], [4, 0], [2, -1], [3, -2], [2, -2], [6, -5], [15, -15], [1, -2], [1, -1], [12, -40], [2, -4], [4, -6], [1, 0], [0, 1], [1, -1], [1, 1], [1, 0], [0, -2], [1, 0], [1, 1], [0, -1], [1, 0], [0, -3], [1, 0], [0, -1], [3, 0], [1, -1], [2, 0], [2, -1], [3, 0], [2, -1], [1, 0], [2, 4], [7, -4], [-2, -4], [6, -6], [1, -3], [2, -2], [0, -1], [-4, -3], [1, -3], [22, -71], [0, -1], [2, -2], [2, 0], [2, -1], [1, 0], [8, 3], [1, 2], [-4, 5], [5, 9], [1, 0], [9, -9], [0, -1], [-1, 0], [0, 1], [-1, 0], [-1, -3], [2, -2], [1, 2], [1, 1], [0, 0], [1, 0], [-1, -1], [-6, -9], [-2, 1], [3, -7], [15, 6], [0, 2], [2, 1], [1, -1], [2, 1], [3, 8], [-3, -10], [6, -3], [0, -1], [-7, 4], [-19, -8], [2, -5], [0, -1], [1, -1], [-1, -1], [0, -4], [-2, -2], [-4, -2], [-3, -1], [-1, -1], [-1, 0], [-1, -1], [-1, -2], [0, -1], [3, 0], [2, 2], [1, 0], [3, 1], [3, 2], [3, 0], [1, -1], [1, 0], [1, -1], [1, 0], [1, -1], [0, -1], [2, -3], [2, -6], [0, -1], [1, -1], [2, -1], [1, 0], [2, -1], [4, 0], [0, 1], [-1, 0], [0, 1], [1, 1], [2, 1], [0, -4], [24, 0], [4, 2], [3, 1], [2, 2], [1, 2], [3, 3], [0, 2], [1, 0], [0, 39], [1, 3], [-2, 6], [0, 3], [1, 1], [0, 1], [1, 0], [1, 1], [1, 0], [0, 16], [1, 0], [0, 1], [5, 0], [2, 1], [0, 2], [2, 6], [1, 1], [0, -1], [-1, -1], [-1, -6], [0, -1], [1, -1], [5, 0], [1, -1], [0, -10], [2, -1], [2, 0], [4, -1], [19, 0], [3, 1], [2, 0], [2, 1], [2, 2], [0, 21], [1, 2], [0, 4], [1, 3], [1, 2], [2, 3], [1, 2], [2, 2], [2, 3], [2, 1], [2, 2], [4, 2], [3, 1], [10, 0], [6, -3], [3, -2], [5, -5], [2, -5], [1, -3], [0, -7], [-4, -4], [-1, 0], [-2, -1], [-1, 1], [-2, 1], [-2, 2], [0, 7], [1, 1], [1, 2], [3, 3], [0, 3], [-1, 2], [0, 1], [-2, 1], [-1, 1], [-2, 1], [-1, 1], [-3, 1], [-11, 0], [-6, -3], [-7, -7], [-1, -2], [-1, -3], [-2, -4], [-1, -3], [0, -8], [4, 0], [0, -23], [5, -1], [1, -2], [2, -2], [2, -1], [1, -2], [1, -1], [0, -4], [-7, -7], [-1, -2], [-2, -6], [0, -3], [-1, -3], [1, -3], [0, -4], [2, -3], [1, -3], [2, -3], [2, -2], [2, -1], [1, 0], [1, 1], [1, 0], [1, -1], [0, -1], [1, 0], [0, -3], [-1, -1], [0, -1], [-2, 0], [-1, -6], [-2, -5], [-2, -6], [-4, -5], [-3, -5], [-4, -4], [0, -5], [1, -5], [0, -2], [1, -1], [3, -9], [1, -2], [2, -3], [1, -3], [7, -7], [6, -4], [2, -1], [3, -1], [2, -1], [2, 0], [2, -1], [8, 0], [3, 1], [2, 0], [3, 1], [3, 2], [3, 1], [2, 2], [3, 2], [3, 3], [2, 3], [2, 4], [2, 3], [2, 4], [2, 6], [0, 3], [1, 4], [0, 11], [-1, 4], [0, 3], [-1, 2], [-1, 4], [-2, 3], [-1, 2], [-1, 3], [-2, 2], [-2, 3], [-2, 2], [-1, -1], [-1, 1], [-1, 0], [-1, 1], [-5, 0], [-4, 4], [1, 0], [1, -2], [1, -1], [4, 0], [1, 1], [-1, 0], [-1, -1], [-1, 0], [-1, 1], [-1, 0], [-2, 2], [-1, 2], [1, 0], [1, -2], [2, -2], [3, 0], [2, 1], [0, 1], [2, 2], [-5, 7], [5, 5], [-1, 0], [-4, -4], [-2, -1], [-5, -5], [-1, 0], [0, 2], [1, 3], [0, 2], [1, 2], [1, 1], [2, 1], [1, 1], [0, 2], [1, 2], [-3, 3], [-1, 0], [0, -1], [-2, -2], [0, -1], [-1, -1], [-1, -2], [-1, -1], [0, -2], [-1, -2], [0, -4], [-1, 0], [0, 1], [1, 2], [0, 3], [1, 1], [0, 1], [2, 4], [0, 1], [1, 0], [2, 3], [1, 2], [2, 2], [0, 1], [1, 2], [1, 1], [0, 2], [1, 2], [0, 0], [-1, -2], [0, -2], [-1, -1], [0, -2], [-1, 0], [0, -1], [-2, -2], [0, -2], [3, -2], [1, 0], [0, 1], [2, 1], [1, 2], [0, 2], [2, 3], [-1, 1], [3, 3], [0, 3], [-3, 1], [0, 1], [4, -1], [-1, -9], [5, -7], [-8, -7], [1, -1], [8, 9], [3, -4], [6, 6], [6, 1], [1, -4], [0, -5], [1, -2], [0, -1], [-1, 0], [0, -2], [-1, -1], [1, -1], [-1, 0], [0, -1], [-1, -1], [0, -1], [-1, -1], [0, -1], [-2, -2], [0, -1], [-1, 0], [0, -1], [-1, 0], [-1, -1], [-1, 0], [-1, -1], [-2, 0], [-1, 1], [-1, 0], [-2, -1], [-1, 0], [-2, 1], [-5, 0], [0, -1], [-1, 0], [0, -3], [2, 0], [0, 2], [1, 1], [2, 0], [3, -1], [7, 0], [2, 1], [1, 1], [2, 0], [2, 2], [2, 4], [1, 1], [0, 2], [1, 1], [0, 3], [1, 2], [-2, 10], [0, 6], [-14, 3], [0, 1], [-1, 0], [0, 1], [1, 0], [0, 7], [-1, 2], [-1, 1], [0, 1], [-1, 1], [1, 0], [1, -1], [1, -2], [0, -1], [1, -2], [0, -2], [-1, -4], [14, -3], [0, 3], [1, 1], [0, 4], [2, 4], [0, 1], [5, 5], [1, 5], [-1, 0], [0, 2], [1, 1], [3, 17], [0, 4], [-3, 4], [0, 1], [-1, 1], [0, 7], [-1, 0], [0, 1], [-1, 1], [-3, 0], [-4, 4], [0, 7], [1, 0], [0, 1], [3, 0], [0, -1], [1, -1], [0, -1], [1, -1], [0, -2], [1, -1], [0, -1], [1, 0], [1, -1], [4, 0], [2, 2], [0, 2], [-1, 1], [0, 1], [-1, 0], [0, 1], [-2, 0], [0, 1], [-1, 0], [0, 1], [-1, 1], [0, 5], [1, 1], [0, 1], [1, 0], [1, 1], [4, 0], [2, 2], [0, 3], [-1, 0], [0, 1], [-1, 1], [-1, 0], [-1, 1], [-1, 0], [-1, -1], [-2, 0], [0, -1], [-2, -2], [-1, 0], [0, -1], [-1, 0], [0, -1], [-1, 0], [0, 1], [-1, 0], [-1, 1], [0, 3], [1, 1], [0, 2], [1, 1], [1, 0], [1, 1], [7, 0], [2, 2], [0, 1], [1, 1], [0, 2], [1, 1], [1, 0], [7, 7], [0, 2], [1, 1], [-1, 1], [0, 2], [-1, 1], [0, 4], [1, 1], [0, 1], [3, 3], [0, 1], [1, 2], [0, 3], [1, 0], [0, 3], [-2, 0], [-1, -1], [-1, 1], [-1, 0], [0, 4], [1, 0], [0, 1], [4, 0], [2, 2], [0, 5], [1, 0], [0, 1], [2, 7], [23, -7], [1, 1], [9, -2], [0, 1], [2, 2], [4, 0], [3, -3], [0, -3], [8, -2], [1, -1], [7, -3], [1, 1], [0, -20], [-2, -41], [0, -1], [1, 0], [0, -3], [1, -1], [0, -1], [-1, -6], [3, -1], [-3, 0], [0, -4], [-1, -1], [0, -2], [-1, -1], [0, -2], [1, -2], [0, -3], [-1, -2], [0, -7], [-1, -3], [1, -2], [0, -4], [-1, -1], [0, -15], [-1, -12], [-1, -9], [1, -5], [0, -6], [-1, -2], [0, -8], [-1, -8], [0, -7], [1, -6], [0, -2], [-1, -2], [-1, -7], [0, -11], [1, 0], [0, -1], [-1, -1], [0, -3], [-1, -2], [0, -43], [-1, -8], [0, -9], [-1, -17], [1, -1], [0, -1], [-2, -2], [-1, -20], [-2, -37], [-1, -10], [1, 0], [-1, -20], [1, 1], [-4, -23], [8, -9], [11, 173], [6, -2], [6, -1], [6, -2], [6, 0], [0, 1], [1, 0], [-1, 1], [1, 0], [-1, -6], [0, -6], [-1, -11], [1, -5], [0, -11], [1, -5], [4, -16], [3, -9], [1, -4], [2, -3], [3, -6], [3, -4], [2, -3], [4, -3], [6, -4], [3, -1], [3, 0], [1, -1], [1, 1], [4, 0], [8, 4], [3, 2], [1, 2], [2, 1], [3, 4], [2, 4], [3, 4], [3, 8], [3, 9], [4, 14], [3, 14], [3, 12], [2, 5], [2, 7], [12, 14], [5, 7], [3, 5], [2, 3], [0, 2], [1, 0], [0, 1], [4, 0], [3, -3], [0, -1], [2, -6], [1, -4], [0, -16], [1, -1], [0, -1], [4, 0], [1, 2], [0, 13], [-1, 8], [0, 5], [1, 1], [1, 0], [1, 1], [3, 0], [1, -1], [2, -4], [3, -8], [1, -9], [0, -3], [1, -2], [1, -1], [2, 0], [2, 2], [0, 4], [-1, 7], [-2, 12], [-1, 2], [0, 4], [2, 2], [0, 1], [4, 0], [1, -1], [0, -1], [2, -2], [1, -2], [1, -1], [1, -3], [3, -10], [1, -1], [3, 0], [0, 1], [1, 0], [0, 1], [1, 1], [-1, 2], [0, 4], [-2, 8], [-3, 7], [-2, 3], [0, 6], [1, 2], [1, 1], [1, 0], [2, 1], [1, 0], [4, -2], [1, -1], [3, 0], [1, 1], [1, 0], [1, 2], [0, 1], [1, 2], [0, 4], [-1, 2], [0, 2], [-1, 1], [-1, 0], [-2, 1], [-1, 0], [-1, 1], [-1, -1], [-2, -1], [-2, -2], [-3, 0], [-2, 2], [-1, 2], [0, 4], [1, 0], [9, 24], [1, 4], [0, 4], [3, 15], [0, 26], [-1, 0], [-1, 1], [0, 7], [1, 2], [-1, 5], [1, 5], [2, 2], [2, 3], [2, 1], [2, 0], [2, 1], [2, 0], [9, -5], [4, -6], [1, -3], [1, -2], [1, -1], [3, -1], [3, 0], [5, 29], [8, 52], [10, 51], [2, 19], [22, 124], [4, 2], [26, -6], [0, -2], [-25, 7], [-3, -2], [-2, -1], [-4, -22], [1, -1], [1, -2], [3, -4], [4, -6], [2, -13], [-2, -12], [1, -13], [-2, -11], [4, -3], [-9, -60], [-6, -34], [-7, -41], [2, 0], [0, 2], [1, 0], [-1, -1], [16, -4], [-2, -8], [3, -1], [2, 10], [1, -1], [-1, -2], [2, 0], [27, 161], [-3, 1], [1, 7], [1, 0], [0, -2], [2, -1], [26, -26], [9, -2], [1, -1], [-1, -1], [-6, 2], [-24, -145], [19, -6], [2, 3], [17, 98], [-2, 1], [1, 3], [-1, 4], [1, 0], [2, -5], [19, -4], [0, -2], [-3, 1], [-1, -2], [-10, -59], [0, -5], [-1, -9], [0, -3], [2, -2], [-3, -19], [-1, -1], [-5, -22], [-26, 0], [-2, 8], [-5, -1], [0, 5], [-10, 0], [-3, -12], [12, 0], [1, -4], [-14, 0], [-3, -16], [8, -3], [3, 13], [9, -4], [-3, -16], [9, -4], [4, 14], [2, 5], [7, -4], [7, 0], [3, -3], [2, 0], [0, -1], [-1, 0], [-1, -4], [2, -1], [10, -1], [1, 1], [0, 2], [1, 0], [1, -2], [-1, -3], [17, -4], [7, 41], [-15, 4], [1, 6], [-2, 0], [3, 22], [-3, 1], [0, 4], [4, -1], [1, 4], [4, -1], [4, 23], [-4, 1], [5, 34], [1, 0], [-1, -6], [19, -4], [2, 2], [3, 18], [-2, 2], [-1, 0], [1, 1], [3, -3], [-4, -18], [-2, -3], [-8, -47], [14, -4], [-3, -18], [-14, 3], [-16, -93], [-8, 3], [-1, -1], [0, -3], [2, -3], [2, -4], [0, -2], [1, -2], [0, -3], [1, -2], [-1, -3], [0, -6], [-1, -3], [-2, -10], [-1, -2], [-2, -6], [-1, -2], [-16, -30], [-40, -76], [-5, -11], [-2, -3], [1, -2], [0, -2], [1, 0], [0, -1], [1, 0], [0, -1], [6, -11], [7, -13], [13, -25], [2, -5], [-41, -32], [15, -27], [-38, -29], [-13, 24], [-12, -34], [-6, -16], [-2, -4], [0, -2], [-1, -1], [4, -4], [2, 3], [1, 1], [0, 1], [1, 0], [0, -2], [-1, -1], [-1, -2], [0, -2], [5, -4], [3, -3], [2, -1], [3, -3], [15, -13], [10, -9], [5, -5], [1, -3], [0, -2], [12, 7], [29, 20], [60, 40], [43, -86], [-67, -43], [-42, -29], [32, -72], [20, 10], [21, 9], [7, -16], [9, -19], [-6, -2], [20, -39], [47, 19], [21, -41], [10, 4], [1, 0], [2, -6], [1, -2], [0, -2], [-1, -1], [-1, 0], [0, 1], [1, 0], [0, 2], [-5, 1], [1, -5], [2, 0], [1, -1], [-1, -1], [-1, 0], [0, -1], [-2, -5], [-3, -3], [-2, -10], [-3, -7], [-5, -7], [-6, -8], [-7, -10], [-7, -13], [2, -5], [1, -4], [-1, -5], [-2, -4], [-2, -2], [-4, -3], [-2, -22], [-2, -20], [-2, -12], [-2, -4], [6, -6], [2, -3], [2, -1], [1, -1], [0, -1], [3, -3], [4, -2], [2, -2], [1, -3], [1, -2], [0, -9], [-1, -1], [-2, 0], [-2, 4], [1, 2], [0, 2], [1, 2], [0, 1], [-1, 1], [-20, -6], [-6, -2], [-2, -4], [0, -9], [-2, 8], [0, 2], [-1, 1], [-4, 0], [-3, -1], [-5, -1], [-2, -1], [0, -6], [1, -5], [3, -1], [1, -2], [1, -5], [-1, -2], [0, -3], [2, -4], [0, -2], [1, -2], [2, -6], [2, -2], [1, 0], [1, -1], [0, -1], [-1, -2], [-1, -1], [-1, -2], [0, -2], [-1, -1], [0, -1], [1, -5], [1, -3], [1, -1], [0, -1], [1, 0], [0, -1], [1, 0], [3, -1], [1, -1], [0, -1], [1, -3], [2, -4], [1, -8], [-1, -7], [-1, -6], [0, -4], [1, -3], [1, -9], [2, -10], [3, -9], [2, -8], [1, -6], [1, -3], [0, -9], [-1, -3], [0, -4], [-2, -8], [-2, -12], [-1, -7], [0, -12], [1, -3], [1, -2], [0, -4], [6, -1], [1, 0], [2, 2], [2, 0], [2, -2], [1, 0], [1, 1], [1, 0], [2, -2], [0, -10], [-1, -1], [-3, 0], [0, -1], [-1, -1], [-6, 0], [-1, 1], [-1, 0], [-2, 2], [0, 4], [2, 2], [0, 1], [-2, 2], [0, 1], [-3, 1], [-1, -1], [-3, -2], [-2, -3], [-2, -2], [-1, -3], [-1, -2], [0, -16], [-1, -2], [0, -7], [1, 0], [1, 2], [1, 0], [1, -1], [-1, -1], [-2, -3], [3, 2], [1, 0], [1, -1], [0, -1], [-1, -1], [-3, -1], [0, -1], [4, -1], [1, 0], [0, -3], [-2, 0], [-1, 1], [-1, 0], [-4, -2], [-2, -4], [0, -1], [-1, -4], [-1, -1], [-1, 0], [0, -1], [-1, -1], [-1, 1], [0, 1], [-1, -1], [-1, 0], [-2, -1], [-1, -2], [0, -2], [1, -1], [1, -2], [1, -1], [0, -6], [-2, -3], [-1, -1], [0, -1], [1, -2], [0, -2], [2, -2], [1, 0], [4, -4], [0, -6], [-2, -4], [-2, -1], [-1, -1], [-4, 0], [-2, -1], [0, -2], [-1, -1], [0, -3], [1, -2], [0, -3], [-1, -1], [-1, -2], [-1, 0], [-3, -3], [-1, -2], [0, -7], [1, -1], [1, -2], [2, -2], [0, -5], [-1, -2], [-3, -3], [0, -3], [1, -2], [0, -1], [1, -1], [5, 0], [1, -1], [0, -2], [-1, 0], [-1, -1], [-1, 1], [-3, 0], [-1, -1], [0, -2], [1, -1], [-1, -1], [0, -2], [-1, -1], [-1, -7], [1, -1], [-1, 0], [2, -1], [1, 0], [0, -1], [-1, 0], [-1, 1], [0, -2], [1, -1], [0, -1], [1, -1], [0, -2], [-1, 0], [0, -2], [-1, -1], [0, -3], [-1, -1], [0, -1], [3, 1], [1, -1], [-3, 0], [-1, -9], [-1, -1], [1, -2], [-1, 0], [0, 2], [-1, 1], [-2, -2], [0, 1], [-1, -2], [-1, -12], [1, -1], [-3, 0], [-1, -3], [0, -1], [-1, -9], [1, -1], [0, 1], [1, 1], [2, 0], [0, -1], [1, 0], [0, -5], [-1, -1], [1, 0], [0, -1], [-1, 0], [0, -2], [-1, 0], [0, -1], [-2, 0], [0, 1], [-1, 0], [0, 1], [1, 1], [-2, 0], [-1, -5], [0, -1], [-2, -9], [0, -3], [-1, -6], [-1, -4], [0, -6], [-1, -6], [1, 0], [0, 1], [1, 0], [0, -1], [1, 0], [0, -2], [-2, 0], [0, 1], [-1, 1], [0, -3], [1, -6], [0, -6], [1, -9], [1, 0], [0, -1], [-1, 0], [2, -15], [2, -24], [2, 0], [0, 4], [3, 0], [0, -2], [1, 0], [0, -3], [-2, 0], [0, -1], [2, 0], [0, -1], [-4, 0], [0, 1], [1, 0], [0, 1], [-1, 0], [0, 1], [-1, 0], [3, -39], [1, -6], [0, -7], [-1, -10], [-1, -14], [-2, -15], [1, 0], [0, -1], [1, 0], [10, 1], [0, -3], [-9, -1], [0, -3], [-1, 0], [0, -9], [10, 0], [0, 8], [1, 0], [0, -13], [-16, 0], [-1, 1], [-11, -2], [-1, 0], [0, -9], [1, -1], [13, 1], [0, -6], [-3, 1], [-2, 0], [-4, -1], [-4, 0], [-2, -1], [-3, 0], [0, -5], [1, -1], [3, 0], [2, 1], [0, -1], [1, 0], [-1, -2], [1, 0], [1, 2], [0, 1], [6, 0], [0, 1], [3, 0], [1, -1], [1, -2], [0, -3], [-1, -1], [0, -1], [-1, 0], [-1, -1], [-1, 0], [0, 1], [-1, 0], [-3, -1], [-3, 0], [-1, 2], [-1, 0], [1, -1], [0, -1], [-1, 0], [-9, -2], [-5, 0], [0, -2], [-1, -1], [1, 0], [0, -3], [3, 0], [0, -3], [1, 0], [0, 3], [1, 0], [3, 1], [4, 0], [6, 1], [5, 0], [0, 1], [2, 0], [2, -2], [1, -2], [0, -2], [-3, -3], [-6, 0], [-4, -1], [-6, 0], [-4, -1], [-1, 0], [0, 1], [-1, 0], [0, -6], [1, 0], [0, -1], [2, 0], [4, 1], [2, 0], [3, 1], [8, 0], [1, 1], [2, 0], [2, -2], [0, -5], [-2, -2], [-10, 0], [-1, -1], [-9, 0], [-3, -1], [-3, 0], [-1, -1], [0, -4], [1, -1], [7, 0], [3, 1], [5, 0], [4, 1], [5, 0], [1, 1], [1, 0], [1, -1], [1, 0], [0, -1], [1, -1], [0, -3], [-1, -1], [0, -1], [-1, -1], [-2, 0], [-1, 1], [-3, -1], [-3, 0], [-3, -1], [-8, 0], [-2, -1], [-2, 0], [-1, -1], [0, -8], [1, 2], [0, 1], [3, 0], [5, 1], [4, 0], [4, 1], [6, 0], [0, 1], [3, 0], [0, -1], [1, -1], [0, -1], [1, -1], [0, -2], [-1, 0], [0, -1], [-2, -2], [-1, 0], [-1, 1], [-2, 0], [-1, -1], [-12, -1], [-5, -1], [-2, 0], [0, 1], [-1, 1], [0, -2], [-3, 0], [0, -1], [-1, -2], [0, -3], [1, -1], [1, 0], [5, 1], [3, 0], [5, 1], [2, 0], [0, -3], [1, 3], [4, 0], [2, 1], [3, 0], [1, 1], [2, 0], [2, -2], [0, -5], [-2, -2], [-8, 0], [-2, -1], [-1, 0], [0, 1], [-1, 2], [-1, 0], [1, -2], [0, -1], [-7, 0], [-2, -1], [-1, 0], [0, -5], [1, -1], [4, 0], [5, 1], [10, 0], [1, 1], [1, 0], [1, -1], [1, 0], [1, -1], [1, -2], [2, -2], [0, -3], [-1, -1], [-4, 0], [-1, -1], [0, -4], [1, 0], [2, -2], [4, -2], [1, 0], [1, 1], [1, 0], [0, -1], [23, 0], [2, 2], [0, 1], [-1, 1], [0, 2], [2, 2], [1, 0], [0, -1], [1, 0], [0, -1], [1, -1], [-1, 0], [0, -2], [-1, 0], [0, -1], [1, 0], [0, -1], [1, 0], [5, 2], [0, 4], [1, 3], [1, 1], [0, 1], [1, 1], [0, 3], [-1, 1], [0, 2], [-1, 2], [0, 3], [1, 2], [0, 1], [4, 4], [4, 2], [-2, 0], [0, 1], [-1, 0], [0, 3], [-2, 0], [0, -4], [-1, 0], [0, -1], [-2, 0], [0, 2], [-1, 0], [0, 2], [1, 0], [0, 1], [2, 0], [0, 2], [-1, 0], [0, 3], [1, 0], [0, 1], [3, 0], [1, -1], [1, 0], [0, 2], [1, 0], [0, 1], [2, 0], [0, -1], [1, -1], [0, -2], [-1, 0], [0, -1], [-2, 0], [-1, 1], [-1, -1], [1, -1], [-1, 0], [0, -1], [2, 0], [1, -1], [0, -3], [3, 6], [2, 1], [1, 1], [6, 0], [1, -1], [1, 0], [3, -1], [4, 0], [1, 1], [3, 0], [2, -1], [1, -1], [0, -1], [1, -1], [3, -6], [2, -2], [2, -3], [2, -1], [1, -2], [1, -3], [0, -4], [-1, -2], [-2, -3], [-1, -1], [0, -3], [2, -2], [0, -2], [1, -2], [-1, -3], [-2, -4], [-2, -2], [-4, -2], [-2, -2], [-2, -4], [-2, -2], [-2, -1], [-5, 0], [-2, 1], [-4, 0], [-1, -1], [-3, -2], [-4, -4], [-1, -2], [-4, -2], [-1, -1], [-3, 0], [-2, 1], [-1, 1], [-2, 4], [0, 2], [-1, 1], [-1, 0], [0, 2], [2, 0], [0, -1], [1, -2], [0, -1], [2, -4], [2, -1], [1, -1], [1, 0], [1, 1], [3, 2], [6, 6], [2, 1], [1, 1], [-1, 1], [0, -1], [-2, 0], [-3, 1], [-2, 1], [-2, 3], [-1, 3], [-1, 1], [-1, 2], [-6, 6], [-1, 2], [-5, -2], [0, -1], [-1, -1], [1, -1], [0, 1], [1, 0], [0, -1], [1, 0], [0, -4], [-1, 0], [-1, -1], [0, 1], [-1, 0], [-1, 1], [0, 2], [1, 0], [-1, 1], [-2, 0], [-1, 1], [0, 1], [-1, 1], [-22, 0], [0, -2], [-3, 0], [0, 2], [-2, 0], [-4, 3], [-2, 1], [0, -8], [1, -6], [1, -2], [1, -3], [0, -29], [-1, -25], [-1, -20], [1, -15], [1, -4], [0, -2], [1, -1], [0, -5], [-1, -2], [0, -6], [-1, 0], [0, -10], [1, 0], [0, -10], [-1, -3], [0, -3], [1, -2], [0, -3], [-1, -1], [0, -1], [-1, -1], [-2, 0], [0, 1], [-3, 0], [0, -1], [-1, -1], [-2, -1], [-2, 1], [0, 1], [-1, 0], [-1, -1], [0, -1], [-2, 0], [-2, -2], [0, -3], [1, -1], [1, 0], [1, -1], [1, 0], [1, 1], [3, 0], [0, -1], [2, 0], [1, 1], [1, 0], [2, -1], [1, -1], [2, 1], [1, -1], [0, -5], [-1, -2], [0, -2], [-2, -2], [-1, -2], [-1, -1], [-2, -1], [-5, 0], [-3, 1], [-2, 1], [-5, 0], [-4, -2], [-6, 0], [-1, -1], [0, -6], [1, -1], [1, 0], [2, -1], [2, 0], [0, -2], [1, 0], [0, 3], [3, 0], [7, 1], [4, 1], [5, 0], [1, 1], [3, 0], [1, -1], [0, -1], [1, -2], [0, -3], [-1, -2], [-1, -1], [-1, 0], [0, -1], [-1, 0], [-2, 1], [-3, 0], [-1, -1], [-1, 1], [-2, 0], [-4, -1], [-7, 0], [-1, 1], [0, 2], [-1, 0], [0, -3], [-1, 0], [-1, -1], [0, -4], [1, 0], [1, -1], [0, -2], [1, 0], [0, 2], [6, 0], [2, -1], [8, 0], [3, -1], [4, 0], [0, -1], [2, -2], [0, -4], [-2, -2], [0, -1], [-4, 0], [-2, 2], [-1, 0], [-3, -1], [-1, 1], [-1, 0], [-2, 1], [-5, 0], [-1, 1], [-1, 0], [-2, 1], [-1, 1], [0, 0], [-1, -1], [-2, 0], [-1, 1], [-2, 0], [0, -1], [-1, 0], [0, -4], [1, 0], [1, -1], [3, -1], [2, 0], [3, -1], [2, 0], [1, -1], [3, -1], [3, -3], [5, 0], [6, -3], [-3, -8], [-12, 6], [-1, 0], [-1, 1], [-1, -1], [2, -2], [-1, -2], [-1, 1], [-1, -1], [0, -1], [-1, 1], [-2, 0], [-7, -7], [-1, -2], [-1, 0], [-1, -2], [-3, -3], [-1, -2], [-3, -3], [0, -2], [-1, -2], [-1, -1], [0, -2], [-1, 0], [-1, -2], [-1, 1], [0, -1], [-1, 0], [-1, -1], [0, -1], [-1, 0], [-1, -1], [1, -1], [-1, -1], [-2, -4], [-1, -1], [-1, -4], [-2, -3], [-3, -1], [-2, -3], [0, 1], [-1, -2], [-1, 0], [4, -4], [1, 1], [1, -1], [-1, -2], [-5, 5], [-4, -4], [0, -3], [2, -2], [0, -1], [-2, -3], [-1, -1], [-1, -8], [0, -1], [-1, 0], [1, 5], [0, 5], [3, 3], [0, 1], [-4, 4], [0, 1], [-2, -2], [-2, -3], [3, -3], [-1, -1], [-5, -6], [2, -2], [0, -1], [-2, 2], [-4, -4], [-3, -7], [-1, 0], [-2, -3], [-2, -4], [0, -2], [1, -1], [0, -1], [-2, 1], [0, -1], [-1, -1], [-3, -6], [-1, -1], [-1, -2], [0, -4], [3, -3], [0, -1], [-1, 0], [0, 2], [-1, 0], [-3, 4], [-1, -1], [0, -1], [4, -6], [0, -1], [-1, 1], [0, 1], [-2, 3], [-1, -1], [-1, 0], [0, -1], [2, -3], [0, -1], [1, -1], [0, -2], [-2, 0], [0, 2], [1, 0], [-3, 4], [-2, -2], [1, -1], [-1, 0], [-1, -1], [0, -1], [-1, -1], [0, -1], [2, -3], [1, -1], [0, 2], [1, 0], [0, -1], [1, 0], [0, -3], [-2, 0], [-3, 6], [-6, -6], [0, -3], [-1, -2], [0, -1], [-2, -4], [-1, 0], [-1, -2], [-1, -3], [-1, -2], [-1, -1], [0, -4], [3, -2], [0, -3], [-2, -4], [-1, -3], [-1, 0], [0, -1], [-2, -3], [-1, 0], [3, 4], [0, 1], [3, 6], [1, 1], [0, 1], [-1, 0], [-4, 3], [-3, -6], [-1, -1], [-1, 0], [-3, -5], [0, 1], [-1, -2], [-1, 0], [-1, -1], [0, -3], [1, 0], [0, -2], [-1, -1], [0, -1], [-1, 0], [-1, 1], [1, 1], [-1, 1], [-3, -3], [0, -5], [2, 0], [1, 1], [0, 2], [1, 1], [1, 0], [0, 1], [1, 0], [0, -2], [-4, -4], [0, -2], [-1, 0], [-1, 1], [-2, 0], [0, 1], [-1, 0], [-2, -2], [-2, -3], [0, -1], [-1, -1], [-1, 0], [0, -1], [-2, -1], [-1, -2], [-2, -1], [0, -1], [-1, -1], [-2, -1], [-1, 1], [-2, 0], [-4, -2], [-3, 0], [-4, -1], [-1, 0], [0, -4], [-1, -1], [-3, 0], [0, 1], [3, 0], [0, 1], [1, 3], [0, 2], [-1, 0], [-1, 1], [-2, 0], [0, -1], [-1, 0], [0, -2], [-1, 0], [0, 4], [-1, 1], [0, 2], [1, 1], [0, 1], [-1, 0], [0, 2], [1, 1], [0, -2], [2, 0], [1, 1], [0, 1], [-2, 0], [0, 1], [1, 0], [1, -1], [0, 1], [-1, 1], [2, 0], [3, 1], [3, 2], [1, 2], [6, 4], [3, 3], [5, 4], [1, 1], [0, 2], [1, 1], [1, 0], [1, 1], [1, 0], [6, 6], [1, 2], [3, 3], [1, 3], [2, 2], [-1, 1], [1, 1], [-1, 0], [1, 2], [2, 2], [0, 2], [1, 1], [-4, 8], [0, 2], [-2, 0], [3, 2], [-1, 1], [0, 1], [4, 2], [0, 1], [-6, -3], [-2, 6], [-2, 4], [3, 1], [-1, 2], [-2, -2], [-2, 6], [-2, 3], [1, 0], [0, 5], [-1, 3], [-1, 2], [-3, 2], [-1, 1], [-2, 3], [-1, 3], [-9, 9], [-3, 4], [-4, 5], [1, 2], [-1, 2], [-2, 6], [-2, 2], [-1, 2], [-1, 1], [-3, 0], [-1, -1], [-2, -1], [-5, 3], [-3, 2], [-4, 3], [-2, 1], [-2, 0], [-2, -2], [-5, 1], [-3, 2], [-1, 2], [-4, 4], [-9, -3], [0, -4], [-2, 0], [-4, -2], [-1, -1], [-1, 3], [-2, 1], [-6, -2], [-4, 0], [0, 10], [-1, 2], [0, 15], [-2, 0], [2, -28], [-4, -3], [-6, -4], [-2, -1], [-1, -2], [0, -5], [-2, -6], [0, -4], [-4, -19], [-2, -16], [0, -18], [-1, -15], [0, -12], [-1, -3], [0, -35], [-1, -6], [1, -5], [-1, -3], [-2, -8], [1, -8], [1, -6], [1, -3], [1, -2], [-1, -2], [-6, 0], [-1, -2], [-1, -4], [-2, -9], [0, -1], [1, -1], [1, 0], [4, 1], [3, 3], [0, 4], [1, 3], [3, 3], [2, 0], [2, -2], [6, -4], [5, -2], [1, 1], [1, -1], [12, 0], [3, 2], [5, 0], [1, -1], [1, -2], [0, -2], [-1, -1], [0, -1], [1, -1], [0, -3], [-1, -3], [-2, -3], [1, -2], [1, -1], [1, -3], [1, 0], [0, -2], [1, 0], [1, -4], [1, 0], [1, -1], [2, -4], [-2, -2], [-1, 2], [-1, 1], [0, 3], [-2, 4], [-1, 1], [-5, 10], [-2, 3], [-2, 0], [-2, -4], [-4, -11], [1, -4], [1, -2], [0, -5], [-1, 0], [0, 5], [-1, 0], [0, 1], [-1, 1], [-1, -1], [-1, 0], [-2, -5], [0, -1], [1, 0], [1, -1], [1, 0], [0, -1], [-1, 1], [-1, 0], [-1, 1], [-2, -3], [-1, -3], [0, -2], [-1, -2], [0, -4], [9, -3], [-1, -1], [-9, 3], [-2, -1], [-3, 1], [-17, 6], [-6, 2], [-2, 0], [-1, -1], [-1, -2], [0, -2], [-1, -4], [-4, -17], [0, -1], [-3, -10], [-1, -6], [0, -3], [2, -4], [2, -1], [10, -4], [2, -1], [6, -2], [4, -1], [2, -2], [1, 0], [0, -1], [-2, 1], [-1, -1], [0, -2], [2, -2], [0, -1], [-1, 1], [-1, 0], [-2, -2], [0, -1], [-1, -1], [-1, -2], [-3, -7], [0, -4], [-1, -2], [0, -3], [3, -1], [-3, 0], [-1, -1], [0, -5], [6, -2], [-1, -2], [-1, 1], [1, 0], [0, 1], [-5, 1], [-1, 0], [0, -1], [-1, -2], [0, -2], [1, 0], [0, -1], [-1, 1], [-1, -1], [0, -6], [3, -1], [1, -1], [0, -1], [1, -1], [-1, -1], [0, 3], [-4, 1], [-2, -4], [2, -2], [1, 0], [0, 2], [1, 0], [0, -1], [1, -1], [0, -1], [-4, 1], [0, -3], [-1, 0], [0, -1], [-1, -2], [-1, -1], [0, -9], [3, -1], [3, -2], [0, -1], [-1, 0], [-2, 1], [0, 1], [-3, 1], [-2, -1], [-1, -1], [0, -3], [2, -1], [-1, 0], [-1, -1], [0, -5], [4, 0], [0, -2], [-2, 0], [0, 1], [-3, 1], [-1, -2], [0, -2], [-1, -2], [0, -7], [5, -2], [1, 0], [-1, -1], [-1, 0], [0, 1], [-4, 1], [0, -2], [1, 0], [0, -1], [-1, 1], [-3, -9], [-1, -31], [0, -6], [1, -5], [-1, -5], [0, -7], [5, -1], [-1, -3], [-3, 0], [0, -18], [2, -7], [-1, -4], [2, -1], [5, -3], [2, -1], [-1, 0], [-1, -2], [-1, -1], [1, 3], [-2, 1], [-2, 0], [-1, 1], [-3, -6], [2, -1], [3, -2], [2, 2], [0, -1], [2, 0], [2, -2], [-1, -1], [0, -1], [-1, -1], [0, -10], [-1, -1], [-1, 0], [0, 2], [1, 0], [0, 2], [1, 2], [0, 5], [-3, 3], [-1, -1], [0, -1], [-1, -2], [-1, -1], [0, -3], [-1, -2], [-2, -2], [-1, 0], [0, -6], [1, -3], [4, 0], [1, 1], [0, 4], [1, 0], [0, -1], [-1, -3], [0, -2], [-5, 0], [0, -1], [3, -1], [-7, 0], [-2, -2], [-1, -4], [-1, -2], [-1, -3], [-2, -5], [-1, -2], [0, -4], [-2, -4], [0, -2], [1, -1], [0, -1], [-2, -2], [-1, 0], [0, -3], [1, -1], [2, 0], [0, -2], [-1, 0], [-2, 2], [-3, 0], [-1, -1], [-2, -3], [-2, -4], [-3, -5], [-2, -6], [0, -5], [1, -1], [3, -2], [0, -2], [-1, 0], [-1, 1], [0, 1], [-3, 1], [-1, -1], [0, -3], [3, -1], [0, -2], [-1, -1], [1, -1], [0, -1], [-2, 0], [0, 4], [-3, 2], [-2, -3], [-1, -2], [-1, -1], [0, -3], [2, -1], [1, 0], [1, -1], [0, 1], [1, 0], [1, -2], [-2, 0], [-4, 1], [0, -4], [2, -1], [1, -1], [1, 1], [1, -1], [0, -1], [4, -2], [0, -3], [-1, -1], [-3, 0], [0, 2], [-1, 3], [-5, 2], [-2, -4], [2, 0], [-1, -1], [-1, 1], [-1, -4], [1, -1], [3, -2], [2, 2], [1, 0], [0, -4], [-3, 1], [0, -1], [1, -1], [-1, -1], [-4, 2], [-1, -1], [0, -10], [1, -1], [3, 0], [2, -1], [1, -1], [1, -2], [-1, 0], [-1, 2], [-3, 1], [-2, -1], [0, -3], [1, -1], [2, -1], [1, 0], [1, 1], [0, 1], [2, -2], [0, -1], [-1, -2], [3, -1], [0, -1], [-2, 0], [0, 1], [-3, 2], [-2, -3], [0, -2], [3, -1], [0, -1], [-4, 1], [-1, 0], [-1, -2], [0, -1], [3, -1], [5, -3], [6, -3], [1, -2], [-1, -3], [0, -2], [-2, 0], [0, 2], [1, 1], [0, 3], [-1, 1], [-1, 0], [-2, -2], [-1, 0], [-2, 2], [-1, 3], [-2, 0], [-2, -7], [2, -1], [1, 2], [2, 0], [1, -1], [1, -2], [0, -3], [-1, 0], [-6, 3], [-1, 0], [-2, -4], [-1, -4], [0, -3], [1, -8], [1, -10], [1, -7], [2, -8], [2, -7], [1, -8], [5, -10], [2, -2], [2, -3], [8, 2], [0, -2], [-1, 0], [-1, 1], [-6, -3], [0, -4], [1, -3], [1, -2], [0, -1], [2, -3], [1, -2], [3, 1], [2, 1], [0, 1], [2, 0], [0, -4], [-1, 0], [0, 1], [-9, -3], [0, -5], [1, -2], [0, -2], [1, 0], [1, -1], [0, 1], [1, 0], [0, -1], [1, 0], [1, -2], [2, -2], [0, 1], [1, 1], [0, -1], [-3, -9], [-3, 1], [0, 4], [-1, 0], [-1, 2], [-2, 1], [-2, 2], [-4, 6], [-3, 0], [0, -4], [2, -2], [1, 0], [0, -1], [4, -4], [1, 0], [0, -3], [0, 0], [-1, -1], [0, -1], [-1, -1], [-1, 0], [-1, -1], [-1, 0], [-6, 6], [-2, 3], [-4, 2], [-3, 1], [-3, -1], [-7, -3], [-3, -1], [-1, -2], [-2, -2], [-1, -3], [0, -6], [2, 0], [4, 1], [0, 3], [3, 3], [1, 0], [5, 2], [4, 1], [0, -2], [2, 0], [0, -8], [-8, -3], [-4, 0], [-2, 2], [0, 1], [-1, 0], [-4, -1], [0, -1], [-1, 0], [0, -2], [1, -1], [2, -3], [2, -2], [2, -1], [5, 0], [4, 2], [12, 4], [4, 1], [3, 1], [1, 0], [0, 2], [1, -1], [1, 1], [0, -3], [4, 0], [0, 4], [-3, 0], [2, 1], [1, 0], [2, -2], [4, 1], [1, 0], [1, -1], [0, -3], [-1, 0], [-5, -2], [-6, -2], [-1, 0], [0, -1], [1, -5], [0, -3], [1, -4], [2, -6], [2, -5], [2, -1], [1, -1], [3, 0], [0, -1], [-3, 0], [0, -2], [-1, 0], [-1, -1], [0, -2], [1, -2], [0, -6], [1, -3], [-1, -3], [-1, -2], [-1, -3], [0, -2], [1, -1], [1, 0], [0, -2], [-1, -1], [0, 2], [-1, 1], [-1, 0], [-3, -2], [-1, -2], [-2, -2], [0, -2], [-1, -2], [2, -2], [0, -1], [-1, 0], [-1, 2], [-2, -1], [-2, -2], [0, -1], [1, -2], [-2, 2], [-1, 2], [-1, 0], [0, -1], [1, -3], [0, -1], [-1, 2], [-3, -1], [-2, -3], [-1, -1], [0, -2], [-3, -2], [-4, -2], [-1, 0], [-2, -2], [-2, -3], [-1, -1], [0, -1], [-3, 0], [-2, 4], [-1, -1], [2, -3], [0, -1], [-1, -2], [-1, 1], [-3, -3], [0, -1], [-1, -1], [0, 2], [-3, -3], [-4, -3], [-5, -3], [-3, -1], [-2, -2], [-2, 0], [-2, 1], [-1, 2], [-1, 0], [-5, -3], [1, -3], [-1, 0], [0, 3], [-3, -2], [1, -2], [0, -4], [-1, 4], [-2, 1], [0, -1], [-1, -2], [1, -4], [-1, 0], [0, 2], [-3, 0], [0, -5], [-1, 0], [0, 3], [-3, 0], [0, -4], [-1, 1], [0, 2], [1, 2], [-4, 2], [-5, -1], [-8, 0], [-4, -1], [-4, -3], [-3, 3], [5, 13], [0, 3], [2, 5], [2, 6], [0, 1], [-1, 1], [1, 3], [0, 5], [-2, 2], [0, 6], [-1, 2], [-1, 1], [0, 2], [-1, 6], [0, 3], [-1, 0], [-1, 2], [2, -1], [1, 1], [-2, 2], [0, 3], [-1, 4], [-1, 0], [0, 2], [1, 1], [1, -1], [2, 1], [4, 0], [2, -1], [4, -4], [2, -4], [0, -2], [1, -3], [2, -3], [1, -3], [4, -4], [3, -1], [2, -1], [3, 0], [1, 1], [0, 1], [1, 2], [-1, 1], [0, 1], [-4, 2], [-3, 2], [-2, 3], [-2, 4], [-1, 1], [0, 5], [1, 1], [4, 0], [1, -1], [0, -4], [1, -2], [1, -1], [3, -2], [3, -3], [3, -1], [4, 0], [2, -1], [2, 0], [1, 1], [1, 0], [1, 1], [1, 0], [1, -1], [8, -6], [1, 0], [5, 2], [2, 0], [4, 4], [1, 0], [1, 1], [0, 6], [-2, 6], [-1, 2], [0, 1], [-3, 0], [0, -1], [-1, -1], [-1, -2], [0, -3], [-2, -6], [-2, -4], [-1, -1], [-4, 0], [-4, 3], [-1, 1], [0, 1], [-1, 1], [0, 3], [-1, 1], [-1, 2], [-4, 0], [-2, -1], [-3, -1], [-3, 0], [-2, 1], [-2, 2], [0, 3], [1, 2], [1, 0], [1, 1], [1, 0], [1, -1], [2, -1], [1, 0], [4, 2], [5, 0], [3, 3], [0, 1], [-1, 1], [0, 1], [-1, 2], [0, 2], [1, 0], [1, 2], [0, 1], [1, 2], [0, 2], [-1, 1], [-1, 2], [-1, 1], [-1, 2], [-3, 3], [-1, 2], [-1, 1], [0, 8], [1, 1], [0, 1], [2, 2], [1, 2], [0, 3], [1, 2], [-1, 2], [0, 2], [-3, 3], [-1, 2], [-1, 1], [0, 2], [-1, 1], [-1, 2], [-3, 3], [-2, 1], [-3, 0], [-2, -2], [-2, -1], [0, -1], [-3, 0], [0, 1], [-2, 2], [0, 1], [1, 2], [0, 1], [1, 1], [3, 0], [0, 1], [1, 1], [0, 2], [-1, 1], [0, 3], [4, 6], [0, 1], [1, 0], [0, 1], [6, 0], [4, -4], [0, -1], [1, 0], [1, 1], [0, 1], [1, 8], [0, 1], [-1, 1], [0, 1], [-1, 1], [0, 1], [-1, 1], [-1, 0], [-1, 1], [-2, 0], [-9, -1], [-2, 0], [0, -2], [3, -3], [0, -1], [1, -1], [0, -4], [-1, -1], [-3, -7], [-7, 0], [-3, -3], [-1, -2], [-2, -2], [0, -3], [-1, -2], [0, -2], [-1, 0], [-1, -1], [-2, 0], [-2, 2], [0, 5], [2, 4], [2, 3], [1, 2], [1, 1], [0, 3], [-1, 1], [-1, 2], [-2, 0], [-1, 1], [-1, 0], [-2, -1], [-2, -2], [0, -2], [-1, -2], [0, -3], [-1, -3], [0, -4], [-1, -3], [-1, -1], [0, -1], [-1, 0], [-1, -1], [-2, 1], [-1, 1], [-1, 2], [0, 3], [2, 2], [0, 1], [1, 1], [0, 6], [2, 4], [0, 1], [-1, 1], [0, 2], [-2, 2], [-4, 0], [-2, -2], [0, -2], [-1, -1], [1, -4], [0, -8], [-1, -3], [-2, -4], [-1, -1], [-3, 0], [-2, 2], [0, 4], [3, 3], [0, 12], [-1, 1], [0, 1], [-2, 2], [-3, 0], [-3, -3], [0, -4], [1, -3], [0, -7], [-3, -3], [-2, 0], [-2, 2], [0, 5], [1, 1], [0, 4], [-1, 2], [-1, 1], [-4, 0], [-3, -3], [0, -6], [-1, -1], [0, -2], [-1, 0], [-1, -1], [-3, 0], [-1, 1], [-1, -4], [-2, 0], [1, 4], [-1, 0], [0, 1], [-2, 2], [0, 4], [2, 2], [1, 0], [1, 1], [1, 2], [0, 7], [-4, 4], [-1, 0], [-1, 1], [-2, 0], [-1, -1], [-1, 0], [-3, -3], [0, -2], [-1, -2], [0, -1], [1, -1], [0, -1], [1, -1], [1, -2], [1, -1], [0, -4], [-3, -3], [-2, 0], [-1, 1], [-1, 0], [0, 1], [-1, 1], [0, 2], [-3, 20], [-1, 1], [1, 3], [2, 5], [0, 7], [3, 12], [0, 1], [3, 12], [1, 8], [-1, 2], [0, 1], [-3, 3], [0, 1], [-1, 1], [-2, 1], [-2, 0], [1, 1], [1, 3], [1, 2], [-1, 1], [0, 5], [1, 3], [-3, 1], [-1, -1], [0, 1], [-1, 1], [1, 1], [1, 0], [0, -1], [2, -1], [0, 1], [3, 2], [1, 3], [1, 1], [1, 3], [-1, 1], [-2, 0], [1, 1], [1, 0], [2, 4], [2, 2], [0, 3], [-1, 0], [-1, 2], [1, -1], [1, 1], [2, 1], [1, 4], [1, 3], [-1, 1], [2, 2], [0, 1], [-1, 2], [-4, -2], [0, -1], [-2, 0], [0, -1], [-1, 1], [0, 1], [1, 0], [5, 3], [2, 6], [1, 6], [0, 3], [-1, 6], [-1, 1], [-2, 1], [-3, 0], [0, 4], [-1, 3], [-3, 3], [-3, 2], [-6, 2], [-4, 0], [0, -1], [-1, 1], [-1, 0], [-1, 1], [0, 5], [1, 1], [0, 5], [-1, 2], [-1, 5], [0, 14], [-1, 2], [0, 4], [-1, 0], [0, 3], [2, 1], [1, 1], [6, 0], [2, -1], [1, -1], [0, -1], [1, 0], [0, -9], [3, -3], [0, -1], [1, 0], [-1, -1], [0, -1], [-2, -2], [-1, 0], [-2, -2], [0, -2], [1, -1], [0, -1], [1, -1], [1, 0], [1, -1], [0, 1], [1, 0], [0, 2], [1, 0], [0, 2], [1, 0], [0, 1], [1, 0], [2, 1], [2, 3], [0, 1], [1, 1], [0, 2], [-1, 1], [0, 2], [-1, 1], [0, 3], [1, 2], [0, 7], [-1, 2], [-1, 1], [-3, 0], [-1, 1], [-2, -2], [-1, 0], [-1, -1], [-3, 0], [-2, 2], [0, 4], [2, 2], [4, 0], [0, 1], [1, 1], [-1, 1], [0, 2], [-1, 1], [0, 4], [-4, 4], [-3, 0], [0, -1], [-1, 0], [0, -1], [-1, -1], [0, -3], [2, -2], [0, -6], [-1, -2], [1, -4], [0, -2], [-1, -1], [-1, 0], [-1, -1], [0, 1], [-1, -1], [-6, 0], [0, -1], [-2, 0], [0, -1], [-1, 0], [0, 2], [1, 0], [0, 1], [1, 0], [0, 1], [1, 1], [0, 10], [-1, 1], [0, 1], [-1, 1], [0, 1], [-1, 0], [-3, -3], [-1, 2], [-1, 0], [-1, 2], [1, 1], [1, -2], [1, -1], [1, 0], [3, 3], [0, 3], [-1, 2], [-1, 3], [-2, 2], [-1, 0], [-4, -4], [0, -1], [-1, 0], [1, -1], [1, -2], [0, -1], [-1, 0], [-1, 2], [0, 1], [-1, 0], [-1, 1], [1, 0], [0, 1], [0, 0], [5, 5], [0, 1], [-2, 3], [-1, 2], [-1, 0], [-2, -1], [0, -1], [-1, -1], [1, 0], [-1, -1], [-1, 0], [0, -2], [1, -1], [-1, 0], [0, -1], [-1, 0], [0, 2], [1, 0], [0, 3], [1, 6], [0, 3], [1, 3], [0, 1], [-1, 2], [0, 3], [-1, 3], [-5, 5], [-1, 0], [0, 1], [-1, 2], [-1, 1], [0, 1], [-2, 2], [-1, 0], [0, -1], [-2, 0], [-1, -1], [-2, 0], [1, 2], [0, 1], [1, 2], [0, 3], [1, 4], [0, 10], [-1, 1], [0, 1], [-1, 1], [-1, 0], [-1, -1], [-1, 0], [0, 1], [1, 1], [0, 3], [-3, 3], [-2, -2], [0, 4], [-1, 2], [-2, 9], [-1, 4], [-2, 4], [0, 6], [-1, 1], [0, 1], [-1, 2], [-1, 1], [-1, 0], [-1, 1], [0, 0], [-1, 1], [-1, 0], [0, -1], [-1, -1], [-2, 4], [0, 3], [-1, 2], [0, 6], [-1, 1], [-5, 9], [-1, 2], [-4, 4], [-2, 0], [0, 2], [-4, 7], [-2, 5], [-3, 3], [-2, -1], [-2, 8], [-2, 4], [-2, 1], [-1, -2], [0, 1], [1, 1], [-1, 4], [-2, 1], [-1, -1], [1, 2], [-1, 1], [-2, 0], [1, 2], [-2, 7], [-3, 8], [-3, 6], [-3, 2], [-3, 0], [-6, 1], [-5, -1], [-4, -1], [-2, 1], [-1, 1], [-5, 2], [-6, 4], [-2, 1], [-5, 2], [-8, 1], [-8, -1], [-4, -1], [-3, 0], [-2, 6], [-2, 4], [-1, 3], [-3, 4], [-2, 15], [-2, 6], [1, 14], [-1, 8], [-4, 2], [4, 13], [-1, 10], [0, 7], [-2, 2], [-2, 6], [-2, 10], [-1, 3], [0, 4], [-2, 3], [-1, 3], [-1, 1], [-1, 3], [-1, 2], [0, 9], [-1, 3], [-1, 5], [-1, 6], [-1, 7], [-5, 10], [-3, 2], [0, 6], [-1, 5], [-2, 7], [-2, 2], [-2, 6], [-2, 3], [-1, 9], [-1, 7], [-1, 8], [0, 2], [-1, 5], [-4, 7], [0, 2], [-1, 2], [-2, 5], [-1, 3], [-1, 6], [-1, 5], [1, 2], [0, 2], [-2, 1], [0, 2], [-1, 2], [-2, 2], [-2, 0], [-3, -1], [2, 3], [0, 2], [1, 6], [0, 8], [-1, 6], [-1, 3], [-2, 2], [-3, -1], [-1, 1], [-2, 5], [5, 2], [3, 3], [-1, 2], [-3, 0], [-3, -1], [-2, 0], [0, 3], [-1, 0], [-1, -3], [-2, -1], [-1, 2], [0, 2], [3, 1], [3, 8], [-1, 6], [-1, 5], [-6, 21], [-1, 5], [0, 3], [-4, 5], [-8, 16], [-2, 2], [-3, 1], [-4, 1], [-7, 1], [-2, 2], [-2, 0], [-1, 2], [0, 2], [-1, 2], [-5, 5], [-2, 3], [-4, 8], [0, 1], [-6, 3], [-1, 2], [-4, 4], [-1, 2], [-3, 3], [-2, 1], [0, 1], [-3, 2], [-1, 1], [0, 1], [-1, 1], [-1, 0], [-2, 1], [-2, 2], [-3, 1], [-3, 3], [-4, 1], [-2, 1], [-3, 1], [-2, 2], [-3, 2], [-5, 1], [-4, 2], [0, 1], [-2, 1], [0, 0], [-3, 3], [0, 2], [-1, 1], [0, 3], [1, 1], [3, 4], [0, 1], [1, 1], [0, 1], [0, 0], [0, 2], [-1, 2], [-2, 1], [-2, 2], [-4, 2], [0, 1], [-2, 0], [0, -1], [1, -1], [0, -1], [-1, 0], [0, 1], [-1, 1], [0, 1], [1, 1], [0, 1], [-1, 0], [0, 1], [-1, 1], [-1, 0], [-1, 1], [0, 1], [-3, 0], [-2, 1], [-2, 0], [-3, 1], [-3, 0], [-4, -1], [-2, 0], [0, -1], [-1, 0], [0, -1], [-2, 0], [-3, -2], [-2, -2], [-3, -2], [-3, -3], [-1, -2], [0, -3], [-1, -3], [-4, -6], [0, -1], [-1, -2], [-1, -3], [-2, -3], [-2, -4], [-2, -1], [0, -3], [-1, -1], [-1, 0], [-3, -3], [-3, -4], [-3, -2], [-3, -3], [-3, -2], [-6, -6], [-1, -2], [-2, -2], [0, -2], [-1, -1], [0, -1], [1, -1], [0, -1], [-2, 2], [0, 0], [-2, -2], [3, -4], [-1, -4], [1, -3], [1, -1], [4, -2], [0, -2], [-1, -5], [1, -5], [2, -3], [-1, -3], [-1, -8], [-2, -5], [-1, -6], [-2, -6], [1, -1], [-4, -6], [0, -6], [-2, 0], [-1, -5], [-2, -5], [-3, 0], [-2, -3], [0, -4], [-2, -3], [-2, -7], [-2, -2], [-2, -4], [-3, -4], [-1, -3], [-2, -3], [-1, -2], [-4, -4], [-1, -2], [-1, -1], [0, -2], [-2, -2], [0, -1], [-1, -1], [0, -1], [-2, -2], [0, -2], [-2, -2], [0, -1], [-2, -1], [-2, -4], [1, 0], [-2, -2], [0, -1], [-3, -3], [-3, -5], [-3, -6], [-1, 0], [0, -3], [-1, -2], [0, -3], [-1, -4], [-1, -6], [1, 0], [0, -2], [-1, 0], [-1, -9], [-1, -1], [1, -1], [-1, -1], [1, -2], [1, -1], [0, -1], [-1, -1], [-1, 0], [-1, -5], [0, -18], [-1, -4], [0, -4], [3, 0], [-3, -1], [-1, -1], [-1, -2], [0, -3], [0, 0], [0, -1], [-1, -1], [0, -2], [-1, -3], [0, -8], [1, -1], [0, -1], [2, 0], [0, -1], [-2, 0], [0, -4], [2, 0], [0, -1], [-2, 0], [-1, -2], [0, -2], [-1, -2], [-1, -4], [-1, -7], [0, -6], [-4, -11], [-5, -9], [-7, -13], [-11, -18], [-10, -19], [-9, -19], [-4, -9], [-2, -8], [-3, -6], [-1, 0], [0, -1], [-3, -7], [-1, -1], [-3, -7], [-2, -5], [0, -2], [-1, 0], [-1, 1], [-2, -2], [-1, -3], [-4, -9], [-3, -15], [0, -2], [1, -2], [1, 0], [0, -1], [-1, -2], [0, 2], [-1, -1], [1, 2], [-3, 1], [0, -1], [1, 0], [0, -1], [-1, 0], [-1, -2], [4, -2], [-1, 0], [-3, 1], [-1, -2], [0, -1], [-1, -5], [-1, -4], [0, -1], [1, -2], [0, -6], [1, -2], [0, -4], [1, -1], [-4, -4], [-2, -6], [1, -16], [1, -3], [4, -17], [-1, -1], [2, -7], [1, -4], [2, -4], [1, -3], [3, -8], [2, -8], [0, -3], [1, -1], [1, -2], [1, -3], [1, -2], [4, 3], [-2, -2], [0, -2], [1, 0], [3, 3], [0, -1], [-5, -5], [2, -4], [8, 5], [0, -1], [-5, -4], [0, -1], [6, 3], [1, 0], [-7, -5], [1, -2], [6, 4], [1, -1], [-5, -3], [1, -1], [1, 1], [0, -1], [-1, -1], [0, -1], [1, -1], [1, -2], [2, 0], [3, 2], [4, 3], [1, -2], [0, -1], [-1, -1], [-2, 0], [0, -2], [1, -3], [10, -6], [5, -1], [10, -4], [4, -1], [9, -3], [5, 0], [2, -2], [2, -1], [5, -4], [2, -2], [6, -9], [1, -3], [2, -2], [3, -4], [4, -6], [1, -2], [1, -1], [0, -2], [2, -8], [2, -6], [1, -5], [0, -3], [-1, -2], [-1, -1], [-3, -1], [-4, 0], [-4, 1], [-1, 1], [-2, 1], [-2, 3], [-4, 4], [0, 1], [2, 2], [1, 3], [0, 4], [-2, 2], [-5, 0], [-1, -2], [-1, -1], [0, -3], [-1, -1], [0, -1], [-1, 0], [-2, 1], [-2, 6], [0, 1], [4, 4], [1, 4], [0, 3], [-1, 2], [-2, 2], [-2, 0], [-1, -1], [-1, 0], [-1, -2], [0, -6], [-1, -1], [-2, 0], [-1, 1], [-1, 2], [0, 1], [-1, 3], [0, 2], [1, 1], [0, 2], [1, 2], [0, 4], [-1, 1], [-1, 0], [-1, 1], [-2, 0], [0, -1], [-1, 0], [-1, -1], [0, -5], [1, -2], [-1, -1], [0, -2], [-2, -1], [-2, 0], [-1, 1], [0, 4], [1, 1], [0, 2], [-1, 1], [-1, 2], [-1, 1], [0, 2], [-2, 4], [-1, 1], [-3, 0], [0, -1], [-2, -3], [-3, 1], [-1, 0], [-1, 1], [-1, 2], [0, 3], [-1, 2], [0, 1], [-1, 0], [-1, 1], [-3, 0], [-2, -1], [-2, 0], [-1, 1], [0, 4], [-1, 0], [-1, 1], [-1, -1], [0, -3], [1, -1], [-1, -2], [-1, 0], [0, -1], [-1, 0], [-1, -1], [0, -2], [1, -1], [0, -1], [2, -1], [0, -1], [2, -2], [0, -1], [1, -2], [0, -3], [-1, 0], [-1, -2], [-2, -2], [0, -3], [2, -2], [1, 0], [1, -1], [1, 0], [1, 1], [6, 0], [2, -2], [0, -5], [-1, -1], [-2, 0], [-1, 1], [-2, 1], [-2, -1], [-2, 0], [0, -1], [-1, -1], [0, -5], [2, -2], [2, -1], [5, 0], [4, 2], [2, 0], [1, -1], [0, -3], [-1, -1], [0, -1], [-1, 0], [-2, -1], [-1, 0], [-1, -1], [-1, 0], [0, -1], [-1, -2], [-1, -1], [0, -1], [1, -1], [0, -1], [1, -1], [4, 0], [5, 4], [3, 0], [1, -1], [1, -2], [-1, -2], [-4, -2], [-2, -3], [0, -4], [1, -1], [0, -1], [1, -1], [1, 0], [2, -1], [4, 4], [0, 1], [2, 3], [6, 6], [2, 1], [5, 0], [12, 4], [3, 0], [1, 1], [2, -1], [3, -2], [3, -3], [3, -2], [3, -1], [8, 0], [1, -1], [1, 0], [1, -2], [0, -8], [1, -4], [0, -4], [1, -3], [0, -2], [1, -1], [0, -3], [-1, 0], [0, 1], [-1, -1], [0, -1], [-1, -1], [1, 0], [1, -2], [1, -1], [-1, 0], [-2, 2], [-1, -1], [0, -1], [2, -1], [0, -10], [1, -4], [0, -9], [-1, -1], [-2, 0], [-3, 2], [-4, 2], [-2, 0], [-3, 1], [-5, 0], [0, 1], [2, 0], [3, 2], [2, 2], [0, 2], [2, 4], [0, 7], [-1, 2], [-1, 3], [0, 1], [-1, 0], [-2, -2], [0, 2], [2, 1], [-1, 1], [1, 2], [-2, 0], [0, 2], [-1, 1], [-1, 0], [-2, 2], [-4, 2], [-2, 0], [-1, 1], [-5, 0], [-2, -1], [-1, 0], [-2, -1], [-2, 0], [-1, -1], [-2, -1], [-1, -1], [-3, -2], [-2, -3], [-2, -2], [-4, -8], [-2, -5], [-1, -2], [0, -2], [-1, -2], [0, -17], [1, 0], [0, -2], [-1, -2], [-1, -4], [-1, -2], [0, -2], [1, -1], [0, 0], [-1, -3], [-1, -4], [-2, -21], [1, -54], [1, -3], [0, -30], [2, -6], [-2, -3], [-4, -26], [1, -25], [2, -5], [2, -8], [1, -2], [0, -11], [-1, -7], [0, -9], [1, -4], [0, -13], [-1, -3], [1, -8], [2, -2], [2, -8], [3, -5], [-1, -13], [-1, -1], [-4, 0], [-2, -10], [4, -14], [0, -3], [-1, -3], [-2, -1], [-2, -3], [-5, 5], [-1, 2], [0, 10], [-2, 2], [-2, 0], [-3, -2], [0, -3], [3, -9], [4, -7], [4, -2], [0, -1], [1, 1], [2, 0], [1, -1], [1, 0], [2, -2], [0, -7], [-2, -2], [-1, 0], [0, -1], [-4, 0], [-2, 2], [-6, 4], [-3, 4], [-3, 6], [-9, 20], [-2, 0], [-1, -1], [0, -3], [1, -15], [2, -6], [14, -12], [4, -5], [2, -1], [4, 1], [1, 2], [3, -2], [1, 0], [2, -2], [0, -7], [-2, -1], [-1, -1], [-9, 0], [-5, 3], [-11, 11], [-2, 0], [-1, -2], [0, -2], [1, -5], [1, -3], [2, -3], [5, -4], [22, 0], [1, -6], [-4, -1], [-3, -12], [0, -1], [-3, 0], [0, -4], [-4, -1], [-1, 0], [0, -4], [-3, 0], [-2, -6], [-3, -3], [-1, -27], [2, -3], [0, -3], [1, -2], [4, -13], [3, -3], [3, -2], [0, -2], [-1, -1], [-2, -3], [-3, -6], [-1, -3], [0, -17], [1, -5], [1, -4], [2, -3], [2, -4], [0, -1], [1, 0], [1, -2], [-1, -2], [0, -4], [-1, -1], [0, -2], [1, -4], [0, -5], [2, -3], [2, -4], [-1, -3], [1, -3], [-1, -1], [1, -3], [7, -10], [0, -2], [6, -6], [3, -1], [0, -2], [6, -2], [1, 0], [-1, -3], [1, -4], [0, -2], [2, -2], [3, 0], [2, -3], [1, -1], [2, -1], [3, 0], [11, -1], [11, 1], [9, 2], [6, 4], [5, 3], [3, 2], [4, 5], [3, 5], [2, 12], [7, 7], [2, 6], [2, 3], [3, 6], [3, 9], [1, 2], [1, 4], [4, 8], [2, 2], [1, 2], [1, 1], [5, 4], [2, 2], [1, 2], [2, 1], [4, 4], [6, 7], [5, 5], [6, 5], [4, 5], [7, 5], [5, 6], [3, 1], [2, 4], [1, 3], [2, 0], [2, 5], [2, 0], [4, 10], [-1, 19], [-27, 75], [2, 1], [28, -76], [1, -5], [3, -2], [5, -3], [0, -3], [7, -4], [8, -8], [4, -3], [4, -1], [0, -3], [4, 0], [0, -3], [4, 0], [0, -4], [7, 0], [2, -2], [37, -1], [3, -2], [4, -5], [20, -1], [6, 2], [-1, -6], [-4, -1], [-2, -4], [-3, -4], [-1, -8], [-1, -32], [1, -5], [2, -2], [0, -3], [2, -5], [5, -6], [2, -4], [1, -3], [5, -2], [3, -4], [7, -3], [1, -1], [37, -13], [13, -1], [0, -3], [19, -1], [11, 2], [8, 3], [39, 1], [27, 6], [14, 0], [0, -5], [3, 0], [5, -7], [2, -5], [3, -3], [3, -8], [4, -5], [3, -5], [0, -3], [4, -1], [7, -12], [1, -5], [4, -6], [-1, -4], [6, -5], [2, -1], [1, -5], [7, -8], [1, -5], [4, -5], [7, -14], [6, -8], [1, -5], [3, -5], [1, -8], [0, -5], [-3, -8], [-2, -4], [-2, -8], [-3, 0], [0, -10], [-3, 0], [-1, -16], [-2, -3], [-1, -10], [-5, -20], [-3, -23], [2, -11], [4, -11], [1, -2], [2, -6], [3, -1], [1, -1], [1, 0], [10, 8], [9, 8], [4, 0], [0, -1], [-3, -1], [-10, -7], [-10, -9], [1, -4], [3, -3], [5, -9], [2, -2], [1, -2], [2, -2], [1, -2], [2, -3], [2, -2], [4, -5], [3, -4], [7, -7], [5, -3], [3, -3], [8, -6], [3, -2], [13, -7], [4, -2], [3, -3], [2, -3], [1, -1], [-3, -4], [-3, -2], [-4, -3], [-3, -5], [-4, -4], [-3, 4], [-3, 8], [-1, 3], [-3, 2], [-11, 1], [-6, -3], [-4, -1], [-5, -3], [-5, -1], [-8, -2], [-10, -4], [-8, -4], [-4, -3], [-2, -2], [-2, -3], [-3, -4], [-4, -6], [-1, -1], [-2, -3], [0, -1], [-5, -8], [-2, -3], [-2, -5], [-4, -4], [-2, -3], [-2, -6], [-5, -8], [-1, -2], [-2, -2], [0, -3], [-2, -3], [-6, -18], [0, -4], [-1, -8], [-1, -1], [-3, -31], [1, -2], [-3, 0], [0, -35], [1, -2], [14, 1], [0, -1], [-15, -2], [2, -23], [3, -6], [0, -4], [3, -5], [1, -6], [3, -5], [7, 0], [6, 2], [7, 0], [1, -2], [0, -1], [-3, 1], [-4, 0], [-4, -2], [-8, 0], [-3, -1], [0, -4], [4, -4], [3, 0], [6, 3], [2, 2], [4, 1], [2, 0], [0, -1], [-5, -3], [-5, -2], [-2, -2], [-5, 0], [1, -5], [2, -2], [0, -3], [6, 2], [0, -5], [3, -5], [0, -8], [-1, -2], [0, -8], [2, -5], [1, -11], [1, -5], [3, -5], [0, -3], [4, -7], [0, -5], [4, -4], [3, 0], [0, -5], [3, -1], [1, -2], [3, 0], [1, -5], [3, 0], [0, -4], [4, -1], [5, -7], [1, -3], [4, -26], [12, -1], [-1, -3], [-11, 1], [2, -10], [0, -5], [1, -2], [4, -12], [2, -7], [2, -5], [3, -3], [9, -6], [0, -1], [-4, 2], [-3, 2], [-2, 2], [-1, -1], [3, -9], [2, 0], [3, -8], [3, -5], [3, -3], [3, -6], [2, -5], [2, -3], [3, -2], [2, -1], [2, -4], [4, -4], [4, -7], [1, -1], [0, -3], [1, -3], [1, -27], [16, -39], [1, -1], [2, -4], [7, -8], [2, -4], [1, -1], [1, -3], [0, -1], [-1, -1], [-1, 0], [-2, -2], [-1, -2], [0, -5], [2, -4], [2, -3], [3, -5], [0, -9], [2, -7], [4, -10], [2, -2], [2, 0], [1, -1], [2, -1], [0, -1], [8, 4], [1, 0], [1, -1], [4, -11], [0, -1], [-1, -1], [-7, -5], [1, -2], [0, -1], [-1, -2], [-1, -1], [0, -3], [1, -2], [8, -20], [2, -2], [1, -2], [3, -1], [2, -1], [20, 0], [9, -2], [-1, -1], [-9, 2], [-3, -1], [-6, -1], [-20, 0], [-1, 1], [-1, 2], [-2, 5], [-2, -2], [3, -6], [1, -1], [2, -1], [21, 0], [8, -2], [1, -1], [-1, 0], [-9, -6], [1, -2], [7, -7], [5, -7], [2, -7], [2, -8], [3, -5], [5, -11], [3, -5], [3, -10], [3, -6], [2, -5], [6, -9], [4, -9], [6, -12], [0, -1], [3, -5], [5, -9], [6, -8], [5, -5], [5, -9], [2, -2], [4, -7], [-1, -3], [2, -5], [4, -15], [4, -9], [1, -4], [2, -5], [2, -3], [3, -4], [2, -3], [3, -5], [1, -3], [3, -5], [2, -2], [3, -7], [4, -7], [2, -5], [3, -5], [3, -3], [1, -3], [6, -12], [3, -10], [2, -6], [2, -4], [4, -5], [1, -3], [4, -10], [1, -3], [2, -5], [2, -3], [2, -2], [11, 6], [0, 0], [-11, -8], [-1, -1], [0, -1], [2, -4], [1, -3], [15, -30], [4, -7], [2, -6], [2, -2], [2, -4], [2, -2], [1, -2], [5, -5], [2, -3], [3, -4], [5, -6], [3, -2], [4, -4], [1, 0], [1, -1], [1, -2], [0, -1], [1, -2], [0, -4], [1, -1], [2, -1], [1, -4], [-1, -1], [0, -1], [1, -1], [1, -2], [1, -1], [3, -2], [5, -5], [3, -1], [8, -5], [4, -2], [8, -3], [2, 0], [2, -1], [3, -2], [1, -1], [2, -1], [3, -1], [5, -3], [28, -10], [2, -1], [16, -5], [8, -3], [2, 0], [3, -3], [2, -1], [1, -2], [2, -2], [1, -2], [1, -1], [6, -8], [2, -4], [1, -4], [4, -6], [4, -7], [3, -4], [3, -5], [1, -2], [1, -1], [0, -2], [1, -1], [1, -3], [3, -6], [1, -3], [2, -2], [1, -2], [1, -3], [1, -1], [1, -3], [1, -4], [1, -3], [0, -1], [2, -6], [2, -3], [1, -3], [2, -5], [3, -8], [0, -2], [2, -3], [2, -6], [3, -8], [1, -3], [2, -9], [1, -6], [2, -5], [1, -5], [1, -7], [1, -6], [1, -3], [0, -15], [1, -3], [0, -5], [1, -17], [0, -8], [-1, -3], [-1, -1], [0, -10], [1, -7], [1, -8], [4, -9], [3, -7], [0, -2], [1, -5], [2, -5], [3, -6], [2, -5], [1, -3], [0, -4], [1, -3], [1, -5], [1, -6], [0, -2], [1, -2], [1, -4], [1, -2], [5, -15], [4, -7], [1, -2], [3, -8], [4, -7], [3, -6], [5, -9], [2, -4], [5, -6], [2, -3], [2, -2], [2, -3], [2, -2], [3, -4], [2, -2], [1, -2], [3, -2], [1, -2], [2, -1], [5, -5], [2, -1], [12, -12], [3, -2], [2, -3], [4, -2], [5, -3], [3, -3], [3, -1], [15, -7], [1, -1], [6, -3], [1, -5], [3, -1], [1, -1], [4, -1], [0, -3], [8, -2], [0, -3], [4, 0], [1, -3], [1, -2], [-1, -23], [1, -10], [2, -3], [1, -13], [3, -6], [1, -12], [0, -5], [6, -14], [0, -8], [-4, -27], [-3, -9], [-8, -71], [-3, 0], [2, -35], [3, -5], [-1, -4], [3, -2], [3, -1], [1, -6], [3, -1], [1, -2], [3, -1], [0, -3], [4, -1], [0, -4], [3, 0], [3, -5], [5, -11], [0, -13], [-3, -1], [-2, -4], [-4, -16], [-1, -10], [-2, 0], [-3, -38], [-4, -13], [-1, -1], [-1, 0], [0, 1], [1, 1], [-2, 35], [-2, 3], [-1, 9], [3, 8], [0, 10], [-4, 6], [0, 3], [-2, 4], [-6, 9], [-9, 0], [0, 26], [1, 0], [0, -3], [3, 0], [2, 10], [-1, 6], [-3, 0], [-1, 1], [-3, 1], [0, 5], [-2, -2], [-1, 4], [1, 1], [1, 4], [1, 0], [2, 3], [-3, 1], [-2, 4], [1, 1], [0, 5], [-1, 1], [-4, 0], [-2, -3], [-3, 0], [-2, 2], [1, 10], [0, 13], [2, 0], [1, 21], [5, 20], [1, 21], [-2, 6], [-2, 1], [-3, 3], [-9, 4], [-2, 1], [-17, 0], [-9, -4], [-1, -18], [-2, -2], [-1, -8], [-3, 0], [-2, -8], [-1, -5], [-2, 2], [-3, 10], [7, 75], [-2, 4], [-3, 1], [-2, 6], [-5, 5], [-3, 6], [0, 30], [-2, 6], [-1, 2], [0, 3], [-3, 7], [0, 3], [-4, 8], [0, 3], [-4, 10], [-2, 3], [-3, 8], [-4, 5], [-2, 0], [-1, 5], [-7, 8], [-2, 8], [-3, 4], [0, 5], [-1, 1], [-3, 10], [-6, 6], [-18, 1], [-22, -8], [-3, 0], [-4, -3], [-3, -4], [-7, -3], [-2, -3], [-3, -1], [0, -3], [-3, 0], [-2, -10], [2, -17], [1, -3], [1, -8], [-5, -2], [-6, -1], [1, 10], [1, 4], [-6, 2], [0, 3], [-3, 0], [1, 7], [-3, 4], [-3, 1], [-1, 3], [-1, 1], [-1, 4], [-2, 0], [0, 3], [-3, 0], [1, 2], [-2, 9], [2, 0], [-2, 7], [0, 6], [-5, 5], [-2, 7], [-2, 3], [-2, 10], [-1, 1], [-1, 5], [-5, 1], [-2, 3], [-1, 3], [-4, 1], [-2, 4], [-3, 4], [-3, 0], [-3, -2], [-9, 0], [-8, 3], [-13, 0], [-5, -2], [-10, 0], [0, 3], [-6, -3], [-1, 0], [-3, 4], [-2, 4], [0, 1], [2, 2], [-1, 10], [4, 0], [1, 9], [1, 2], [3, 8], [-2, 13], [-3, 4], [-4, 3], [-2, 4], [-4, 3], [-10, 4], [-1, 3], [-1, 1], [-7, 3], [0, 3], [-1, 1], [-7, 2], [0, 3], [-4, 3], [-4, 1], [0, 3], [-8, 1], [0, 4], [-8, 2], [-1, 2], [-16, 1], [-7, -5], [-1, 0], [-4, 4], [-1, 5], [0, 5], [-1, 5], [0, 5], [-2, 5], [0, 5], [-5, 14], [-2, 8], [-4, 10], [-1, 2], [-1, 8], [-3, 3], [-3, 5], [-3, 8], [-5, 10], [-1, 3], [-2, 0], [-1, 3], [-2, 3], [-11, 5], [1, 4], [-3, 8], [0, 5], [-3, 8], [-2, 5], [-5, 4], [-3, 3], [-11, 0], [-12, -5], [-1, -2], [-3, 0], [-1, -1], [-4, -2], [-4, -3], [-4, -5], [-5, -2], [-4, -5], [-6, -3], [-8, -3], [-4, -4], [-13, -3], [-7, -3], [-1, 5], [4, -1], [-1, 5], [-1, 0], [-6, 1], [0, 3], [8, 4], [2, 8], [-3, 13], [-4, 5], [0, 5], [-4, 8], [-1, 3], [-3, 0], [0, 10], [-2, 1], [-2, 6], [-5, 1], [-1, 5], [-3, 5], [-3, 1], [-1, 7], [-2, 2], [-4, 1], [0, 3], [-2, 2], [0, 3], [-8, -5], [-5, -29], [0, -12], [-1, -1], [0, -15], [1, -2], [1, -5], [3, 0], [1, -2], [5, -1], [2, -3], [1, -5], [4, -1], [2, -5], [4, -1], [1, -2], [8, -3], [1, -2], [3, 1], [0, -3], [4, 0], [2, -6], [3, -4], [0, -3], [-3, -3], [-2, -30], [-1, -1], [4, -2], [2, -3], [1, -18], [3, -5], [2, -8], [1, -2], [1, -5], [2, -2], [6, -2], [1, -1], [3, -1], [0, -3], [3, -3], [3, -10], [1, -9], [0, -2], [2, -1], [2, -2], [0, -4], [1, -2], [1, -1], [2, -3], [1, -1], [0, -2], [2, -3], [1, -4], [-1, -1], [2, -4], [0, -4], [1, -3], [1, -4], [1, -2], [1, 0], [5, -5], [0, -6], [1, -4], [0, -4], [1, -1], [1, -4], [0, -4], [1, -5], [2, -2], [1, -2], [2, -2], [1, -2], [1, -3], [4, -2], [3, -1], [4, -2], [3, -2], [2, -4], [2, -8], [1, -3], [2, -5], [5, -5], [5, -6], [2, -2], [1, -2], [2, -3], [2, -1], [3, -2], [2, -2], [3, 0], [6, -4], [1, -2], [5, -4], [2, -2], [2, -3], [4, -5], [6, -4], [5, -2], [1, -2], [4, -4], [2, -3], [6, -4], [2, -4], [5, -5], [2, -1], [1, -1], [2, -1], [1, -1], [3, -4], [3, -6], [4, -6], [2, -4], [5, -4], [2, 0], [1, -1], [8, 2], [1, 1], [2, 1], [7, 4], [0, -1], [2, -4], [1, 0], [1, -2], [1, -1], [1, 0], [0, -3], [1, 0], [1, -1], [-1, -2], [1, -2], [0, -1], [1, -1], [2, -1], [1, -1], [1, -2], [1, -1], [0, -2], [-2, 0], [-2, -1], [-2, -2], [-9, -6], [-2, -1], [-1, -2], [-3, -2], [-1, -1], [0, -3], [2, -8], [1, -9], [2, -1], [0, -5], [2, -5], [7, -13], [1, -3], [4, -4], [14, 1], [4, 2], [9, 1], [8, 6], [-2, 5], [2, 3], [-1, 25], [2, 3], [3, 10], [-1, 7], [-4, 0], [0, 1], [7, 1], [1, -1], [2, 5], [0, 5], [-2, 7], [0, 14], [-2, 5], [-1, 2], [-1, 3], [4, 0], [2, 20], [1, 1], [0, 15], [8, 3], [1, 9], [4, 1], [1, 7], [1, 3], [1, 7], [8, -4], [2, -3], [0, -3], [5, -2], [3, -5], [1, -3], [5, -6], [3, 0], [0, -8], [9, -4], [0, -24], [-2, 0], [0, -7], [-1, -3], [1, -26], [2, -3], [0, -17], [1, -1], [2, -10], [1, -3], [0, -4], [3, -4], [0, -5], [4, -4], [6, -1], [0, -3], [4, -1], [1, -2], [3, -1], [0, -3], [3, 0], [2, -5], [0, -8], [1, -1], [1, -5], [2, 0], [2, -7], [0, -6], [-1, -4], [0, -6], [3, -8], [5, -6], [2, -6], [2, -4], [2, -3], [-3, -9], [-7, -9], [-1, -8], [-2, -2], [-2, -10], [0, -2], [4, -3], [-1, -2], [-1, 0], [1, 2], [-4, 2], [-2, -1], [-1, -3], [1, -2], [-3, -4], [-2, 2], [-2, -1], [-1, 2], [-2, 0], [-3, -2], [-4, -7], [-4, -9], [-3, -6], [-1, -6], [1, -5], [0, -1], [1, -4], [7, -13], [1, -6], [0, -3], [5, -10], [10, -10], [1, -5], [4, -5], [1, -8], [-3, 0], [-1, -11], [6, -18], [2, -5], [4, -13], [2, -4], [5, -5], [5, -6], [5, -4], [2, -3], [2, -5], [1, -4], [0, -2], [1, -4], [1, -3], [-1, -1], [0, -1], [2, -3], [1, -1], [2, -1], [4, -4], [0, -4], [3, -7], [4, -6], [7, -16], [2, -4], [5, -8], [4, -8], [1, -5], [4, -1], [1, -1], [3, -1], [0, -3], [8, -2], [0, -3], [4, 0], [0, -3], [4, -2], [0, -3], [4, -1], [2, -2], [2, 0], [0, -4], [7, -2], [3, -3], [6, -3], [0, -3], [9, -2], [2, -4], [6, -2], [0, -3], [8, -4], [5, -1], [3, -8], [8, -4], [8, 2], [0, -3], [8, -2], [0, -5], [3, 0], [2, -4], [3, 0], [1, -5], [2, -4], [4, -9], [1, -10], [1, -5], [0, -18], [1, -3], [0, -3], [2, -4], [0, -6], [1, -5], [1, -2], [0, -5], [3, -6], [3, -20], [1, -1], [0, -5], [3, -8], [3, -5], [2, -3], [1, -4], [3, 0], [1, -5], [4, -1], [4, -5], [0, -3], [3, 0], [5, -7], [1, -3], [4, -5], [5, -15], [2, -1], [5, -15], [2, -1], [0, -4], [1, -1], [4, -13], [5, -7], [1, -3], [3, -3], [4, -1], [1, -2], [11, -5], [13, -2], [0, -3], [7, 0], [1, -5], [3, -1], [8, -10], [7, -4], [5, -2], [3, -3], [7, -1], [0, -3], [2, -1], [6, -5], [41, -6], [8, 1], [0, -4], [8, -2], [2, -2], [8, 0], [1, -1], [14, -7], [2, -3], [6, -1], [1, -2], [3, -1], [2, -3], [0, -3], [3, -10], [8, -7], [3, -1], [0, -2], [-8, 1], [-3, -2], [-4, 0], [-4, -3], [-4, 0], [-1, -2], [-7, -3], [-7, -8], [-2, -1], [-1, -3], [-1, -2], [-1, -3], [-3, 0], [-2, -12], [2, -6], [4, -2], [1, -5], [8, -3], [0, -3], [7, -8], [1, -5], [7, -8], [3, -15], [3, -5], [0, -15], [4, -32], [2, -7], [1, -5], [4, -4], [3, 0], [1, -5], [11, -6], [11, -2], [0, -4], [4, -4], [4, 0], [2, -4], [0, -3], [3, -1], [10, -11], [2, -1], [0, -3], [3, -3], [3, 0], [0, -4], [2, -1], [0, -3], [4, -1], [4, -5], [15, -7], [1, -1], [5, -1], [2, -3], [1, -2], [1, -3], [4, -2], [2, -6], [4, -7], [0, -5], [12, -40], [7, -20], [7, -1], [0, -4], [8, -1], [0, -4], [3, 0], [0, -3], [3, 0], [2, -3], [1, -7], [8, -17], [3, -12], [0, -6], [2, -17], [2, -3], [1, -10], [3, -5], [1, -5], [8, -4], [1, -1], [7, -3], [0, -3], [6, -2], [4, -5], [3, -2], [4, -5], [7, -3], [8, -1], [0, -3], [8, -1], [0, -4], [4, -1], [5, -10], [4, -5], [5, -11], [0, -4], [3, -3], [0, -8], [1, -5], [0, -5], [3, -14], [0, -5], [4, -7], [0, -5], [5, -6], [1, -4], [3, -2], [4, -1], [2, -3], [4, -11], [1, -2], [4, -13], [6, -4], [11, -2], [5, 2], [18, -2], [8, -3], [4, 0], [4, 2], [4, -1], [3, -5], [1, -3], [3, -2], [13, -7], [3, -3], [3, -1], [3, -6], [0, -7], [3, -5], [-1, -5], [-4, 0], [1, -5], [2, 0], [0, 4], [2, 0], [0, -10], [6, -15], [0, -3], [3, -7], [2, -13], [-2, -5], [-5, -6], [0, -5], [1, -2], [0, -4], [3, -4], [1, -5], [3, -3], [3, -5], [1, -14], [1, -5], [-1, -15], [1, -3], [5, -6], [8, 0], [7, -3], [3, -3], [2, -1], [2, -3], [-1, -23], [-1, -4], [0, -8], [1, -1], [1, -4], [2, -2], [4, -1], [2, -5], [7, -2], [1, -2], [16, -2], [0, -3], [9, 2], [0, 9], [-3, 5], [-3, 3], [0, 4], [-1, 1], [-6, 15], [-1, 1], [-1, 7], [-2, 2], [0, 4], [-1, 2], [0, 3], [1, 2], [0, 3], [2, 0], [0, 10], [4, 0], [1, 3], [1, 2], [2, 5], [0, 15], [-2, 1], [-2, 10], [-4, 6], [-5, 7], [0, 5], [-2, 6], [0, 4], [-2, 3], [-2, 21], [-3, 3], [-3, 5], [-2, 5], [0, 3], [1, 2], [0, 15], [-2, 6], [-2, 5], [0, 5], [-4, 6], [0, 4], [-4, 8], [-3, 18], [0, 6], [-3, 7], [-5, 24], [-2, 2], [-2, 8], [-6, 7], [-19, 2], [-9, -2], [-4, -3], [-7, -3], [-1, -3], [-2, -2], [-5, -3], [-1, -3], [1, -13], [4, -4], [8, 1], [1, -8], [6, 0], [0, -4], [4, 0], [0, -3], [6, -11], [2, -5], [3, -5], [7, -11], [0, -7], [-1, -1], [-2, 0], [-4, 4], [-2, 5], [-1, 3], [-6, 3], [-8, 1], [0, 3], [-5, 1], [-3, 1], [-8, 10], [-2, 1], [-1, 3], [-4, 3], [-2, 8], [-3, 1], [-3, 8], [-3, 22], [-3, 5], [0, 15], [2, 0], [1, 10], [3, 5], [0, 5], [3, 0], [0, 9], [3, 0], [0, 7], [2, 3], [1, 21], [-2, 22], [-1, 4], [-1, 2], [-2, 16], [-2, 13], [-2, 2], [-1, 5], [-4, 5], [-3, 8], [-3, 3], [-2, 10], [-3, 3], [0, 4], [-5, 6], [-4, 8], [-3, 10], [-4, 5], [0, 3], [-3, 3], [-2, 7], [-3, 1], [-5, 6], [-3, 2], [-4, 5], [-4, 3], [-2, 1], [-1, 3], [-1, 1], [-6, 1], [-2, 2], [-7, 2], [0, 7], [-7, 8], [0, 3], [-1, 3], [-2, 12], [-1, 3], [-3, 25], [14, 5], [20, 1], [31, -4], [22, 10], [5, 7], [3, 1], [4, 10], [0, 6], [-1, 5], [-4, 6], [0, 4], [-4, 5], [-1, 4], [4, -1], [0, -3], [3, -1], [1, -2], [7, -2], [1, -7], [3, 0], [3, -5], [2, -6], [2, -3], [1, -4], [7, -7], [2, -1], [1, -3], [4, -8], [0, -3], [1, -2], [3, -3], [1, -5], [7, -8], [1, -4], [4, -1], [3, -10], [2, -2], [6, -3], [0, -1], [-1, -54], [-8, 1], [0, 4], [2, 1], [1, 8], [-5, 6], [-13, 2], [-4, -2], [-6, -7], [-3, -2], [-2, -7], [-3, 0], [-2, -11], [0, -15], [8, -21], [3, -2], [2, -1], [0, -3], [8, -1], [8, -3], [3, -4], [5, -2], [1, -7], [3, -4], [0, -4], [8, -26], [1, -1], [1, -5], [3, 0], [4, -7], [1, -3], [7, -2], [2, -4], [7, -3], [10, -1], [-2, -3], [7, -1], [5, -5], [3, 0], [1, -5], [3, -3], [3, 0], [3, -5], [1, -4], [4, -1], [3, -5], [8, -20], [3, -3], [5, -13], [3, -3], [1, -3], [2, 0], [0, -5], [3, -3], [3, -1], [2, -3], [0, -3], [4, -4], [3, -1], [2, -6], [4, -2], [2, -3], [2, -7], [2, 0], [4, -5], [0, -3], [4, -4], [3, -1], [1, -5], [4, -1], [0, -4], [3, 0], [1, -4], [4, -2], [3, -3], [0, -4], [16, -8], [2, -2], [40, -8], [17, 2], [16, -3], [12, -1], [2, -3], [0, -4], [4, -8], [1, -3], [3, -1], [4, -5], [5, -3], [3, -3], [5, -3], [9, -11], [1, -3], [5, -4], [3, -1], [0, -3], [4, -1], [4, -3], [2, -4], [6, -2], [0, -3], [7, -2], [1, -7], [4, -4], [3, 0], [0, -4], [1, 0], [4, -4], [3, -1], [0, -3], [3, -5], [4, -5], [2, -8], [7, -3], [0, -5], [8, -3], [0, -3], [4, -2], [2, -3], [1, -3], [2, -1], [2, -2], [2, -1], [2, -5], [4, 0], [1, -2], [3, -1], [0, -3], [5, -2], [4, -5], [7, -3], [1, -6], [4, -2], [2, -3], [1, -3], [3, 0], [0, -4], [4, -2], [4, -5], [2, -1], [0, -3], [3, 0], [1, -3], [4, -5], [0, -3], [5, -7], [4, -6], [3, -5], [0, -4], [6, -1], [0, -3], [3, -1], [1, -2], [3, -1], [0, -5], [7, -11], [3, -5], [0, -3], [2, -3], [3, -15], [0, -7], [1, -3], [-1, -24], [-1, -1], [-5, -3], [3, 5], [1, 15], [-1, 0], [-1, -3], [-1, -1], [-2, 1], [-3, -20], [2, -1], [1, 1], [1, 0], [0, -1], [-1, -1], [1, -14], [2, -12], [-1, -40], [1, -10], [2, -2], [0, -3], [8, -9], [3, -1], [0, -3], [3, 0], [0, -3], [3, -1], [1, -2], [5, -2], [6, -8], [1, -3], [3, 0], [6, -9], [5, -11], [3, -5], [5, -16], [2, -2], [2, -10], [2, -1], [0, -3], [1, -4], [3, -21], [4, -16], [0, -3], [4, -12], [3, -32], [0, -43], [5, -19], [7, -13], [3, -5], [2, -5], [0, -4], [2, -3], [4, -5], [8, -16], [5, -6], [3, -5], [0, -4], [4, -1], [2, -5], [4, -5], [3, -10], [1, -1], [2, -8], [3, -4], [2, -10], [0, -3], [2, -1], [5, -15], [4, -18], [3, -5], [0, -3], [9, -18], [2, -5], [1, -2], [4, -14], [0, -2], [-1, -1], [0, -10], [2, -8], [0, -4], [2, -1], [5, -17], [0, -3], [1, -2], [6, -14], [0, -5], [1, -3], [2, -15], [-2, -2], [0, -14], [-1, -5], [-1, -2], [-2, -6], [0, -1], [-3, -1], [-2, -10], [-1, -1], [-2, -22], [3, -19], [3, -5], [4, -12], [0, -4], [4, -7], [1, -13], [-3, 0], [2, -21], [4, -8], [-1, -22], [-2, -3], [0, -6], [-3, 0], [-1, -5], [-1, -2], [-1, -3], [-2, 0], [-2, -7], [-4, -5], [-7, -13], [-3, -5], [-3, -19], [-2, 0], [0, -10], [-3, 0], [-1, -7], [-4, -11], [-1, -2], [-3, -8], [-4, -5], [-2, -5], [-2, -1], [-1, -5], [-4, -8], [-3, -20], [2, -5], [0, -6], [1, -5], [1, -17], [2, -8], [1, -3], [3, -39], [4, -15], [0, -5], [8, -31], [3, -3], [5, -15], [0, -3], [3, -5], [1, -6], [3, -3], [8, -20], [3, -3], [2, -7], [7, -8], [1, -3], [7, -8], [1, -4], [4, -2], [5, -6], [6, -4], [2, -3], [3, -1], [1, -5], [8, -3], [0, -3], [3, 0], [0, -3], [5, -2], [2, -5], [4, -4], [2, -1], [0, -3], [8, -3], [0, -3], [3, -3], [3, -1], [0, -3], [4, -8], [3, -3], [1, -5], [3, -4], [1, -3], [4, -1], [1, -4], [2, -5], [3, -4], [4, -5], [8, -18], [4, -5], [5, -18], [2, -2], [4, -19], [2, -5], [0, -3], [3, -5], [3, -10], [3, -28], [1, -6], [-1, -12], [-2, 0], [2, -24], [1, -7], [-1, -1], [1, -12], [3, -8], [-2, -8], [2, -26], [-1, -13], [-2, -1], [-1, -1], [-1, -29], [-2, -2], [-1, -10], [-1, -1], [-2, -7], [-1, -1], [0, -7], [1, -2], [2, -8], [-2, -11], [-3, -10], [-3, 1], [-6, -4], [0, -4], [-3, 0], [-1, -3], [0, -1], [-3, 0], [0, -4], [-5, -5], [-3, -2], [-4, -5], [-6, -3], [-4, -4], [-4, -5], [-3, 0], [0, -4], [-3, 0], [0, -5], [-3, -3], [-3, -8], [-1, -21], [5, -15], [2, -8], [2, -5], [3, -8], [1, -10], [2, -3], [0, -3], [2, -5], [5, -20], [4, -5], [2, -14], [4, -5], [3, -8], [1, -2], [3, -8], [1, -2], [2, -6], [1, -2], [7, -19], [1, -2], [1, -7], [-3, 0], [1, -4], [4, -9], [1, -9], [3, -12], [1, -3], [2, -20], [1, -3], [0, -57], [1, -5], [0, -13], [2, -5], [1, -19], [2, -4], [0, -3], [1, -2], [3, -13], [4, -8], [2, -8], [4, -8], [2, -8], [1, -2], [1, -5], [2, -1], [4, -17], [3, -2], [3, -1], [0, -3], [2, -1], [2, -2], [3, 0], [0, -4], [2, -2], [3, -1], [3, -5], [3, -6], [3, -17], [-2, -4], [-3, -1], [-3, 0], [-2, -4], [-4, -3], [-4, -2], [-1, -4], [-1, -11], [-4, -6], [-2, -1], [-4, -4], [-3, -6], [-3, -1], [0, -10], [-2, 0], [0, -10], [-3, 0], [1, -1], [0, -30], [-2, 0], [-1, -9], [-1, -2], [1, -13], [4, -2], [0, -4], [1, -1], [1, -5], [-2, 2], [-1, 3], [-3, 2], [0, -3], [3, -4], [1, -6], [6, -7], [0, -3], [1, -3], [4, -5], [1, -3], [2, -3], [15, -4], [1, -5], [3, 0], [6, -8], [1, -3], [2, -2], [3, -1], [0, -3], [3, 0], [1, -5], [5, -6], [10, 0], [5, 3], [3, 0], [1, 2], [7, 3], [4, 4], [12, -1], [0, -2], [1, -11], [4, -1], [3, -3], [5, 0], [2, 1], [2, -1], [-2, 10], [-3, 4], [-6, 3], [-2, 6], [-4, 7], [-5, 6], [-3, 8], [-4, 4], [-1, 5], [-3, 4], [-2, 4], [-3, 5], [-3, 4], [-1, 5], [-4, 5], [-1, 5], [-3, 3], [-4, 13], [-1, 2], [1, 10], [3, 3], [1, 7], [1, 1], [1, 7], [0, 15], [-1, 4], [-3, 30], [-1, 3], [0, 5], [-2, 8], [3, 0], [0, 18], [2, 2], [0, 9], [3, 0], [0, 7], [3, -2], [0, 4], [4, 2], [4, 5], [4, 2], [10, -1], [5, -7], [1, -3], [4, 0], [0, -3], [2, 0], [4, -5], [2, -7], [3, -3], [5, -19], [2, -2], [2, -10], [2, -1], [-1, -4], [7, -4], [2, -3], [7, -3], [5, -1], [5, -6], [3, -9], [3, -3], [0, -5], [4, -4], [3, -1], [2, -6], [4, -5], [0, -5], [3, -5], [2, -3], [0, -3], [4, -15], [2, -2], [0, -3], [5, -6], [1, -5], [2, -3], [3, -1], [2, -3], [1, -3], [5, -4], [3, -1], [0, -3], [4, -1], [4, -5], [14, -7], [0, -3], [4, -9], [0, -3], [3, -6], [0, -4], [6, -8], [6, -24], [4, -7], [0, -5], [4, -9], [2, -4], [4, -18], [4, -6], [0, -3], [6, -7], [4, -8], [0, -3], [3, 0], [2, -5], [6, -3], [2, -9], [6, -3], [4, -10], [1, -1], [0, -3], [-1, -2], [3, 0], [2, -7], [1, -1], [2, -17], [2, -3], [0, -3], [4, -8], [6, -10], [0, -5], [1, -1], [1, -4], [2, 0], [3, -16], [3, 0], [4, -15], [2, 0], [1, -3], [3, -5], [-2, 0], [0, -1], [2, 0], [0, -4], [6, -1], [1, -10], [6, -2], [-2, -5], [4, 0], [2, -6], [2, -3], [3, 0], [2, -5], [0, -4], [3, -3], [2, -6], [4, -4], [6, -5], [4, -1], [2, -7], [1, -6], [5, -2], [2, -3], [1, -3], [8, -4], [1, -2], [6, -2], [0, -7], [4, -4], [4, -1], [0, -3], [5, 0], [1, -3], [1, -2], [1, -6], [4, -5], [1, -4], [4, -4], [5, -2], [2, -5], [1, -15], [1, -3], [0, -5], [-1, -1], [4, -2], [4, -7], [0, -3], [3, 0], [3, -11], [2, -2], [1, -8], [2, -11], [4, -4], [3, -1], [-1, -4], [1, -26], [3, -9], [3, -4], [0, -5], [3, 0], [5, -6], [0, -3], [6, -3], [2, -3], [3, -1], [1, -3], [-1, -2], [5, -1], [0, -4], [4, -1], [0, -5], [4, -4], [3, -1], [2, -8], [1, -2], [3, -14], [0, -2], [5, -2], [0, -3], [3, 0], [8, -15], [3, -9], [1, -18], [2, -4], [0, -6], [2, -7], [4, -16], [0, -10], [-5, -5], [-4, -27], [0, -41], [-1, -2], [-3, -26], [-1, -3], [0, -43], [1, -8], [0, -1], [2, -3], [3, -3], [3, -1], [0, -6], [4, -5], [0, -4], [4, -6], [0, -5], [4, -7], [3, -6], [3, -3], [0, -5], [2, -5], [2, -7], [5, -6], [2, -7], [3, 0], [3, -4], [2, -15], [4, -5], [0, -5], [4, -6], [0, -4], [6, -1], [0, -4], [8, -2], [1, -2], [5, -1], [2, -2], [9, -2], [28, 2], [4, 2], [4, 0], [17, 6], [4, 4], [16, -4], [2, -7], [8, -1], [0, -4], [5, 0], [2, -3], [1, -3], [6, -1], [3, -3], [7, -3], [0, -3], [4, -4], [2, -1], [2, -5], [4, 0], [0, -3], [2, 0], [5, -16], [0, -8], [3, -4], [-1, -10], [3, -2], [4, -2], [4, -4], [4, -2], [5, -5], [4, -1], [0, -3], [8, -2], [0, -3], [3, 0], [-2, -3], [3, -1], [1, -2], [3, 0], [0, -4], [7, -1], [2, -5], [0, -7], [-1, -1], [3, 0], [-1, -26], [1, -4], [-3, 0], [-1, -24], [2, -8], [4, -10], [2, -3], [3, -4], [1, -5], [1, -21], [1, -3], [-1, -8], [0, -7], [-2, 0], [-1, -5], [-2, -4], [-3, -1], [-2, -19], [1, -19], [0, -4], [1, -4], [1, -1], [1, -2], [2, -5], [1, -5], [0, -2], [2, -8], [2, -4], [1, -5], [2, -4], [2, -5], [0, -1], [-1, -1], [1, -2], [2, -6], [1, -1], [0, -1], [2, -5], [3, -6], [2, -5], [4, -7], [2, -4], [8, -8], [2, -4], [1, -3], [4, -8], [1, -3], [0, -2], [2, -1], [0, -1], [2, -2], [0, -2], [1, -2], [3, -3], [1, -2], [3, -3], [10, -5], [2, -3], [1, 0], [3, -1], [7, -1], [1, -1], [0, -7], [1, -2], [1, -1], [-1, -3], [0, -3], [1, -5], [0, -3], [1, -2], [0, -2], [1, -2], [1, -1], [0, -2], [1, -4], [1, -5], [1, -3], [0, -2], [1, -5], [2, -5], [0, -9], [-1, -1], [0, -3], [-2, -2], [0, -1], [-1, -6], [0, -2], [-1, -1], [0, -2], [-1, -1], [0, -4], [-1, -5], [-1, -4], [-1, -3], [0, -4], [-1, -5], [0, -5], [-1, -1], [0, -5], [-1, -3], [0, -3], [1, -3], [0, -2], [1, -5], [1, -10], [1, -2], [0, -2], [-1, -1], [0, -2], [-2, -2], [0, -2], [-1, -3], [-2, -4], [0, -18], [-1, -3], [1, -3], [1, -5], [1, -4], [0, -2], [1, -6], [0, -1], [-1, -2], [2, -13], [2, -12], [1, -3], [1, -2], [2, -5], [1, -2], [0, -12], [2, -6], [0, -3], [1, -3], [0, -10], [1, -4], [0, -4], [1, -6], [2, -10], [3, -5], [1, -5], [0, -2], [1, -2], [0, -8], [-1, -1], [0, -1], [2, -1], [1, -2], [0, -8], [1, -1], [1, -2], [0, -1], [-1, -2], [0, -1], [1, -6], [2, -2], [0, -3], [-1, -1], [1, -3], [0, -2], [1, -4], [2, -3], [1, -2], [3, -2], [1, -4], [2, -3], [3, -4], [6, -6], [2, -4], [3, -3], [3, -6], [1, -1], [1, -2], [0, -2], [1, -2], [2, -2], [2, -4], [1, 0], [1, -2], [2, -3], [3, -4], [2, -6], [9, -19], [2, -2], [1, -8], [0, -5], [1, -2], [0, -11], [3, -13], [0, -28], [7, -41], [4, -14], [0, -5], [2, -11], [2, 0], [2, -4], [0, -11], [2, -1], [3, -1], [1, 0], [2, 2], [2, 1], [0, -1], [-1, -1], [-4, -2], [-4, 0], [-1, -2], [2, -15], [2, -8], [1, -1], [3, -2], [1, -6], [12, -3], [-2, 12], [3, 3], [1, 7], [3, 5], [0, 5], [3, 2], [3, 4], [1, 3], [3, 5], [4, 7], [1, 7], [3, 6], [5, 7], [3, 5], [0, 9], [3, 7], [3, 4], [4, 3], [9, 6], [5, 3], [11, 11], [3, 5], [4, 4], [1, 5], [4, 5], [1, 14], [2, 0], [2, 5], [4, 2], [1, 3], [1, 0], [2, -3], [6, 1], [3, 4], [8, 1], [2, 1], [2, 0], [4, -1], [4, 1], [3, 3], [-1, 5], [2, 0], [4, -10], [3, -2], [11, -4], [24, 0], [8, 2], [7, 3], [4, 0], [0, -1], [48, -104], [5, -9], [31, -60], [33, -65], [33, -66], [34, -76], [34, -75], [36, -82], [38, -85], [32, -77], [32, -76], [33, -82], [34, -84], [39, -92], [34, -82], [35, -83], [20, -53], [28, -34], [73, -57], [12, -14], [18, -15], [33, -28], [26, -20], [22, -19], [19, -15], [23, -21], [40, -33], [19, -16], [19, -11], [21, -10], [47, -25], [55, -27], [39, -16], [38, -16], [52, -20], [94, -37], [60, -22], [38, -16], [28, -10], [66, 15], [5, 1], [24, 7], [45, 5], [55, 8], [32, 6], [42, 9], [28, 16], [44, 27], [39, 5], [45, 8], [32, 6], [46, 10], [36, 9], [37, 10], [34, 10], [38, 14], [33, 13], [24, 9], [23, 9], [30, 10], [32, 13], [50, 0], [20, -1], [23, 1], [37, -2], [38, 2], [3, -1], [3, -4], [8, 0], [7, 4], [1, 1], [12, 7], [2, 0], [4, 3], [4, 1], [0, 1], [-2, 0], [0, 2], [2, 0], [-1, 3], [4, 1], [1, 2], [8, 3], [4, 5], [4, 1], [0, 5], [4, 4], [3, 0], [-1, 9], [4, 2], [4, 5], [5, 2], [1, 1], [7, 1], [1, 2], [-1, 8], [12, 5], [1, 2], [7, 3], [3, 4], [2, -1], [0, 3], [4, 1], [3, 3], [3, -1], [4, 10], [6, 7], [0, 4], [-2, 2], [1, 7], [8, 0], [3, 3], [1, 3], [1, 1], [7, 0], [7, 3], [1, 2], [3, 1], [1, 1], [5, 3], [3, 3], [7, 3], [2, 3], [3, 0], [5, 4], [8, 3], [9, 7], [0, 3], [-1, 2], [0, 2], [2, 6], [0, 3], [-1, 2], [0, 7], [-2, 1], [0, 2], [1, 0], [6, -6], [4, -1], [-2, -3], [6, 1], [2, -1], [2, 3], [1, 4], [3, -2], [0, 5], [2, 1], [-2, 12], [-1, 3], [-5, 6], [-10, -1], [1, 7], [3, 0], [4, 14], [2, 2], [0, 3], [4, 1], [4, 5], [3, 1], [0, 3], [1, 1], [4, 0], [4, 2], [0, 13], [-5, 4], [-3, 1], [0, 5], [-2, 1], [-5, 6], [-2, 4], [-7, 3], [-1, 2], [-4, 1], [-2, 3], [-1, 11], [3, 0], [1, 15], [6, 4], [5, 1], [3, 4], [2, 1], [2, 9], [2, 2], [0, 3], [3, 0], [1, 10], [4, 1], [2, 1], [10, 6], [2, 10], [1, 19], [3, 0], [5, 2], [0, 3], [4, 2], [3, 5], [2, 8], [6, 4], [4, 5], [12, 5], [1, 1], [11, 4], [13, 0], [8, 2], [0, 3], [3, 1], [2, 3], [10, 4], [6, 1], [4, 3], [4, 5], [16, 7], [2, 1], [10, 4], [2, 7], [2, 0], [2, 10], [6, 11], [4, 16], [1, 2], [1, 7], [2, 0], [8, 10], [3, 1], [1, 3], [2, 5], [4, 5], [1, 5], [7, 4], [4, 5], [2, 1], [2, 3], [1, 3], [4, 4], [3, 1], [2, 7], [4, 4], [2, 9], [2, 0], [0, 3], [4, 4], [3, 1], [1, 5], [6, 5], [2, 1], [1, 21], [-1, 2], [-1, 13], [3, 0], [2, 3], [0, 8], [-3, 10], [0, 15], [-2, 5], [-3, 11], [-6, 6], [-4, 2], [-2, -1], [-1, -1], [-1, 0], [-1, 1], [-2, 1], [-2, 2], [1, 1], [1, 2], [2, 10], [2, 2], [1, 8], [-2, 4], [0, 6], [1, 3], [2, 4], [0, 2], [-1, 0], [0, 2], [-7, 7], [0, 1], [3, 1], [3, 2], [4, 2], [0, 1], [1, 1], [-1, 2], [3, 0], [3, -1], [2, 0], [2, 1], [1, 1], [-1, 0], [0, 1], [1, 1], [1, 0], [5, -1], [2, -1], [1, 1], [0, 2], [1, 0], [0, -1], [1, 0], [0, -1], [1, 0], [0, 1], [1, -1], [2, 0], [0, 1], [1, -1], [1, 0], [0, -1], [1, -1], [1, 1], [2, -2], [9, 0], [3, -2], [1, -1], [0, -3], [1, -1], [0, -3], [-1, -1], [0, -2], [-1, -1], [-1, -2], [0, -2], [-2, 0], [0, -2], [-1, -1], [-1, 1], [0, -1], [-1, 0], [-1, -1], [-1, 1], [-1, 0], [-1, -1], [-1, -2], [0, -2], [1, -5], [1, -4], [1, -2], [2, 0], [1, 1], [2, -2], [1, 0], [1, -1], [0, -2], [1, -3], [1, -2], [3, -1], [2, -3], [2, -2], [3, -2], [2, -2], [0, -2], [1, -3], [-1, -2], [1, -1], [1, -2], [2, -2], [3, -2], [2, -2], [4, -1], [2, 1], [1, 1], [0, 5], [1, 0], [1, -1], [2, -6], [0, -1], [2, -2], [3, -1], [1, 1], [0, 1], [1, 0], [2, -2], [3, 1], [2, 1], [0, 5], [1, 2], [1, 1], [1, 3], [-1, 4], [6, -4], [4, -2], [14, 1], [2, -7], [3, -3], [0, -7], [3, -5], [0, -4], [12, -1], [7, 2], [0, 3], [3, 0], [0, 25], [4, 1], [7, 15], [0, 5], [-5, 4], [-4, 3], [1, 8], [-1, 8], [7, -2], [1, 5], [6, -2], [0, -3], [4, -1], [5, -3], [8, 1], [-1, 8], [4, -2], [1, -6], [5, 0], [0, 3], [-2, 2], [0, 3], [10, -2], [-1, -11], [7, -2], [0, 4], [2, 0], [2, -4], [7, -19], [4, -2], [1, -2], [0, -8], [1, -1], [3, -10], [1, -2], [1, -3], [4, -2], [0, -3], [4, -1], [1, -2], [3, 0], [1, -4], [-1, 0], [-4, -1], [0, -7], [3, -2], [4, -1], [0, 3], [2, 0], [3, -5], [-3, 0], [-1, -23], [5, 0], [1, 9], [3, 0], [1, -17], [-2, 1], [-2, 2], [-2, 0], [-2, -3], [-1, -3], [-3, 0], [0, -10], [2, -6], [-3, 0], [1, -5], [2, -3], [2, -7], [8, -3], [4, -12], [2, -13], [-8, -1], [-4, -2], [0, -3], [-3, 1], [0, -3], [-4, 0], [-1, -34], [2, -3], [0, -4], [1, -1], [0, -15], [2, -3], [0, -7], [2, -1], [1, -5], [3, -5], [2, -3], [1, -4], [12, -2], [4, 1], [5, 0], [6, 3], [2, 8], [3, 1], [3, 3], [4, 2], [1, 1], [3, 1], [2, 3], [1, 12], [-3, 5], [0, 3], [-5, 5], [-1, 5], [-2, 1], [-2, 4], [0, 8], [2, 1], [24, -2], [1, -2], [3, -1], [2, 12], [3, -3], [1, 0], [2, 2], [1, 0], [5, -5], [6, 0], [1, -2], [4, 0], [1, 7], [-2, 1], [-1, 5], [-2, 3], [4, 0], [2, -8], [2, 0], [-1, 3], [1, 5], [4, 1], [0, -2], [1, -1], [0, -1], [-1, 0], [-1, 1], [1, -8], [5, 2], [1, -2], [-1, -3], [3, 0], [1, 1], [-1, 9], [3, 0], [0, -9], [9, -1], [1, 5], [4, 6], [1, 13], [-7, 5], [0, 13], [6, -2], [5, -6], [1, -3], [5, 0], [1, -5], [6, -2], [0, 5], [2, 0], [4, -7], [1, -4], [1, -2], [1, -3], [2, 0], [2, -7], [6, -6], [2, -12], [1, -10], [-8, 2], [1, -10], [3, -11], [4, -4], [3, -1], [-1, -5], [1, -3], [2, 0], [-1, -7], [7, -3], [0, -3], [1, 0], [1, 4], [2, 2], [1, 0], [0, -2], [-1, 0], [0, -6], [3, 2], [-1, -5], [7, -8], [4, -3], [9, 0], [1, -1], [2, 7], [0, 9], [5, 2], [-1, 2], [1, 5], [1, 0], [2, -9], [4, -1], [3, -5], [1, -3], [2, 0], [2, -5], [-6, 0], [0, -2], [3, -1], [3, -2], [0, 3], [2, 0], [2, -7], [2, 0], [0, -4], [2, 0], [0, 3], [4, -4], [9, 0], [5, -3], [1, -1], [0, -18], [-2, 0], [-1, 3], [-1, 1], [-5, 0], [-2, -6], [1, -8], [-4, 1], [-3, -4], [-1, 0], [-1, 1], [-2, 3], [-1, 0], [-5, -3], [-2, -3], [-3, -8], [-2, -3], [-1, 1], [-3, 2], [-1, -3], [-3, -3], [-7, -1], [0, -3], [-2, -1], [-3, -3], [-1, 0], [-2, 3], [-1, 5], [-8, -2], [-1, -3], [0, -1], [-3, 0], [-3, 3], [-5, 0], [-3, -3], [-2, 0], [-4, -5], [-5, -2], [-2, -9], [-3, 0], [1, -4], [-1, -5], [0, -8], [4, -1], [2, -2], [1, 0], [1, 2], [4, 0], [3, -4], [1, 0], [3, 3], [-1, -3], [-3, -4], [0, -8], [-8, -1], [0, 4], [-3, 0], [0, 4], [-5, -3], [-1, -1], [-3, -1], [0, 5], [-9, 4], [-1, -1], [-3, 0], [-1, 1], [-3, 0], [0, 1], [-1, -1], [-5, 0], [-2, -1], [-8, 0], [-1, -1], [-2, 0], [0, 1], [-1, 0], [0, 1], [-1, 1], [-2, 0], [-2, 2], [1, 0], [-1, 1], [0, 1], [-3, 0], [-1, -1], [-2, 0], [-2, -2], [-1, 0], [0, -1], [-1, 0], [-2, -2], [0, -1], [-1, -1], [0, -2], [1, -1], [0, -1], [2, -2], [0, -3], [1, 1], [0, 0], [1, 0], [-1, -1], [0, -2], [-1, 0], [0, -2], [1, 0], [0, -1], [-1, 0], [0, 1], [-1, 1], [-1, 0], [0, -1], [-1, 0], [0, -1], [-1, 0], [0, -1], [-1, -1], [0, -1], [-1, -1], [-1, -2], [0, -2], [-1, -2], [0, -1], [-1, -1], [0, -1], [-1, 0], [-1, 1], [-1, 0], [-2, 1], [-3, 1], [-1, 0], [0, 1], [2, 0], [1, -1], [3, -1], [1, 0], [1, -1], [1, 1], [1, 4], [-1, 0], [1, 1], [-1, 0], [0, -1], [-4, 2], [1, 4], [-4, 3], [-10, 5], [-7, 0], [0, -1], [-1, 0], [-1, -1], [-3, -2], [-1, -1], [0, -1], [-1, 0], [-2, -2], [-2, 0], [-3, 3], [-1, 0], [-2, -2], [-2, -1], [-1, 0], [-1, -1], [-1, 0], [0, -1], [-2, 0], [0, 1], [-1, 2], [0, 2], [-2, 0], [-8, 2], [-4, 5], [-6, -1], [-3, -4], [-5, -3], [-6, -6], [-5, -3], [-1, -3], [-2, -3], [-1, -4], [-3, 0], [-3, -4], [-1, -4], [-6, -6], [-2, -5], [-3, -5], [-1, -5], [-4, -5], [-2, -5], [-1, -1], [-3, -8], [-1, -2], [-1, -5], [-2, -2], [-5, -19], [-3, -28], [1, -8], [3, -5], [1, -6], [6, -2], [0, 3], [3, 0], [0, -3], [3, 0], [0, -2], [2, -1], [-1, -9], [-3, 0], [-1, 7], [-4, -1], [-1, -1], [-4, -2], [-8, 2], [-8, 5], [-2, 0], [-4, -5], [-2, -4], [-3, 0], [0, -4], [-3, 0], [-2, -6], [0, -7], [-3, 1], [-2, 6], [-4, 3], [0, 5], [1, 1], [4, 0], [4, -3], [3, 5], [1, 7], [-3, 1], [-4, 3], [-1, 2], [5, 2], [-2, 4], [-3, -1], [-1, 3], [0, 1], [-7, 1], [0, 3], [-9, 0], [-1, -1], [-1, 1], [-6, 0], [-3, 1], [-5, -1], [-6, -1], [1, -2], [0, -3], [-3, -2], [-16, -7], [-6, -6], [-2, -1], [-4, -7], [-1, -3], [-5, -7], [-7, -11], [-4, -8], [-4, -10], [-3, -6], [0, -12], [-2, -4], [-2, -7], [-1, -8], [-1, -2], [-3, -11], [-1, -10], [-3, -12], [0, -14], [2, -13], [2, 0], [1, -4], [4, -6], [1, -23], [-6, -2], [-1, -14], [-3, 0], [-3, -13], [0, -4], [-5, -4], [-2, -22], [-2, -5], [-2, -2], [-12, -5], [-10, 0], [-2, -2], [0, -3], [-3, 1], [0, -3], [-4, 0], [0, 5], [-13, -7], [-1, -3], [-1, -1], [-2, -1], [-2, -6], [-3, -3], [-3, -10], [-3, -1], [-5, -6], [-2, -4], [-3, -9], [-1, -1], [-4, -15], [-2, -2], [-4, -16], [-4, -1], [-1, 0], [-2, -15], [-1, 1], [-3, 0], [-5, -5], [-7, 1], [-11, -1], [-2, -3], [-3, -1], [-1, -3], [-7, -5], [-2, -2], [-1, -5], [-3, -3], [-3, -6], [-3, -1], [-2, -8], [-3, -4], [-4, -2], [-2, -5], [-7, -28], [-5, -6], [-2, 0], [-2, 2], [-23, 5], [-30, -1], [0, -3], [-4, -1], [-4, -3], [-5, -7], [-3, 0], [-2, -7], [-8, -8], [-2, -4], [-4, -1], [0, -3], [-3, -3], [-1, -4], [-2, 0], [-1, -3], [-3, -6], [-3, 0], [-1, -4], [-4, -2], [-4, -3], [-4, -6], [-8, -10], [0, -3], [-4, -1], [-4, -4], [-2, -4], [-6, -5], [-4, -5], [-9, -5], [-6, 0], [0, -4], [-4, -4], [-4, -1], [-5, -7], [-5, -3], [-4, -4], [-2, -4], [-2, -1], [-1, -3], [-3, -8], [-3, 0], [0, -4], [-3, 0], [0, -3], [-6, -5], [-1, -3], [-3, -4], [-3, -2], [-4, -5], [-3, -1], [-3, -4], [-3, -10], [-3, -1], [-9, -11], [-5, -9], [-3, -9], [-3, -1], [-2, -7], [-2, -2], [-3, -1], [0, -3], [-2, -2], [0, -5], [-3, 0], [-1, -6], [-2, -5], [-6, -21], [-1, -2], [-1, -10], [-2, -1], [0, -7], [-1, -1], [-5, -38], [-2, -3], [-2, -13], [-1, 0], [3, 29], [-2, 0], [-2, -6], [-2, -2], [0, 6], [-1, 1], [-5, 1], [0, 5], [2, 0], [2, 3], [0, 6], [-6, -1], [-3, -21], [0, -7], [-3, -4], [-2, -14], [-2, -1], [-2, -7], [-3, 4], [-1, 3], [-2, -1], [-1, -1], [-2, -26], [-3, 0], [0, 7], [-4, -4], [-2, -4], [-7, -5], [-3, -4], [-2, -31], [-4, -22], [-6, -4], [-2, -3], [0, -3], [-3, 0], [0, -2], [5, 0], [1, -8], [-2, -4], [-3, -2], [-2, 0], [-1, 1], [-1, 7], [-1, 0], [-3, -13], [0, -9], [2, 0], [0, 5], [2, 3], [4, 1], [6, 0], [1, 11], [7, 2], [3, -13], [0, -28], [-2, -3], [-6, -36], [-2, 0], [-1, -8], [-1, -4], [-4, -21], [-2, -1], [-6, -7], [-2, -3], [0, -13], [2, -1], [2, -2], [2, -1], [2, -9], [-3, -1], [-1, -2], [-11, -2], [0, -4], [3, -2], [2, -1], [2, -10], [0, -5], [-5, -6], [0, -2], [2, -6], [5, 0], [4, -5], [2, -8], [2, -2], [-1, -5], [-4, 0], [-1, 3], [-2, 3], [-6, 1], [-1, 5], [-2, 2], [-1, 0], [-1, -1], [0, -3], [3, -3], [0, -4], [3, -2], [11, -6], [0, -3], [2, -2], [7, 0], [-1, -5], [2, -3], [0, -6], [1, -8], [-2, 0], [0, 4], [-3, 0], [0, 4], [-9, 1], [-3, -11], [-2, 2], [-3, 1], [1, -6], [4, -7], [0, -5], [-2, 1], [-2, 3], [-1, 3], [-7, 0], [2, 10], [-2, 0], [0, -5], [-2, -3], [-4, -3], [-14, -3], [-2, -3], [-6, -5], [-2, -4], [-5, -4], [-2, -4], [-4, -1], [-1, -6], [-4, -18], [0, -1], [-2, 0], [-2, 4], [0, 7], [2, 1], [1, 18], [-1, 9], [-2, 0], [-5, -2], [-2, -8], [-6, -7], [-4, -8], [0, -5], [2, 0], [3, -10], [2, 0], [0, -3], [4, -2], [2, -8], [2, -1], [1, -28], [-1, -1], [-2, -1], [-2, 7], [-2, 18], [0, 1], [-2, 0], [-2, -4], [0, -5], [-3, 0], [-1, 1], [0, 5], [-3, 9], [-5, 0], [-4, -8], [-4, -1], [0, -3], [-5, 0], [-1, -5], [-1, -1], [-2, -1], [-1, -9], [-1, -4], [2, -11], [5, 2], [1, 2], [3, 1], [3, 10], [-1, 8], [1, 8], [6, 2], [0, -4], [7, -2], [1, -2], [4, -1], [3, -11], [0, -7], [4, -11], [3, -3], [3, -10], [-1, -8], [-1, 0], [0, 3], [-3, 1], [-1, 1], [-4, 2], [-4, -1], [0, -3], [-3, 2], [1, -5], [1, -2], [0, -3], [3, -3], [1, -9], [1, -1], [2, -31], [5, -28], [-1, -24], [-9, 0], [-3, -7], [0, -11], [-4, -1], [-4, -3], [2, 9], [1, 6], [-2, -2], [1, -3], [-3, -1], [-1, 0], [0, -9], [1, -1], [-3, 0], [0, -7], [-3, -3], [0, -15], [1, -3], [1, -10], [-3, 2], [0, -3], [-5, 0], [1, -13], [2, -7], [1, -13], [4, -8], [0, -5], [-4, 3], [-1, -3], [1, -7], [-6, 0], [1, 4], [-4, 6], [-1, 8], [-1, 2], [-1, 3], [3, 0], [0, 8], [-2, 20], [-1, 0], [-3, -21], [-5, -2], [-1, -3], [0, -1], [-4, 1], [2, -3], [0, -4], [-2, 0], [-1, -3], [-1, 1], [-1, 0], [-1, -1], [0, -1], [4, -7], [0, -2], [-2, -4], [0, -15], [2, 0], [0, 3], [1, 1], [5, -1], [3, -11], [-7, 1], [0, -8], [3, 0], [0, -3], [6, -3], [0, -4], [2, -1], [15, -18], [3, 3], [-2, 6], [-2, 14], [7, 0], [3, 2], [5, -1], [0, -3], [9, -6], [9, -3], [4, -5], [3, -1], [2, -3], [3, -5], [0, -3], [4, -8], [1, -5], [7, -9], [0, -3], [8, -1], [3, 0], [3, 2], [9, 5], [3, 3], [11, 7], [3, 1], [5, 3], [3, 2], [4, 3], [1, 2], [2, 2], [3, 2], [1, 2], [2, 0], [-1, 4], [-1, 0], [-6, -8], [-4, -2], [-2, -3], [-7, -2], [-4, -2], [-1, 1], [2, 3], [9, 6], [7, 4], [2, 4], [1, 1], [1, 2], [16, 7], [18, 2], [2, 3], [3, 1], [1, 5], [7, -1], [28, -12], [6, -1], [0, 4], [4, 4], [2, 0], [1, -2], [7, -3], [1, -2], [8, -3], [1, -2], [19, -6], [2, 0], [2, 1], [0, -4], [33, -6], [61, -3], [14, 2], [19, 8], [1, 1], [11, 5], [1, 2], [3, -1], [2, 3], [0, 5], [-1, 2], [3, 0], [1, 6], [8, 4], [3, 4], [4, 3], [3, 1], [2, 3], [0, 3], [3, 3], [3, 0], [1, 5], [4, 2], [0, 3], [3, 0], [3, 8], [3, 4], [2, 8], [2, 1], [1, 7], [1, 2], [0, 6], [2, -2], [1, 4], [4, 5], [7, 11], [4, 11], [1, 2], [1, 5], [2, 2], [1, 8], [4, 11], [4, 8], [7, 8], [3, 7], [-3, 0], [0, 2], [6, 2], [2, 3], [3, 3], [2, 1], [7, 3], [2, 2], [2, 1], [4, 3], [1, 1], [8, 4], [1, 1], [6, 3], [3, 2], [1, 3], [1, 1], [4, 2], [5, 1], [13, 0], [1, 1], [5, -1], [7, 0], [3, 1], [3, 2], [1, 1], [5, 1], [3, 1], [3, 3], [3, 2], [2, 3], [0, 1], [-1, 3], [2, 3], [-1, 1], [0, 2], [-4, 4], [1, 3], [3, 0], [7, -10], [12, -5], [12, -2], [0, -4], [20, -7], [2, -2], [23, -5], [2, -1], [20, 0], [4, 1], [10, 2], [11, -1], [4, 0], [3, 1], [4, 0], [2, 2], [23, 0], [5, 2], [2, 3], [-1, 3], [0, 4], [-1, 1], [1, 2], [3, 1], [1, -2], [3, 2], [3, 0], [1, -2], [7, -7], [1, 0], [7, 11], [0, -1], [-6, -10], [2, -2], [0, 1], [2, -1], [6, 8], [3, -2], [0, -1], [-1, 0], [0, 1], [-2, 1], [-5, -7], [0, -1], [3, -3], [1, 0], [-1, -1], [2, 0], [3, -2], [-1, -3], [-1, 0], [-3, -1], [-1, -3], [-2, -1], [0, -4], [2, -4], [2, -3], [3, -3], [3, 0], [1, 1], [1, -6], [3, 0], [0, -7], [2, -1], [2, -2], [8, -4], [9, -4], [36, -5], [21, -1], [7, 0], [3, 1], [8, 0], [2, 1], [2, 6], [5, 0], [3, -1], [3, 1], [1, -2], [2, -7], [0, -6], [2, -6], [2, -3], [2, -5], [4, -4], [3, -2], [4, -1], [7, -3], [12, -2], [9, -4], [1, -1], [10, -2], [2, -2], [4, -1], [4, -3], [6, -2], [2, 1], [0, -7], [-1, 0], [-1, 3], [0, 1], [-7, 2], [-1, 1], [-8, -1], [-1, -1], [-1, -6], [4, -5], [6, -2], [0, -3], [6, -1], [1, -2], [7, -1], [4, -4], [7, 1], [0, -3], [-7, -1], [-1, 1], [0, -3], [12, -1], [2, -3], [-1, 7], [3, 0], [3, -7], [-1, -10], [4, -1], [2, -3], [1, -4], [8, -3], [0, -3], [9, -2], [0, -3], [4, 0], [1, -5], [3, 0], [1, -12], [2, -3], [3, -5], [4, -8], [3, -11], [3, 0], [0, -7], [2, -2], [6, -3], [0, -6], [9, -9], [7, -3], [0, -3], [9, -3], [0, -4], [3, -1], [1, -1], [3, -1], [-1, -7], [-2, -3], [0, -3], [2, -3], [0, -8], [10, -5], [2, -20], [4, -2], [4, -13], [2, -3], [-3, 0], [2, -7], [2, -3], [1, -3], [3, -1], [4, -3], [2, -3], [10, -9], [5, 0], [1, -5], [4, 1], [1, -1], [-1, -4], [3, 0], [-1, -18], [2, -1], [0, -4], [4, -1], [1, -5], [-2, -1], [-1, -1], [0, -5], [3, -5], [2, -6], [2, -3], [3, 0], [2, -4], [1, -3], [5, -2], [3, -4], [1, -5], [4, -4], [5, -3], [-1, -5], [7, -8], [1, -5], [2, -2], [6, -3], [0, -3], [8, -3], [1, -1], [8, -4], [4, 0], [22, -8], [27, 0], [21, -3], [10, 1], [16, 0], [16, 1], [6, 1], [5, 1], [2, 1], [3, 2], [4, 2], [2, 0], [2, -1], [6, 0], [4, 2], [3, -1], [4, 3], [4, 2], [3, 1], [6, 4], [6, 3], [0, 1], [1, 0], [1, -1], [5, 1], [7, -3], [7, -2], [5, 1], [0, 21], [1, 1], [0, -24], [1, 2], [1, 1], [3, 1], [4, 2], [3, 1], [4, 3], [10, 6], [1, 3], [3, 3], [4, 3], [1, 2], [1, 1], [0, 1], [1, -2], [1, 0], [1, -1], [0, -3], [1, -2], [1, -1], [2, 0], [0, -79], [1, -666], [1, -58], [35, -54], [238, -376], [519, -814], [766, -1224], [1149, -1870], [824, -1330], [595, -964], [546, -886], [7, -11], [24, -4], [3520, -541], [1543, -245], [705, -113], [1609, -261], [153, -24], [238, -41], [705, -117], [744, -123], [524, -89], [940, -156], [222, -39], [249, -43], [42, -7], [280, -48], [151, -26], [90, -15], [335, -58], [175, 262], [51, 77], [12, 18], [13, 19], [1, -2], [7, 11], [9, 13], [41, 61], [16, 17], [9, 10], [0, 2], [2, 0], [0, -1], [3, 2], [8, -17], [1, -1], [1, -3], [13, -26], [35, -73], [80, -165], [78, -162], [96, -201], [103, -213], [112, -231], [77, -161], [95, -197], [118, -246], [110, -228], [112, -233], [122, -254], [126, -261], [155, -344], [61, -126], [48, -100], [41, -82], [97, -185], [118, -245], [194, -405], [41, -86], [119, -248], [-69, -273], [-34, -136], [-34, -137], [-70, -276], [-68, -271], [-34, -135], [-35, -138], [-34, -135], [-35, -140], [-35, -139], [-37, -150], [-65, -259], [-168, -698], [-115, -430], [-52, -245], [-198, -758], [-27, -106], [-49, -199], [-1, -4], [-2, -6], [-41, -165], [-3, -21], [-26, -94], [-41, -166], [-44, -220], [-18, -30], [-36, -143], [-21, -86], [-40, -161], [-28, -112], [-51, -205], [-54, -257], [-41, -167], [-59, -235], [-41, -167], [-51, -205], [-48, -190], [-59, -240], [-60, -240], [-131, -526], [-50, -201], [-143, -548], [-41, -195], [-47, -187], [-107, -410], [-75, -304], [-116, -473], [-5, -22], [-41, -163], [-79, -323], [-27, -108], [-65, -266], [-68, -277], [-55, -224], [-81, -328], [-68, -280], [-22, -91], [-4, -13], [-54, -24], [-244, -109], [-373, -167], [-286, -127], [-57, -26], [-343, -153], [-323, -144], [-293, -131], [-58, -25], [-357, -160], [-254, -113], [-373, -167], [-38, -17], [-198, -88], [-240, -107], [-246, -110], [-244, -109], [-243, -109], [-253, -113], [-271, -121], [-270, -121], [-258, -115], [-264, -118], [-371, -166], [-385, -172], [-157, -70], [-146, -66], [-248, -111], [-319, -142], [-268, -120], [-1, -1], [-238, -106], [-66, -30], [-179, -80], [-234, -105], [-244, -109], [-247, -111], [-378, -169], [-817, -365], [-2334, -1047], [-1918, -860], [-79, -35], [-49, -12], [-274, -64], [-66, -15], [-181, -42], [-252, -59], [-247, -57], [-250, -58], [-384, -90], [-1016, -236], [-3028, -706], [-1545, -214], [-320, -44], [-1222, -170], [-1397, -193], [-572, -80], [-2815, -390], [-2205, -1426], [-291, -193], [-1913, -1234], [-394, -649], [-395, -650], [-789, -1301], [-588, -971], [-589, -972], [-630, -2113]], [[61269, 4673], [2, 27], [4, 87], [5, 97], [5, 94], [5, 92], [4, 91], [67, 1313], [68, 1321], [53, 1048], [147, 1514], [190, 1963], [164, 1680], [221, 2265], [183, 1952], [192, 1749], [5, 13]], [[62584, 19979], [269, 2908], [249, 2439], [208, 2073], [212, 1901], [282, 2610], [265, 2835], [894, 9132], [189, 1363], [98, 1021], [-3, 701], [6, 611], [-98, 734], [-89, 432], [-162, 449], [-243, 526], [-230, 347], [-603, 712], [-656, 831], [-402, 373], [-582, 472], [-310, 215], [-313, 303], [-67, 112], [-87, 189], [-46, 204], [-47, 417], [-47, 1242], [21, 843], [15, 1027], [44, 523], [6, 128], [-13, 143], [-8, 248], [3, 447], [22, 261], [-8, 143], [-1, 158], [7, 152], [-48, 841], [-5, 395], [3, 681], [-8, 136], [4, 164], [-21, 403], [-21, 278], [-17, 143], [-36, 163], [-38, 127], [-76, 134], [-105, 95], [-97, 71], [-224, 119], [-103, 60], [-123, 49], [-666, 326], [-105, 43], [-219, 59], [-104, 48], [-96, 151], [-47, 136], [-58, 130], [-99, 106], [-94, 121], [-98, 113], [-93, 122], [-100, 93], [-104, 113], [-93, 121], [-102, 123], [-101, 94], [-105, 35], [-108, 2], [-269, -69], [-216, -70], [-119, -29], [-118, -8], [-205, 15], [-124, 55], [-112, 60], [-107, 83], [-321, 276], [-319, 305], [-317, 276], [-193, 157], [-99, 69], [-102, 63], [-210, 83], [-100, 33], [-102, 18], [-111, 10], [-226, 7], [-211, -12], [-225, 12], [-217, 41], [-104, 63], [-193, 162], [-110, 111], [-253, 286], [-205, 285], [-93, 144], [-83, 145], [-94, 121], [-104, 63], [-337, 11], [-122, 12], [-120, 43], [-104, 45], [-109, 64], [-448, 327], [-114, 64], [-348, 229], [-303, 223], [-106, 94], [-114, 123], [-55, 128], [-30, 138], [-25, 137], [-38, 291], [-41, 139], [-59, 135], [-88, 143], [-328, 657], [-17, 430], [-51, 120], [-42, 68], [-113, 91], [-55, 52], [-54, 38], [-47, 33]], [[66707, 74627], [2, 9], [2, 1], [4, 5], [4, 1], [2, 5], [3, 0], [-1, 5], [4, 4], [7, 5], [8, 10], [3, 1], [2, 3], [1, 4], [2, 0], [4, 5], [1, 3], [8, 10], [1, 3], [3, 0], [0, 2], [-1, 15], [4, 1], [8, 10], [0, 4], [13, 3], [0, 3], [4, 7], [2, 7], [3, 0], [0, 3], [-22, -10], [-1, -1], [-6, 0], [0, 4], [6, 1], [19, 10], [1, 2], [3, 0], [4, 3], [5, 1], [1, 2], [1, 3], [4, 4], [2, 1], [2, 5], [10, 10], [0, 3], [3, 0], [1, 18], [-3, 2], [-4, 1], [0, 3], [-20, 1], [-3, -2], [-6, 0], [0, 4], [-1, 1], [-10, 2], [0, -2], [-8, -1], [-2, -1], [-10, 0], [0, 4], [4, 4], [9, 0], [46, -7], [16, 1], [2, 3], [1, 9], [1, 0], [2, -4], [1, -3], [3, -1], [1, -1], [3, -1], [2, -6], [2, -2], [2, -7], [-10, -3], [0, -3], [-5, -1], [-4, -4], [-4, -1], [-4, -5], [-4, -2], [-5, -7], [-4, -4], [-2, -4], [-3, -2], [-3, -4], [-1, -3], [-2, -1], [-3, -2], [-2, -5], [-6, -10], [-4, -7], [-2, -3], [-2, -7], [-3, 0], [-1, -3], [-2, -3], [-1, -4], [-3, 0], [0, -3], [-4, -7], [-4, -5], [-7, -13], [-4, -5], [-7, -11], [-4, -9], [0, -3], [-3, 0], [-2, -7], [-4, -8], [-7, -11], [0, -5], [-3, -1], [-3, -6], [-5, -5], [1, 3], [2, 5], [0, 5], [2, 2], [0, 5], [1, 1], [3, -1], [3, 13], [2, 2], [0, 3], [-2, 0], [-1, -3], [-2, -3], [-5, -2], [0, -4], [-3, 0], [0, -3], [-3, -1], [-2, -3], [-5, -3], [-1, -3], [-3, 0], [-2, -7], [-2, -1]], [[66758, 74903], [1, 0], [0, 4], [3, 0], [1, -13], [3, -10], [1, -2], [0, -5], [3, -8], [0, -5], [-3, -5], [-3, -1], [1, 6], [-3, 1], [-2, 4], [0, 3], [2, 4], [-1, 16], [-2, 8], [-1, 0], [0, 3]], [[66762, 74374], [19, 8], [1, -1], [2, 1], [0, 1], [17, 7], [1, -4], [-17, -7], [-1, 1], [-2, -1], [0, -1], [-17, -7], [0, 1], [-2, 0], [0, 1], [-1, 1]], [[66797, 74344], [1, 1], [3, 1], [2, 1], [3, 1], [7, 0], [0, 1], [1, 1], [1, 0], [3, -1], [2, -2], [1, -2], [-1, -2], [0, -1], [-2, -1], [0, -1], [-1, 0], [3, 3], [0, 1], [-3, 0], [-1, -1], [-1, 0], [-1, -1], [-1, 1], [0, 3], [-1, 0], [-1, 1], [-2, 0], [-1, -1], [-4, 0], [-2, -1], [-2, 0], [-1, -2], [-2, 0], [0, 1]], [[67367, 73538], [1, 2], [3, 0], [4, 6], [1, 0], [0, -2], [-1, -3], [-6, -4], [-1, -1], [-1, 0], [0, 2]], [[67684, 73042], [4, -1], [0, -2], [-3, 0], [1, -2], [0, -1], [2, -2], [0, -4], [-1, -2], [-3, 0], [0, 1], [2, 1], [0, 4], [-2, 2], [0, 6]], [[67685, 73056], [3, 0], [1, 2], [4, 1], [0, -1], [1, -1], [2, 7], [1, 0], [0, -8], [-4, 0], [-1, 1], [-2, 0], [0, -1], [-1, 0], [-2, -9], [1, -4], [-2, 1], [-1, 12]], [[67852, 71166], [2, 1], [0, 4], [2, 0], [0, -5], [-1, -1], [1, 0], [1, -18], [1, -3], [4, -6], [1, -1], [0, -1], [-1, 0], [-1, 1], [-4, 3], [-3, 15], [0, 5], [-2, 6]], [[68054, 70970], [2, 2], [1, -5], [2, -4], [-1, -2], [3, -7], [-4, 3], [0, 6], [-3, 0], [0, 7]], [[69504, 69967], [1, 0], [0, 8], [4, 4], [4, 2], [8, 10], [15, 3], [7, 0], [4, -5], [3, -1], [11, -1], [1, -6], [5, -4], [4, -3], [2, -1], [2, -10], [3, 0], [0, -3], [5, -2], [1, -3], [-1, -3], [0, -30], [1, -3], [0, -6], [2, -4], [0, -13], [-1, -18], [-3, -9], [0, -14], [2, -3], [-2, -8], [-2, -2], [-5, -2], [-1, -2], [-12, -7], [0, -4], [-3, 2], [-1, -3], [-3, -3], [-8, -6], [-4, -1], [0, 1], [2, 0], [0, 10], [-5, 2], [-3, 4], [-10, -4], [-1, -1], [-7, -4], [-4, -3], [-4, -1], [-1, 11], [13, 7], [5, 7], [4, 10], [0, 19], [-2, 7], [0, 14], [-1, 5], [0, 5], [-2, 3], [-1, 10], [-4, 11], [-3, 10], [-2, 0], [-1, 13], [-1, 1], [-4, 1], [-1, 3], [-6, 5], [0, 5]], [[69550, 69312], [2, 13], [3, 7], [2, 13], [3, 5], [0, 5], [6, 2], [2, 3], [1, -7], [-2, 0], [0, -2], [-5, -1], [-2, -7], [-1, -13], [-2, 0], [-4, -18], [-3, 0]], [[69576, 69371], [5, 3], [1, -4], [-5, -1], [-1, 2]], [[69852, 69638], [2, 4], [1, 3], [5, 1], [6, 3], [2, 0], [7, 7], [7, 3], [1, 2], [3, 0], [5, 5], [3, 0], [3, 3], [5, 3], [2, 3], [1, 3], [5, 3], [8, 8], [7, 8], [3, 1], [1, 5], [4, 2], [0, 3], [3, 0], [1, 6], [-1, 1], [0, 1], [1, 0], [1, -1], [2, 0], [-2, 8], [-2, 0], [0, 1], [2, 0], [0, 2], [-2, 0], [0, 7], [9, -1], [1, 1], [0, -4], [3, 3], [2, 0], [1, -2], [1, 0], [6, 7], [2, 1], [0, 3], [3, 0], [0, 7], [8, 1], [0, -3], [3, -1], [1, -1], [3, 0], [1, 2], [6, 2], [2, 8], [9, 1], [1, 2], [4, 1], [1, -7], [2, -5], [3, -4], [3, -18], [2, -4], [0, -14], [-3, -7], [-1, -11], [-3, -15], [-3, 0], [-3, -12], [0, -9], [-2, -4], [0, -4], [2, -5], [-3, -22], [-7, -8], [1, 5], [-5, 11], [-18, 4], [-11, -5], [-2, -5], [-6, -3], [-3, -3], [-2, -1], [-1, 0], [-1, -5], [-2, 0], [-2, -7], [-1, -1], [-3, -1], [-3, -9], [-5, -5], [-4, -3], [-13, -2], [-4, -1], [-4, 0], [-3, -4], [-4, -1], [-3, -4], [-3, -1], [0, -3], [-2, 1], [-6, -3], [-1, 17], [-2, 8], [-3, 3], [-2, 5], [-2, 2], [-5, 3], [-6, 5], [-3, 4], [-1, 3], [-2, 1], [-1, 1], [0, 5], [2, 3], [0, 5], [-2, 5], [0, 3]], [[69928, 69997], [6, 4], [7, 1], [-1, -4], [-5, 0], [0, -1], [-7, -2], [0, 2]], [[69950, 69994], [3, -1], [7, 5], [4, 1], [1, 5], [-1, 0], [0, 6], [2, 2], [1, -15], [-1, -1], [-2, -7], [-3, 0], [0, -3], [-4, -6], [-2, 0], [-3, 2], [-2, 12]], [[70074, 68802], [2, 13], [1, 3], [2, 51], [4, 11], [5, 5], [3, 0], [2, 7], [-1, 26], [2, 7], [6, 4], [4, 5], [9, 5], [4, 3], [4, 0], [2, 2], [13, 5], [1, 2], [32, 1], [2, 3], [0, 4], [3, 0], [2, -4], [1, -14], [-1, 0], [0, -7], [-2, 0], [1, -32], [-2, -18], [-1, -4], [-4, -5], [-3, -8], [-2, -2], [-3, -1], [-1, -7], [-3, -1], [-2, -5], [-6, -3], [-7, -7], [-5, 0], [-4, 2], [-6, 0], [-4, -3], [-2, -4], [-12, -6], [-1, -3], [-2, -2], [-3, -1], [-4, -28], [-2, -2], [0, 4], [-3, -2], [-1, 5], [0, 1], [-7, -1], [-7, -7], [-1, 6], [0, 1], [-3, 1]], [[70155, 68673], [1, 3], [1, 10], [2, 2], [0, 3], [3, 1], [7, 8], [5, 3], [21, 2], [12, -6], [7, -5], [9, -6], [6, -5], [5, -2], [1, -11], [1, -1], [0, 15], [-4, 16], [-1, 2], [-2, 8], [-3, 6], [1, 4], [-3, 0], [2, 3], [-3, 0], [1, 6], [-6, 5], [-1, 13], [0, 2], [-5, -1], [-4, 6], [-3, 1], [0, 13], [2, 2], [0, 2], [-3, 3], [-1, 5], [-1, 0], [0, 3], [3, -3], [4, 4], [15, -2], [11, -6], [12, -4], [0, -3], [4, -3], [0, 3], [1, 0], [1, -2], [-1, -3], [3, 0], [1, -1], [0, -12], [3, -10], [3, 0], [2, -11], [3, -5], [0, -29], [-3, -1], [-2, -2], [-3, -22], [-4, -8], [-3, -4], [-3, -2], [-3, -4], [-1, -3], [-4, -1], [0, -1], [-1, -3], [-3, -1], [-1, -2], [-1, 0], [-1, 1], [1, 7], [0, 16], [-1, 3], [-2, 0], [-2, -18], [-4, -6], [-2, -4], [-7, -1], [-4, -1], [-11, 0], [-4, -4], [-3, 0], [-1, -1], [-1, 4], [-4, 4], [0, 4], [3, 10], [2, 3], [1, 5], [7, 0], [0, 3], [7, 0], [1, -5], [-4, 0], [1, -3], [-1, -16], [7, 0], [-1, 6], [1, 2], [2, 14], [-1, 1], [0, 1], [1, 0], [1, -1], [1, 0], [0, -5], [5, 0], [3, 5], [-4, 0], [-2, 8], [-4, -2], [0, 5], [-1, 1], [-4, 1], [0, 3], [-3, 1], [-10, 11], [-2, 0], [-7, 1], [-7, -3], [-2, 0], [-1, -2], [-4, 0], [0, -2], [6, -2], [-2, -11], [-1, -2], [0, -13], [3, 0], [0, -3], [-8, -2], [0, 3], [-3, 0], [-2, -4], [-5, 0], [-3, 6], [-4, 11], [0, 2]], [[70453, 68370], [1, 1], [1, 2], [6, 6], [2, 1], [0, 1], [2, 1], [1, 1], [3, 1], [1, 0], [1, 2], [0, 1], [3, 0], [2, -1], [1, 0], [2, 2], [2, 1], [1, 0], [2, 2], [0, 1], [2, 0], [-1, 1], [-2, 0], [0, 3], [-1, 1], [-1, 0], [1, 1], [1, -1], [1, 0], [1, -1], [2, -4], [1, -1], [0, -1], [-1, 0], [-1, -1], [-2, -1], [-4, -1], [-1, -1], [-2, 0], [-1, -1], [-2, -1], [-2, -4], [-2, -1], [-1, -1], [-6, -3], [-3, 0], [-4, -2], [-3, -3]], [[70797, 68311], [5, -1], [5, -2], [4, -10], [7, -8], [0, -3], [11, -11], [6, -5], [3, -3], [2, -1], [4, -6], [8, -31], [1, -19], [-2, -7], [2, -3], [-1, -10], [5, 0], [2, -5], [4, 0], [3, -5], [1, -3], [3, 0], [1, -6], [4, -2], [2, -6], [2, 0], [0, 8], [-3, 5], [-3, 3], [-4, 6], [-1, 15], [3, 0], [2, -3], [1, -10], [2, -2], [4, -8], [4, -24], [5, -11], [4, -9], [1, -1], [1, -3], [2, 0], [1, -4], [-3, -5], [-2, 0], [-3, 9], [-3, 4], [-5, 4], [-3, 4], [-1, 4], [-2, 13], [-5, 11], [-5, 4], [-4, 4], [0, -5], [-2, 0], [0, 3], [-4, 8], [-3, 3], [-4, 1], [-1, 2], [-3, 1], [1, 5], [1, 1], [1, 5], [-1, -1], [-11, 4], [-1, 0], [-1, 4], [-7, -1], [-5, 2], [0, -3], [-5, -3], [-2, -2], [-4, -12], [-3, -5], [0, -9], [4, -17], [-3, 1], [-1, 1], [-4, 18], [1, 10], [2, 1], [1, 5], [7, 13], [-1, 5], [2, 5], [0, 18], [-2, 3], [-8, 10], [-1, 3], [-7, 8], [-1, 8], [4, 2], [2, 7], [0, 8], [-5, 23], [-1, 0], [0, 3]], [[71044, 69236], [2, 3], [1, 3], [5, 3], [3, 3], [8, 5], [4, 0], [7, -2], [1, -5], [3, 0], [0, -3], [-1, 0], [0, -2], [-14, -1], [-2, -2], [-17, -2]], [[71250, 68036], [0, 3], [3, 3], [1, 2], [0, 1], [2, 4], [0, 3], [1, 1], [0, 1], [1, 2], [0, 1], [4, 6], [1, 2], [1, 1], [-1, 8], [1, 4], [2, 2], [0, 2], [1, 3], [2, 8], [3, 5], [3, 2], [2, 3], [1, 2], [1, 1], [0, 3], [1, 5], [-1, 10], [-1, 2], [1, 3], [0, 2], [4, 4], [1, 0], [1, -1], [6, 0], [5, -1], [2, 1], [0, -2], [1, -1], [1, -3], [1, -5], [1, -3], [0, -3], [-1, -4], [-1, -3], [-6, -12], [-2, -2], [-1, -3], [-1, -4], [-4, -12], [-4, -6], [-2, -5], [-3, -6], [0, -1], [-1, -2], [-1, -3], [0, -2], [-1, -5], [0, -6], [1, -1], [0, -13], [1, -5], [0, -13], [-2, -2], [0, -1], [-3, -2], [-2, -1], [-1, -1], [-2, -1], [-2, 0], [-4, -1], [-3, 1], [-4, 0], [0, 10], [-1, 2], [0, 2], [1, 4], [-1, 2], [0, 5], [-1, 1], [0, 2], [-1, 2], [0, 5]], [[71274, 68260], [1, 1], [0, 6], [2, 1], [3, 0], [2, -1], [1, 0], [2, -1], [1, -1], [2, 0], [1, -1], [2, -1], [4, -1], [4, -2], [2, 0], [1, -1], [2, 0], [1, -1], [3, 0], [2, -2], [2, 0], [3, -1], [2, -1], [2, 0], [1, -1], [2, 0], [2, -2], [12, -4], [2, 0], [1, -1], [2, -1], [1, -1], [2, -1], [2, 0], [2, -1], [1, -1], [2, 0], [1, -2], [3, -1], [2, -1], [3, -1], [2, -1], [1, 0], [1, -1], [0, -1], [3, -3], [1, 0], [0, -1], [1, -1], [6, 0], [1, -1], [0, -1], [2, 0], [2, -2], [1, -2], [1, 0], [0, -1], [2, 0], [0, -4], [1, 0], [1, -1], [-1, 0], [-2, 1], [-6, 0], [-1, 1], [-2, 0], [-3, 3], [-2, 0], [-2, 1], [-3, 2], [-5, 2], [-2, 0], [-2, 2], [0, 2], [-1, 0], [-1, -1], [-3, 0], [-1, -1], [-2, -1], [-1, 0], [0, -1], [-2, 0], [-1, 1], [0, 2], [-1, 1], [0, 2], [-2, 1], [-1, 0], [-4, 2], [0, 1], [-2, 1], [-1, 2], [0, 1], [-1, 1], [0, 1], [-1, 1], [-2, 1], [-2, 0], [-3, -3], [0, -1], [-2, 0], [0, 1], [-2, 2], [0, 2], [-1, 2], [0, 1], [-1, 1], [-1, 0], [-1, 1], [-1, 0], [-2, 2], [-1, -1], [-1, 0], [0, 1], [-2, 0], [-1, -2], [0, -3], [-2, -2], [-2, 0], [0, 1], [-1, 2], [0, 2], [-2, 2], [0, 1], [-1, 1], [-1, 0], [0, 3], [-1, 1], [-1, 0], [-1, 1], [-1, 0], [-2, 1], [-4, 0], [-1, 1], [-1, -1], [-1, 0], [-2, -1], [-3, -3], [-1, 0], [-1, 1], [0, 6], [-1, 1], [-1, 0], [0, -1], [-1, -1], [1, -1], [0, -4], [-1, -1], [1, -1], [0, -1], [-1, 1], [-1, 3], [0, 2]], [[71703, 67348], [4, 0], [0, -3], [-4, 1], [0, 2]], [[73453, 64752], [9, -1], [1, -1], [6, -1], [1, -6], [-5, 2], [-3, 3], [-9, 1], [0, 3]], [[73992, 61810], [0, 1], [3, 15], [1, 4], [1, 5], [1, 3], [0, 2], [1, 5], [2, 5], [0, 2], [1, 0], [1, -1], [24, -8], [1, -2], [1, 0], [1, -1], [-1, 0], [0, -2], [-1, -3], [-2, -8], [0, -3], [1, -1], [2, -1], [4, -1], [3, 3], [0, 1], [2, 0], [0, -1], [-3, -10], [0, 0], [-1, 0], [-1, 1], [0, 4], [-5, 2], [-2, -1], [-3, -3], [0, -1], [-3, -12], [-1, -3], [1, 0], [0, -1], [-1, 0], [-1, 1], [-1, -1], [-1, 0], [-1, -1], [-1, 1], [-17, 6], [-3, 1], [-2, 2], [0, 1]], [[74643, 58279], [3, 0], [1, 6], [13, 6], [4, 0], [3, 2], [12, 0], [5, 2], [27, -2], [3, -3], [7, -3], [16, -4], [8, 0], [8, -3], [1, -1], [6, -2], [6, -5], [3, -1], [0, -3], [9, -1], [0, -4], [7, -1], [0, -4], [9, -3], [-1, -3], [14, -7], [4, -1], [-2, -3], [8, -4], [0, -3], [3, 0], [1, -5], [14, -15], [3, -1], [3, -6], [5, -17], [-1, -18], [1, -14], [-1, -22], [-3, 0], [-2, -8], [-1, -1], [-3, -35], [3, -18], [2, -11], [3, -5], [2, -5], [2, -3], [2, -11], [1, -2], [5, -23], [0, -5], [3, -5], [0, -3], [4, -8], [0, -3], [6, -7], [2, -10], [0, -4], [2, -5], [1, -12], [0, -6], [1, -3], [3, -17], [6, -14], [5, -12], [0, -6], [1, -4], [0, -5], [6, -17], [1, -22], [-2, 2], [-2, 16], [-3, 1], [-1, 1], [-4, 16], [-4, 12], [-1, 1], [-3, 10], [-1, 2], [0, 3], [-6, 10], [-3, 4], [-8, 0], [-3, -2], [-4, 0], [-3, 9], [0, 3], [-8, 27], [-1, 1], [-1, 5], [-3, 5], [-1, 8], [-3, 3], [-2, 7], [-3, 17], [-1, 4], [0, 8], [-5, 15], [0, 6], [-9, 34], [-3, 4], [0, 3], [-2, 4], [-5, 3], [-3, 3], [-13, 0], [-4, 5], [-4, 2], [-2, 2], [-4, 6], [-3, 2], [-10, 20], [-3, 4], [-3, 1], [0, 3], [-5, 2], [-2, 3], [-1, 3], [-8, 2], [-10, -1], [-15, 5], [-1, 4], [-3, 4], [-3, 0], [-1, 4], [-3, 4], [-5, 2], [-1, 3], [-1, 1], [-5, 2], [-3, 3], [-13, 7], [-4, 3], [-5, 5], [0, 5], [-3, 5], [-1, 5], [-3, 3], [-4, 15], [0, 3], [-4, 7], [0, 3], [-5, 16], [0, 15], [-1, 0], [0, 10]], [[74897, 57840], [5, 3], [4, -8], [-8, -2], [1, 4], [-2, 1], [0, 2]], [[75099, 57391], [2, 1], [4, 0], [5, -3], [1, -5], [-2, 3], [-10, 2], [0, 2]], [[75111, 57383], [2, 0], [0, -1], [1, -1], [0, -3], [1, 0], [0, -2], [-1, 0], [-2, 4], [-1, 1], [0, 2]], [[75187, 57786], [3, -2], [3, -1], [3, -10], [4, -2], [1, -6], [4, -4], [3, -1], [3, -6], [5, -7], [2, -5], [5, -6], [2, -7], [3, 0], [3, -5], [2, -5], [1, -1], [3, -12], [2, -3], [1, -5], [4, -1], [2, -4], [1, -5], [3, -4], [1, -15], [-2, -5], [-6, -5], [-1, -3], [-2, -2], [-1, 8], [-1, 4], [0, 8], [-1, 10], [-4, 6], [-3, 8], [-4, 7], [-3, 3], [-2, 6], [-11, 13], [-3, 12], [-3, 3], [-4, 18], [-1, 2], [-1, 3], [-2, 0], [-3, 11], [-3, 0], [-1, 4], [-2, 1], [0, 5]], [[76758, 53514], [3, 8], [1, 0], [0, -3], [3, 2], [0, -4], [-3, 0], [0, -5], [2, 0], [0, -4], [-2, 0], [-1, 6], [-3, 0]], [[79764, 52012], [0, 0]], [[79765, 52017], [1, 0], [0, -1], [1, 0], [0, -1], [-1, 0], [0, 1], [-1, 1]], [[79767, 52018], [1, 0], [0, 1], [1, 1], [0, 1], [1, 0], [0, -2], [-1, 0], [0, 0], [-1, 0], [0, -1], [-1, 0]], [[79770, 52062], [0, 1], [1, -1], [0, 0], [-1, 0]], [[79802, 52187], [0, 3], [1, 0], [0, -2], [2, -2], [-1, -1], [-1, -2], [0, 4], [-1, 0]], [[79817, 52196], [0, 0]], [[79818, 52106], [1, 0], [0, -1], [-1, 0], [0, 1]], [[79819, 52106], [1, 1], [0, -1], [-1, 0]], [[79821, 52108], [0, 0]], [[79824, 52112], [0, 0]], [[79827, 52153], [0, 1], [1, 0], [0, -2], [-1, 0], [0, 1]], [[79827, 52117], [1, 0], [0, -1], [-1, 1]], [[79831, 52150], [0, 1], [1, 1], [0, -1], [-1, -1]], [[79832, 52124], [0, 1], [1, 0], [0, 1], [1, 0], [0, -1], [-1, -1], [-1, 0]], [[79835, 52128], [0, 2], [1, 1], [0, -1], [1, 1], [0, -1], [-1, -1], [0, -1], [-1, -1], [0, 1]], [[79847, 52151], [1, 1], [2, 0], [0, -1], [-3, 0]], [[79898, 52270], [1, 0], [0, -1], [-1, 0], [0, 1]], [[79901, 52278], [0, 4], [1, 0], [0, -1], [2, 1], [-1, 2], [1, -1], [1, 1], [0, 3], [2, -1], [0, -4], [-2, -1], [0, -1], [-1, -2], [0, -3], [-1, -1], [-1, 1], [0, 1], [-1, 2]], [[79909, 52292], [1, 0], [1, -2], [0, -3], [-1, 0], [-1, 2], [0, 3]], [[79915, 52290], [5, -8], [0, -2], [2, -2], [-1, -1], [0, -1], [1, -1], [-1, -1], [0, -1], [-2, 2], [-1, 0], [-1, 2], [1, 1], [0, 5], [-3, 5], [0, 2]], [[79976, 52289], [1, 0], [0, 2], [-1, 0], [0, 1], [1, 0], [0, -1], [1, -1], [-1, -1], [-1, 0]], [[79987, 52292], [0, 2], [1, 0], [0, -3], [-1, 0], [0, 1]], [[79992, 52289], [0, 1], [1, 0], [0, -4], [-1, 2], [0, 1]], [[80100, 52136], [0, 1], [1, 0], [0, -2], [1, 0], [1, -1], [0, -1], [1, -1], [0, -2], [-1, 0], [0, 1], [-2, 1], [0, 2], [-1, 2]]]}